sector,price,super_area,bedrooms,bathroom,balcony,age_possession,servant_room,luxury_category,parking,building_type
jharsa,0.7,1278.0,2,2,2,1 to 5 year old,0,medium,1,low-rise
sohna,0.38,682.3525999999999,2,2,2,1 to 5 year old,0,medium,2,mid-rise
sector 71,1.35,1198.0,2,2,2,10+ year old,0,high,1,mid-rise
sector 82,3.4,3240.0,4,4,2,0 to 1 year old,1,medium,2,low-rise
sohna,0.95,1065.0,2,2,2,0 to 1 year old,0,low,1,low-rise
sector 89,1.26,1698.32,2,2,2,0 to 1 year old,0,medium,1,low-rise
sector 86,0.75,826.4399999999999,2,2,2,0 to 1 year old,0,low,0,mid-rise
sector 102,0.52,607.76,2,2,1,1 to 5 year old,0,low,0,mid-rise
sector 37d,2.0,1800.0,3,4,3,1 to 5 year old,1,medium,2,mid-rise
sector 68,0.99,865.0,2,1,2,under construction,0,medium,2,high-rise
sector 67,3.3,2010.0,3,3,3,5 to 10 year old,0,low,1,mid-rise
sector 67,3.3,2854.2,3,3,3,5 to 10 year old,1,medium,3,mid-rise
sector 106,1.15,1125.0,2,2,2,5 to 10 year old,0,medium,0,low-rise
sohna,0.42,921.425,2,2,2,5 to 10 year old,0,medium,2,mid-rise
sector 63a,0.95,819.9221999999999,2,2,1,0 to 1 year old,0,medium,0,mid-rise
sector-33 sohna,1.5,1093.0,3,2,3,1 to 5 year old,0,medium,1,low-rise
sector 68,1.6,1441.0,2,2,2,5 to 10 year old,0,medium,0,mid-rise
sector 70,2.75,2769.0,3,5,3,1 to 5 year old,1,medium,2,mid-rise
sector 69,0.85,746.92,2,2,1,1 to 5 year old,0,medium,0,mid-rise
sector 65,2.8,1928.36,3,3,0,under construction,0,medium,0,high-rise
sector 48,3.25,2574.46,3,3,3+,5 to 10 year old,1,medium,1,mid-rise
sector 37c,0.54,925.0,2,2,1,1 to 5 year old,0,medium,2,mid-rise
sector 37c,0.55,925.0,2,2,1,1 to 5 year old,0,medium,2,mid-rise
sohna,1.31,1512.5,3,2,3+,0 to 1 year old,0,low,1,low-rise
sector 37d,0.7,737.2924,2,2,3,1 to 5 year old,0,medium,2,mid-rise
sector 81,0.39,366.0,1,1,2,1 to 5 year old,0,low,1,low-rise
sector 95,0.7,1128.0,2,2,3+,1 to 5 year old,0,high,1,mid-rise
sector 79,1.6,2172.6,3,3,2,under construction,0,medium,1,low-rise
sector 88a,0.6,900.0,2,2,1,1 to 5 year old,0,medium,1,mid-rise
sector 95a,0.665,808.3208,2,2,2,1 to 5 year old,0,medium,1,mid-rise
sector 82,1.95,1790.0,3,3,2,5 to 10 year old,1,medium,1,mid-rise
sector 93,1.75,1805.0,3,4,2,5 to 10 year old,0,medium,1,mid-rise
ardee city,4.75,1850.0,3,4,3+,10+ year old,1,medium,2,mid-rise
sector 106,2.25,2355.0,4,6,3+,1 to 5 year old,1,high,2,high-rise
sector 61,1.9,1590.4,2,2,2,under construction,0,low,1,low-rise
gwal pahari,1.44,1491.0,2,2,2,0 to 1 year old,0,low,0,low-rise
sector 67,4.6,2906.74,3,3,2,10+ year old,0,medium,2,mid-rise
sector 65,2.65,1261.0,2,2,3,0 to 1 year old,0,medium,0,high-rise
sector 107,0.55,925.0,2,2,2,5 to 10 year old,0,medium,1,mid-rise
sector 66,2.3,2111.54,2,2,2,1 to 5 year old,0,medium,2,mid-rise
sohna,0.7,827.9167999999999,2,2,3,1 to 5 year old,0,medium,0,mid-rise
sector 93,0.62,771.8267999999999,2,2,2,1 to 5 year old,0,low,0,mid-rise
sector 92,0.75,916.0136,3,2,1,0 to 1 year old,0,low,2,mid-rise
sohna,0.3,592.4875,1,1,1,1 to 5 year old,0,medium,1,mid-rise
sohna,1.35,1457.0,2,2,3+,under construction,0,medium,1,mid-rise
sector 37c,2.45,1936.0,4,4,3+,5 to 10 year old,0,high,1,mid-rise
sector 90,0.75,852.0,2,2,2,1 to 5 year old,0,low,1,mid-rise
sector 86,0.9,916.255,3,2,2,0 to 1 year old,0,low,0,mid-rise
sector 83,2.75,1900.0,3,4,3,1 to 5 year old,1,medium,1,mid-rise
sector 37d,2.5,2071.0,3,3,3,under construction,0,low,1,mid-rise
sector 89,1.8,2121.48,3,3,2,under construction,0,medium,0,low-rise
sector 93,1.95,1620.0,3,4,3,0 to 1 year old,0,low,2,low-rise
sector 33,3.0,1570.0,3,3,3,1 to 5 year old,0,medium,0,mid-rise
gwal pahari,12.0,6000.0,4,6,1,0 to 1 year old,1,high,2,high-rise
sector 67,1.6,1086.1,2,1,1,1 to 5 year old,0,medium,0,mid-rise
sector 67,0.85,800.0,2,2,1,1 to 5 year old,0,medium,1,mid-rise
sector 49,4.7,2223.7200000000003,3,3,3,under construction,0,medium,1,high-rise
sector 89,1.65,2121.48,3,3,2,0 to 1 year old,0,medium,1,low-rise
sector 67,0.85,800.0,2,2,1,1 to 5 year old,0,medium,1,mid-rise
sector 70,4.6,3850.0,5,6,3+,1 to 5 year old,1,medium,2,mid-rise
sohna,0.57,746.37,3,2,1,1 to 5 year old,0,medium,0,mid-rise
sector 14,1.2,1775.0,3,3,3+,1 to 5 year old,0,low,2,low-rise
sector 106,1.73,1665.0,3,3,3+,1 to 5 year old,0,high,1,high-rise
sector 1a imt manesar,2.5,3372.5,4,4,3+,0 to 1 year old,1,medium,2,mid-rise
sector 54,7.5,2815.8599999999997,3,3,3,10+ year old,1,high,2,high-rise
sector 63a,0.82,650.0,2,2,2,0 to 1 year old,0,high,1,mid-rise
sector-2 sohna,0.5,893.18,2,2,1,1 to 5 year old,0,medium,1,mid-rise
sector 89,0.65,602.0,2,2,2,1 to 5 year old,0,high,0,mid-rise
sector 83,1.62,2160.0,3,3,3,1 to 5 year old,0,high,3,low-rise
sector 104,1.49,1487.277328,3,4,3+,1 to 5 year old,0,medium,2,mid-rise
sohna,0.65,893.18,2,2,1,0 to 1 year old,0,medium,1,mid-rise
sector 90,0.72,994.0,2,2,1,0 to 1 year old,0,low,2,mid-rise
sohna,0.9,822.0,2,2,3,0 to 1 year old,0,high,2,low-rise
sector 49,3.9,1997.0,3,3,3,under construction,0,medium,2,high-rise
sector 69,2.4,2183.96,3,4,3+,1 to 5 year old,0,medium,0,mid-rise
sector 84,0.68,760.0,2,2,1,1 to 5 year old,0,medium,2,mid-rise
sector 63,4.25,2608.75,3,3,3+,1 to 5 year old,0,medium,2,low-rise
sector 1a imt manesar,1.6,1945.0,3,3,3,1 to 5 year old,1,medium,1,mid-rise
sector 91,2.7,1930.0,3,3,3,5 to 10 year old,0,medium,1,mid-rise
sector 79,2.8,2687.5,3,3,3,0 to 1 year old,1,medium,1,mid-rise
gwal pahari,9.26,4750.0,4,5,3+,under construction,0,medium,3,high-rise
dlf phase 4,5.25,2556.0,4,4,2,0 to 1 year old,1,high,2,low-rise
sector 76,0.95,901.7,2,2,2,1 to 5 year old,0,medium,0,mid-rise
sohna,0.73,1027.5,2,2,3,1 to 5 year old,0,medium,1,low-rise
sector 76,0.86,931.25,2,2,2,1 to 5 year old,0,medium,2,mid-rise
sector 67,0.76,805.0,2,2,1,1 to 5 year old,0,medium,2,mid-rise
sector 67,0.73,800.0,2,2,1,1 to 5 year old,0,medium,2,mid-rise
sector 36 sohna,1.1,1675.6,3,3,3,0 to 1 year old,0,low,3,low-rise
sector 102,0.72,632.0,2,2,1,1 to 5 year old,0,medium,0,mid-rise
sohna,0.54,950.0,2,2,2,1 to 5 year old,0,medium,1,mid-rise
sohna,0.35,539.6,1,1,1,1 to 5 year old,0,medium,1,mid-rise
sohna,0.53,1008.2,2,2,1,1 to 5 year old,0,medium,1,mid-rise
dlf phase 5,13.0,3979.0,4,5,3+,10+ year old,0,medium,2,mid-rise
sector 102,0.78,915.9,3,2,3,1 to 5 year old,0,medium,2,mid-rise
sector 86,2.42,1923.0,3,3,3+,5 to 10 year old,1,high,2,mid-rise
sector 79,0.385,504.9662,1,1,1,0 to 1 year old,0,high,1,high-rise
sector 99,0.65,852.0,2,2,2,0 to 1 year old,0,medium,1,mid-rise
sector 92,1.25,1935.0,3,4,3,1 to 5 year old,1,medium,1,mid-rise
sector 99,3.2,2750.0,3,3,3+,0 to 1 year old,0,high,2,mid-rise
sector 102,0.8,915.9,3,2,2,1 to 5 year old,0,low,2,mid-rise
sector 76,0.845,889.24944,2,2,2,1 to 5 year old,0,medium,1,mid-rise
sector 48,2.1,1785.0,3,3,3,10+ year old,0,medium,1,mid-rise
sector 77,1.28,1342.0,2,2,2,1 to 5 year old,0,medium,1,mid-rise
sector 106,0.5489999999999999,700.0,1,1,1,1 to 5 year old,0,high,1,mid-rise
sector 90,2.7,2556.0,3,3,3,1 to 5 year old,0,medium,1,high-rise
sector 67a,1.95,1335.0,2,2,2,0 to 1 year old,0,medium,1,mid-rise
sector 62,3.14,1495.9274,2,2,2,under construction,0,medium,2,high-rise
sector 37d,3.83,2469.0,3,3,3+,under construction,1,high,2,high-rise
sector 99a,2.2,1997.0,3,5,3,0 to 1 year old,1,medium,1,mid-rise
malibu town,3.15,2500.0,3,3,2,0 to 1 year old,1,medium,2,low-rise
sector 105,0.28,99.4,2,2,1,1 to 5 year old,0,low,1,low-rise
sector 90,2.2,1935.0,3,3,3,5 to 10 year old,0,medium,2,mid-rise
sector 95,0.75,1000.0,3,2,2,0 to 1 year old,0,medium,1,mid-rise
golf course ext road,2.85,3121.16,4,4,3+,0 to 1 year old,0,medium,1,low-rise
sohna,0.4,576.0,2,2,2,1 to 5 year old,0,medium,1,mid-rise
sector 37d,4.0,2469.0,3,3,3,under construction,0,medium,2,high-rise
sohna,0.62,950.0,2,2,2,1 to 5 year old,0,medium,0,mid-rise
sohna,0.42,679.4274,2,2,1,1 to 5 year old,0,medium,1,mid-rise
sector 76,0.87,645.6,2,2,2,1 to 5 year old,0,high,1,mid-rise
sector 37d,0.63,650.0,2,2,3,0 to 1 year old,0,medium,2,high-rise
sector 95,3.96,3514.5,3,4,3,under construction,0,medium,2,high-rise
sector 70a,0.75,836.0,2,2,1,1 to 5 year old,0,medium,0,low-rise
sector 70a,2.08,1512.0,2,2,3+,1 to 5 year old,0,medium,1,mid-rise
sohna,0.56,746.37,3,2,1,1 to 5 year old,0,medium,1,mid-rise
sohna,0.57,713.68,3,2,1,1 to 5 year old,0,medium,2,mid-rise
sohna,0.43,780.0,2,2,2,1 to 5 year old,0,medium,0,mid-rise
sector 106,4.72,2450.0,3,4,3+,under construction,1,low,2,high-rise
sector-33 sohna,1.41,1966.7,2,2,2,0 to 1 year old,0,medium,1,mid-rise
sector-33 sohna,2.09,1929.0,3,3,3,under construction,1,medium,3,mid-rise
sector-33 sohna,2.09,1929.0,3,3,3,under construction,0,medium,3,mid-rise
sector 104,2.0,1736.25,3,2,3,0 to 1 year old,1,medium,1,high-rise
sector 63,2.6,1708.0,3,3,3+,1 to 5 year old,1,high,2,mid-rise
sector 93,0.61,765.9196,2,2,3,0 to 1 year old,0,medium,1,mid-rise
sector 70a,0.77,852.0,2,2,2,1 to 5 year old,0,medium,0,mid-rise
sector-33 sohna,1.55,1022.2,2,2,3,0 to 1 year old,0,high,1,mid-rise
sector 79,3.0,2272.0,3,3,2,under construction,1,high,2,mid-rise
sector 93,0.62,857.2113999999999,2,2,3,0 to 1 year old,0,medium,1,mid-rise
sector 102,3.8,3198.0,4,4,3,1 to 5 year old,1,high,2,high-rise
sector 65,2.24,1395.0,3,4,3,1 to 5 year old,1,medium,2,mid-rise
sector 113,2.71,2406.9,3,3,3+,under construction,1,medium,2,high-rise
dlf phase 5,3.25,1344.0,3,3,2,10+ year old,0,medium,1,mid-rise
sector 63,9.93,3950.0,4,6,3+,under construction,1,medium,3,high-rise
sector 89,4.1,2356.0,3,4,3+,under construction,1,medium,2,high-rise
sector-33 sohna,1.72,1310.0,3,2,3,1 to 5 year old,0,medium,1,low-rise
sector 92,0.7,915.9,3,2,2,1 to 5 year old,0,medium,1,mid-rise
sector 70a,0.705,601.0,2,2,1,5 to 10 year old,0,medium,1,mid-rise
wazirabad,2.5,2650.0,4,4,3+,5 to 10 year old,0,medium,2,mid-rise
sector 36 sohna,1.05,1535.02,3,2,3,0 to 1 year old,0,low,1,low-rise
sector 36 sohna,1.1,1590.4,3,2,3,0 to 1 year old,0,low,0,low-rise
sector 62,6.0,2588.79,3,3,3+,1 to 5 year old,1,medium,2,high-rise
sector 37d,4.25,2623.0,3,4,3,under construction,1,medium,2,high-rise
sector 104,1.65,1099.0,2,2,2,under construction,0,medium,1,high-rise
sohna,1.75,1527.0,3,3,2,0 to 1 year old,0,medium,2,mid-rise
sector 49,6.8,2777.0,4,4,1,under construction,0,medium,2,high-rise
sector 71,2.1,1620.0,3,3,3+,5 to 10 year old,0,medium,1,mid-rise
sector 108,2.0,2450.0,2,2,3+,5 to 10 year old,0,medium,4,mid-rise
sector 48,3.85,1418.0,2,2,3+,5 to 10 year old,0,high,2,mid-rise
sector 93,0.65,800.0,2,2,3,0 to 1 year old,0,medium,1,mid-rise
sector 90,1.69,2769.0,3,4,3,0 to 1 year old,1,medium,2,mid-rise
sector 3,1.6,1295.8351999999998,2,2,3,under construction,0,high,1,mid-rise
sector 99a,0.52,632.6525999999999,2,2,1,1 to 5 year old,0,low,1,mid-rise
sector 62,10.16,5224.0,4,7,3+,under construction,0,medium,2,high-rise
sector 68,2.5,2321.7,3,3,3,0 to 1 year old,0,low,0,mid-rise
sector 89,1.9,2125.0,4,4,3,1 to 5 year old,1,high,2,mid-rise
sector 36 sohna,1.15,1400.0,3,2,2,0 to 1 year old,0,medium,1,low-rise
nirvana country,2.67,1816.0,3,2,2,5 to 10 year old,1,medium,3,mid-rise
sector 79,2.05,2198.16,3,3,2,under construction,0,medium,1,low-rise
sector 69,2.9,1600.0,3,3,2,5 to 10 year old,0,medium,2,mid-rise
sector 37d,1.8,1520.0,3,2,3+,1 to 5 year old,0,medium,1,mid-rise
sector 37d,4.34,3724.66,3,3,3,under construction,0,medium,0,high-rise
sector 108,1.45,1283.0,2,3,3,1 to 5 year old,1,medium,2,mid-rise
sector 102,0.76,850.0,3,3,2,1 to 5 year old,0,high,1,mid-rise
sector 62,3.6,1242.5,2,2,3,under construction,0,medium,2,mid-rise
sector 86,1.15,1690.0,3,2,1,0 to 1 year old,0,medium,1,mid-rise
sector 68,2.2,2139.94,2,2,3,1 to 5 year old,0,medium,1,mid-rise
sector 95a,0.6,729.88,2,3,2,1 to 5 year old,0,low,0,mid-rise
sector 77,1.32,1342.0,2,2,2,1 to 5 year old,0,medium,0,mid-rise
sector 66,2.91,1895.0,3,4,3,1 to 5 year old,1,medium,2,mid-rise
sector 93,1.7,1805.0,3,4,3,5 to 10 year old,0,high,2,mid-rise
sohna,0.67,583.0,2,2,2,1 to 5 year old,0,medium,0,mid-rise
sector 86,0.67,856.8421999999999,2,2,2,1 to 5 year old,0,medium,0,mid-rise
sector 67a,0.85,839.2199999999999,2,2,1,0 to 1 year old,0,medium,1,mid-rise
sector 89,1.78,1494.0,3,3,2,0 to 1 year old,0,medium,1,low-rise
sector 81,1.25,1526.5,2,2,2,0 to 1 year old,0,medium,1,low-rise
sector 81,0.405,366.0,1,1,2,5 to 10 year old,0,low,1,low-rise
sector 113,3.45,2225.0,3,3,3,5 to 10 year old,0,medium,2,high-rise
sector 102,2.65,1852.0,3,3,2,0 to 1 year old,0,medium,1,high-rise
sector 69,2.5,2419.68,3,3,3+,0 to 1 year old,0,medium,1,high-rise
old dlf colony,1.25,1775.0,3,3,1,1 to 5 year old,0,low,1,low-rise
sector 106,6.5,4366.5,4,4,3+,under construction,0,low,0,high-rise
sector-33 sohna,1.57,2372.8199999999997,3,2,3,under construction,0,high,1,mid-rise
sector 104,3.55,2861.25,4,4,3,under construction,0,medium,0,high-rise
sector-33 sohna,1.7,1556.0,3,2,3+,under construction,0,medium,1,mid-rise
sector 82,3.3,2535.0,4,4,3+,5 to 10 year old,1,high,1,mid-rise
sector 37c,1.95,1840.0,3,3,3,under construction,0,medium,1,mid-rise
sector 83,1.55,1207.0,3,2,2,under construction,0,medium,2,high-rise
sector 107,1.64,2181.12,2,2,3+,1 to 5 year old,0,medium,1,mid-rise
sector 70a,2.11,2504.88,3,2,0,1 to 5 year old,0,medium,1,low-rise
sohna,0.45,664.56,2,2,2,1 to 5 year old,0,medium,0,mid-rise
sector 48,3.25,1880.0,3,3,3,10+ year old,1,medium,2,mid-rise
nawada fatehpur,2.3,1929.0,3,3,1,1 to 5 year old,0,high,2,mid-rise
sector 49,4.9,1993.0,3,3,2,under construction,0,high,3,high-rise
sector 77,2.85,2000.0,3,3,3+,1 to 5 year old,1,medium,1,high-rise
sector 70a,2.5,2016.4,2,2,3,1 to 5 year old,0,high,1,mid-rise
sector 49,6.25,2085.2842,4,4,3,under construction,1,medium,2,high-rise
sector 79,1.85,1945.0,3,3,3,1 to 5 year old,0,medium,1,mid-rise
sector-2 sohna,0.78,1200.0,2,2,3,under construction,0,medium,1,mid-rise
sector 89,0.85,899.8824,2,2,3,under construction,0,medium,0,high-rise
sector 83,1.8,1435.0,2,2,2,5 to 10 year old,0,medium,1,mid-rise
sector 102,2.59,1827.0,3,3,3,0 to 1 year old,0,medium,1,mid-rise
sector 81,6.0,5964.0,5,6,3+,1 to 5 year old,0,medium,0,high-rise
sector 107,0.55,925.0,2,2,2,1 to 5 year old,0,medium,1,mid-rise
sector 93,0.65,857.2113999999999,2,2,3,0 to 1 year old,0,medium,2,mid-rise
sector 79,2.25,2357.2,3,3,3,under construction,0,low,1,low-rise
sector 109,1.92,2177.0,3,4,3,5 to 10 year old,1,high,2,mid-rise
sector 67,3.8,2685.0,4,5,3,0 to 1 year old,1,medium,4,mid-rise
sector 89,1.41,1566.26,2,2,2,under construction,0,medium,1,low-rise
sector 107,0.58,694.38,2,2,2,5 to 10 year old,0,low,0,mid-rise
sector 80,1.71,1821.0,3,3,3+,5 to 10 year old,0,medium,1,mid-rise
sector 37d,2.2,1831.0,3,3,3,1 to 5 year old,0,medium,4,mid-rise
sector 95,1.75,1750.0,3,3,3+,1 to 5 year old,0,medium,1,mid-rise
sector 72,2.25,2085.0,3,4,3+,5 to 10 year old,1,high,2,mid-rise
sector 65,2.85,1959.6,3,3,3+,0 to 1 year old,1,medium,0,low-rise
sector 99,4.25,3360.0,4,4,3+,0 to 1 year old,1,medium,3,mid-rise
sector 89,0.7,835.7836,2,2,3,1 to 5 year old,0,low,0,mid-rise
sector 59,9.4,3600.0,4,4,3+,1 to 5 year old,0,high,3,high-rise
sector 59,6.7,4295.5,3,4,3+,1 to 5 year old,1,high,2,high-rise
sector 47,1.5,973.0,2,2,2,5 to 10 year old,0,medium,0,mid-rise
sector 55,2.45,3053.0,4,4,3,5 to 10 year old,0,medium,2,mid-rise
sector 3,1.5,1444.0,2,2,3,0 to 1 year old,0,medium,1,mid-rise
sector 79,1.65,1351.0,2,2,3,1 to 5 year old,0,medium,1,mid-rise
sector 90,0.71,626.0,2,2,1,1 to 5 year old,0,low,2,mid-rise
sector 84,0.83,1125.0,2,2,2,1 to 5 year old,0,medium,0,mid-rise
sector 102,2.38,2025.0,3,4,3+,1 to 5 year old,1,high,1,mid-rise
sector 104,1.8,1929.78,3,2,2,under construction,0,medium,1,high-rise
sector 95,0.62,916.3118,2,2,2,1 to 5 year old,0,medium,1,mid-rise
sector 65,3.3,1828.0,3,3,3,0 to 1 year old,0,medium,1,high-rise
sector 65,2.33,1261.0,2,2,3,0 to 1 year old,0,medium,1,high-rise
sector 65,3.31,1828.0,3,3,3,0 to 1 year old,0,medium,1,high-rise
sector 65,3.8,2054.0,3,3,3,5 to 10 year old,1,medium,1,high-rise
sector 104,3.5,2450.0,3,4,3,1 to 5 year old,1,medium,1,high-rise
sector 65,3.77,2040.0,3,3,3,0 to 1 year old,1,medium,1,high-rise
badha,2.35,1929.0,3,3,1,1 to 5 year old,0,medium,2,mid-rise
sector 108,2.65,1381.0,2,2,2,1 to 5 year old,0,high,1,high-rise
sector 61,2.65,1700.0,3,3,3,1 to 5 year old,0,medium,1,high-rise
dlf phase 4,5.5,2040.0,3,4,3,10+ year old,1,high,2,mid-rise
sector 54,9.45,3402.0,4,5,3,10+ year old,1,high,2,mid-rise
sector 54,7.95,2318.0,3,3,3,10+ year old,1,high,2,high-rise
sector 68,1.51,1245.0,2,2,3,0 to 1 year old,0,high,1,high-rise
sector 106,2.6,2307.5,3,2,3+,0 to 1 year old,0,high,2,high-rise
sector-33 sohna,2.08,2834.3199999999997,3,4,3+,0 to 1 year old,0,high,2,mid-rise
sector 37c,1.52,1820.0,3,3,3,0 to 1 year old,0,high,2,mid-rise
sector 37d,1.52,1770.0,3,3,3+,1 to 5 year old,0,medium,1,mid-rise
sector 53,7.0,2645.0,3,4,3+,5 to 10 year old,1,high,1,mid-rise
sector 53,9.0,3390.0,4,5,3+,5 to 10 year old,1,high,2,mid-rise
sector 53,6.5,3495.0,4,5,3+,5 to 10 year old,1,high,2,mid-rise
sector 85,2.9,3023.18,3,4,3+,0 to 1 year old,0,high,2,high-rise
sector 37d,1.65,1520.0,3,2,3+,0 to 1 year old,0,high,2,mid-rise
sector 37d,1.06,1380.0,2,2,3,0 to 1 year old,0,high,2,mid-rise
sector 99,1.8,1890.0,3,4,3+,0 to 1 year old,1,high,3,mid-rise
sector 67,6.1,2847.0,4,5,3+,5 to 10 year old,1,high,2,mid-rise
sector 61,2.85,2199.58,3,3,3,1 to 5 year old,0,medium,1,low-rise
sector 61,2.8,1627.0,3,3,3+,1 to 5 year old,0,medium,2,low-rise
sector 102,3.5,3198.0,4,4,3+,1 to 5 year old,1,high,2,high-rise
sector 81,5.1,2872.0,4,4,3+,1 to 5 year old,1,high,3,high-rise
sector 67a,2.01,1485.0,2,2,3+,5 to 10 year old,0,medium,1,mid-rise
sector 81,3.95,2982.0,3,3,3+,5 to 10 year old,0,medium,2,high-rise
sector 69,2.35,1704.0,3,3,3+,0 to 1 year old,0,high,2,high-rise
sector 1a imt manesar,1.4,1959.0,3,4,2,1 to 5 year old,1,medium,1,mid-rise
sector 112,4.2,2441.0,2,2,2,1 to 5 year old,0,high,1,high-rise
sector 113,3.8,2691.0,3,4,3,0 to 1 year old,1,medium,1,high-rise
sector 107,1.38,1534.0,2,2,3,1 to 5 year old,0,medium,1,mid-rise
sector 90,2.49,2364.0,4,4,3+,1 to 5 year old,1,medium,1,mid-rise
sector 102,1.95,1650.0,3,3,3,5 to 10 year old,0,medium,1,mid-rise
sector 102,1.9,1650.0,3,3,3,1 to 5 year old,1,high,1,mid-rise
sector 113,2.35,1573.0,2,2,3,1 to 5 year old,0,medium,1,high-rise
sector 109,7.9,3493.0,4,5,3+,1 to 5 year old,1,high,2,low-rise
sector 108,2.3,2003.0,3,4,3+,1 to 5 year old,1,high,1,mid-rise
sector 104,3.5,2450.0,3,4,3+,1 to 5 year old,1,medium,2,high-rise
sector 61,3.2,1795.0,3,3,3,5 to 10 year old,0,high,1,high-rise
sector 66,7.6,3758.0,4,4,3+,1 to 5 year old,1,high,2,mid-rise
sector 81,0.88,1043.7,3,2,3,5 to 10 year old,0,medium,1,mid-rise
sector 81,0.45,422.0,1,2,2,5 to 10 year old,0,medium,1,mid-rise
sector 81,0.75,633.0,2,2,1,5 to 10 year old,0,medium,1,mid-rise
sector 81,0.69,657.0,2,2,1,5 to 10 year old,0,medium,1,mid-rise
sector 81,0.68,617.0,2,2,1,5 to 10 year old,0,medium,1,mid-rise
sector 1a imt manesar,1.4,2250.0,3,3,3,5 to 10 year old,1,medium,1,mid-rise
sector 72,6.05,3300.0,4,5,3+,1 to 5 year old,1,high,2,mid-rise
sector 83,1.85,1735.0,3,3,2,5 to 10 year old,0,medium,1,mid-rise
sector 69,2.35,1578.0,3,3,2,1 to 5 year old,0,medium,1,mid-rise
sector 90,2.0,1719.0,3,3,3,1 to 5 year old,0,high,1,high-rise
sector 66,2.75,1920.0,3,4,2,5 to 10 year old,1,high,2,mid-rise
sector 103,1.48,1481.0,2,2,3+,1 to 5 year old,0,medium,2,mid-rise
sector 59,8.39,3395.0,4,4,3,0 to 1 year old,1,medium,1,high-rise
sector 51,2.65,2920.0,4,4,3+,5 to 10 year old,0,medium,2,mid-rise
sector 47,2.35,2600.0,4,4,3+,10+ year old,1,medium,2,mid-rise
dlf phase 5,8.0,2500.0,4,5,3,5 to 10 year old,1,medium,2,mid-rise
sector 28,9.9,3300.0,4,4,2,10+ year old,1,medium,2,mid-rise
suncity,2.9,2000.0,3,4,3,1 to 5 year old,1,medium,2,mid-rise
sector 85,1.7,1772.0,2,2,3,1 to 5 year old,0,high,1,high-rise
garauli khurd,2.18,1811.0,3,3,3,1 to 5 year old,0,high,2,mid-rise
garauli khurd,1.4,1603.0,3,3,3+,0 to 1 year old,0,high,2,mid-rise
sector 81,4.81,2872.0,4,4,3+,1 to 5 year old,1,high,3,high-rise
sector 48,3.15,1860.0,3,4,3+,5 to 10 year old,1,medium,0,mid-rise
sector 36a,4.85,2538.0,3,3,3+,1 to 5 year old,1,high,2,high-rise
sector 81,4.73,2872.0,4,4,3+,1 to 5 year old,1,high,3,high-rise
sector 86,2.17,1929.0,3,4,3+,1 to 5 year old,0,high,2,mid-rise
sector 102,3.68,3200.0,4,4,3+,1 to 5 year old,1,medium,3,mid-rise
sector 104,2.65,2290.0,3,4,3+,1 to 5 year old,1,medium,3,high-rise
sector 113,3.1,2217.0,3,3,3,1 to 5 year old,1,high,2,high-rise
sector 113,1.9,1276.0,2,2,3,0 to 1 year old,0,medium,2,mid-rise
sector 113,2.52,1580.0,2,2,2,1 to 5 year old,0,high,1,high-rise
sector 113,2.55,1580.0,2,2,3,1 to 5 year old,0,medium,3,high-rise
sector 103,1.93,1900.0,3,3,3+,1 to 5 year old,0,medium,0,mid-rise
sector 102,2.39,1852.0,3,3,3+,1 to 5 year old,0,medium,1,high-rise
sector 104,3.38,2450.0,3,4,3+,1 to 5 year old,1,medium,2,high-rise
sector 91,2.0,1930.0,3,3,3,5 to 10 year old,0,high,1,mid-rise
sector 91,2.05,1930.0,3,3,3,5 to 10 year old,0,high,1,mid-rise
sector 90,2.4,2364.0,4,4,3+,1 to 5 year old,1,high,1,mid-rise
sector 92,1.65,1883.0,4,3,2,5 to 10 year old,0,medium,2,mid-rise
sector 68,1.6,1260.0,2,2,3,1 to 5 year old,0,high,2,mid-rise
sector 68,2.8,1947.0,3,3,3+,1 to 5 year old,0,low,2,high-rise
sector 65,3.19,2343.0,3,3,3+,1 to 5 year old,1,high,3,mid-rise
sector 65,3.7,4473.0,4,3,3,1 to 5 year old,0,high,1,low-rise
sector 65,3.79,2804.5,4,4,3+,1 to 5 year old,1,high,2,mid-rise
sector 65,3.99,4260.0,4,3,3+,1 to 5 year old,1,high,2,low-rise
sector 65,3.69,2804.5,4,4,3+,1 to 5 year old,1,high,2,mid-rise
sector 65,3.9,2700.0,4,3,3,1 to 5 year old,1,high,2,low-rise
sector 65,3.65,2804.5,4,4,3+,1 to 5 year old,1,high,2,mid-rise
sector 65,3.7,2804.5,4,4,3+,1 to 5 year old,1,high,1,mid-rise
sector 65,3.99,2804.5,4,4,3+,1 to 5 year old,1,high,3,mid-rise
sector 70,1.75,1250.0,2,2,3,1 to 5 year old,0,high,1,mid-rise
sector 70,2.7,2150.0,3,3,3,1 to 5 year old,1,high,1,mid-rise
sector 65,3.91,2804.5,4,4,3,1 to 5 year old,1,high,2,low-rise
sector 65,3.11,2343.0,3,3,3,1 to 5 year old,1,high,1,mid-rise
sector 65,2.55,2272.0,3,3,3,1 to 5 year old,0,high,1,mid-rise
sector 65,3.05,2343.0,3,3,3,1 to 5 year old,1,high,2,mid-rise
sector 65,3.09,2343.0,3,3,3,1 to 5 year old,1,high,2,mid-rise
sector 65,2.86,2485.0,4,3,3,1 to 5 year old,1,high,2,low-rise
sector 83,2.84,1900.0,3,4,3,1 to 5 year old,1,medium,2,mid-rise
sector 79,2.48,2366.0,3,4,3+,0 to 1 year old,1,medium,2,mid-rise
sector 86,2.4,1929.0,3,3,3+,1 to 5 year old,0,medium,2,mid-rise
sector 53,4.2,1980.0,3,3,3,0 to 1 year old,1,high,2,mid-rise
sector 67,4.2,2685.0,4,5,3+,5 to 10 year old,1,medium,2,mid-rise
sector 61,3.6,2060.0,3,3,3,1 to 5 year old,1,medium,2,high-rise
sector 63a,3.8,3200.0,3,3,2,0 to 1 year old,1,medium,2,low-rise
sector 54,14.5,4200.0,4,4,3+,1 to 5 year old,1,high,2,high-rise
sector 54,14.2,4200.0,4,4,3,5 to 10 year old,1,high,2,high-rise
sector 59,7.3,3025.0,3,4,3,1 to 5 year old,1,medium,2,high-rise
sector 99,2.05,3443.5,4,4,3+,0 to 1 year old,1,medium,2,mid-rise
sector 59,5.0,2095.0,3,4,3+,0 to 1 year old,1,high,0,high-rise
sector 37c,1.54,1820.0,3,3,3,0 to 1 year old,0,medium,1,mid-rise
sector 106,1.45,1385.0,2,2,3+,1 to 5 year old,0,medium,2,high-rise
sector 99,2.1,2425.0,4,4,3,0 to 1 year old,1,medium,2,mid-rise
sohna,1.7,1751.0,3,3,3,1 to 5 year old,0,high,2,mid-rise
sector 90,1.7,1875.0,3,4,3,1 to 5 year old,1,high,3,mid-rise
sector 95,0.59,779.8072,2,2,1,1 to 5 year old,0,medium,0,mid-rise
sector-33 sohna,2.87,2134.0,3,3,3+,1 to 5 year old,1,medium,2,mid-rise
sector-33 sohna,2.52,1789.0,3,3,3+,0 to 1 year old,0,high,1,mid-rise
sector 79,2.45,2050.0,3,3,3+,0 to 1 year old,1,high,2,mid-rise
sector 79,2.58,2150.0,3,4,3,0 to 1 year old,1,high,2,mid-rise
sector 81,3.44,2660.0,3,4,3+,1 to 5 year old,1,high,2,mid-rise
sector 37d,1.58,1303.0,3,3,3+,1 to 5 year old,0,high,1,mid-rise
sector 63,3.2,1717.0,3,4,3+,1 to 5 year old,0,medium,2,mid-rise
sector 67,4.5,2635.0,3,3,3,1 to 5 year old,1,high,2,mid-rise
sector 102,2.6,1852.0,3,3,3,0 to 1 year old,0,medium,1,high-rise
sector 109,4.18,3045.0,4,5,3+,1 to 5 year old,1,high,2,mid-rise
sector 109,2.85,2095.0,3,4,3,1 to 5 year old,1,high,1,mid-rise
sector 110,4.7,3400.0,4,5,3,1 to 5 year old,1,high,2,mid-rise
sector 37d,2.65,2450.0,4,4,3+,1 to 5 year old,1,high,1,mid-rise
sector 37d,2.58,2191.0,4,3,3+,0 to 1 year old,0,high,1,mid-rise
sector 65,3.1,1650.0,3,3,3,1 to 5 year old,1,low,1,mid-rise
sector 65,3.67,2804.5,4,4,3,1 to 5 year old,1,medium,2,mid-rise
pocket h nirvana country,1.65,1336.0,2,2,2,5 to 10 year old,0,high,3,mid-rise
sector 70a,3.5,2150.0,3,3,3,1 to 5 year old,0,high,2,high-rise
sector 86,2.0,1930.0,3,3,3+,1 to 5 year old,0,high,2,mid-rise
sector 85,1.75,1741.0,2,2,3,1 to 5 year old,0,medium,1,high-rise
sohna,1.42,1500.0,2,2,2,0 to 1 year old,0,high,4,mid-rise
sector 79,1.75,1490.0,3,3,3,1 to 5 year old,0,high,1,high-rise
sector 68,1.8,1483.0,3,2,3,0 to 1 year old,0,medium,1,high-rise
sector 95a,0.586,730.2633999999999,2,2,2,1 to 5 year old,0,medium,1,mid-rise
sector 70,2.38,1950.0,3,5,3,1 to 5 year old,1,medium,1,mid-rise
sector 70,1.8,1350.0,2,2,3,1 to 5 year old,0,medium,1,mid-rise
sector 66,4.0,1950.0,3,3,2,5 to 10 year old,1,high,2,mid-rise
sector 66,5.49,2410.0,4,5,3+,5 to 10 year old,1,high,2,mid-rise
sector 69,2.38,1704.0,3,3,3+,0 to 1 year old,0,high,1,high-rise
sector 69,2.36,1704.0,3,3,3+,0 to 1 year old,0,high,0,high-rise
sector 69,2.34,1704.0,3,3,3+,0 to 1 year old,0,medium,1,high-rise
sector 69,2.32,1704.0,3,3,2,0 to 1 year old,0,medium,1,high-rise
sector 66,3.9,2100.0,4,4,3,5 to 10 year old,1,high,2,mid-rise
sector 66,2.3,1287.0,2,2,2,5 to 10 year old,0,high,2,mid-rise
sector 90,0.72,636.0,2,2,1,0 to 1 year old,0,low,1,mid-rise
sector 79,1.99,1490.0,3,3,3,1 to 5 year old,0,medium,1,high-rise
sector 93,5.0,6029.32,4,6,2,10+ year old,0,medium,2,mid-rise
sector 81,5.15,3470.0,4,6,3,1 to 5 year old,1,medium,2,high-rise
sector 93,1.8,1562.0,3,3,2,under construction,0,low,2,low-rise
sector 79,1.73,1336.0,2,2,2,under construction,0,medium,1,low-rise
sector 63,9.5,3950.0,4,6,3,under construction,1,medium,2,high-rise
sector 89,1.7,1263.8,3,3,2,0 to 1 year old,0,medium,1,low-rise
sector 86,1.69,1690.0,3,2,1,1 to 5 year old,0,medium,2,mid-rise
sector 90,0.67,626.0,2,2,1,1 to 5 year old,0,medium,1,mid-rise
sector 81,0.43,380.0,1,1,2,1 to 5 year old,0,medium,0,low-rise
sector 49,3.6,1890.0,3,3,3,5 to 10 year old,0,medium,1,mid-rise
sector 89 a,0.73,821.754,2,2,1,1 to 5 year old,0,medium,0,mid-rise
sector 76,5.34,3680.0,4,3,3+,under construction,1,high,1,high-rise
sector 99,1.78,2648.2999999999997,3,3,3+,0 to 1 year old,1,high,3,mid-rise
sector 67a,0.7829999999999999,994.0,2,2,2,1 to 5 year old,0,medium,1,mid-rise
sector 67a,0.81,900.0,2,2,1,1 to 5 year old,0,high,2,mid-rise
sector 69,1.49,1882.92,3,2,3,1 to 5 year old,0,medium,1,mid-rise
sector 108,1.65,1838.0,3,3,3,1 to 5 year old,0,medium,1,mid-rise
sector 109,2.65,1955.0,3,4,3+,1 to 5 year old,1,medium,1,mid-rise
sector 83,1.7,1735.0,3,3,2,5 to 10 year old,0,medium,1,mid-rise
dlf phase 2,3.38,1701.0,4,4,2,10+ year old,0,medium,1,mid-rise
sector 77,2.7,1950.0,4,4,3+,1 to 5 year old,1,medium,2,mid-rise
sector 59,7.5,4295.5,3,4,3+,under construction,0,high,2,high-rise
sector 86,2.1,2101.6,2,2,3,1 to 5 year old,0,medium,1,mid-rise
sector 65,9.5,3888.0,3,3,3+,1 to 5 year old,1,high,4,high-rise
sector 95,2.4,2150.0,4,3,3+,1 to 5 year old,0,medium,1,mid-rise
sector 103,1.6,1991.0,3,4,3+,1 to 5 year old,1,medium,1,mid-rise
sector 31,5.49,2943.0,4,6,3+,5 to 10 year old,1,medium,2,mid-rise
sohna,0.7,827.9167999999999,2,2,2,1 to 5 year old,0,low,0,mid-rise
sector 104,2.55,1689.0,3,3,3,under construction,0,medium,0,high-rise
sector 107,0.38,349.51,1,1,1,5 to 10 year old,0,low,2,low-rise
sector 3,1.65,2050.48,2,2,3,under construction,0,medium,0,mid-rise
sector 69,1.34,1671.25,3,3,2,under construction,1,medium,1,mid-rise
sector 36a,1.03,950.0,2,2,2,1 to 5 year old,0,medium,1,mid-rise
sector 37d,3.3,3071.46,3,3,3+,under construction,1,medium,4,high-rise
sector 49,3.85,1993.0,3,3,2,under construction,0,low,2,high-rise
sector 110 a,3.5,2397.0,4,4,3+,5 to 10 year old,1,medium,2,mid-rise
sector 60,4.67,2103.0,3,4,3,5 to 10 year old,1,medium,2,mid-rise
sector 89,1.37,1644.36,2,2,3,under construction,0,medium,1,low-rise
sector 89,3.7,4031.0,5,7,3+,5 to 10 year old,1,medium,3,mid-rise
sector 66,3.1,2690.9,3,4,3,5 to 10 year old,0,medium,1,mid-rise
sector 93,4.25,4293.75,5,6,3+,1 to 5 year old,0,medium,2,mid-rise
sector 86,1.93,1930.0,3,3,3,1 to 5 year old,1,medium,1,mid-rise
sector 89,1.7,2020.66,3,3,2,under construction,0,medium,1,low-rise
sector 102,2.2,2315.0,3,2,3+,1 to 5 year old,0,medium,1,high-rise
sector 86,1.18,1690.0,3,2,1,1 to 5 year old,0,medium,1,mid-rise
sector 89 a,2.65,2505.0,4,4,3,0 to 1 year old,1,medium,2,mid-rise
sector 69,1.16,1562.0,2,2,2,under construction,0,medium,0,mid-rise
sector 93,2.05,2291.88,3,4,3,0 to 1 year old,1,medium,2,low-rise
sector 37d,1.45,2029.18,2,2,2,0 to 1 year old,0,medium,2,mid-rise
sector 70,2.5,1950.0,3,5,3,1 to 5 year old,1,medium,1,mid-rise
sector 113,4.3,3692.0,4,4,3+,under construction,1,medium,2,high-rise
sector 65,12.5,4992.0,5,5,3+,1 to 5 year old,1,high,4,high-rise
sector 104,3.8,2256.38,4,4,3,under construction,0,medium,0,high-rise
sector 66,4.1,1950.0,3,3,3,5 to 10 year old,1,medium,2,mid-rise
sector 37d,0.67,846.4903999999999,2,2,3,1 to 5 year old,0,medium,2,mid-rise
sector 89,1.8,1494.0,3,3,2,under construction,0,medium,1,low-rise
sector 103,0.4195,511.2,1,1,2,1 to 5 year old,0,low,1,mid-rise
sector 89,3.1,2485.0,3,3,2,under construction,0,medium,1,high-rise
sector 111,2.3,2049.0,3,3,3,0 to 1 year old,0,high,1,mid-rise
sector-35 sohna,1.4,1500.0,2,2,3,0 to 1 year old,0,high,3,mid-rise
sector 103,3.0,2875.0,4,3,3,1 to 5 year old,1,medium,2,mid-rise
sector 84,2.3,2250.0,3,5,3+,5 to 10 year old,1,high,2,mid-rise
sohna,1.5,2044.8,3,3,3+,0 to 1 year old,0,medium,2,low-rise
sector 108,1.5,1833.0,3,3,3+,5 to 10 year old,0,medium,1,mid-rise
sector 67,6.5,3130.0,4,4,3,1 to 5 year old,0,high,2,high-rise
sector 109,2.45,2150.0,3,4,3+,1 to 5 year old,1,medium,1,high-rise
sector 83,1.43,1245.0,2,2,2,5 to 10 year old,0,high,2,mid-rise
sector 107,0.66,694.38,2,2,2,1 to 5 year old,0,medium,2,mid-rise
sector 95,1.45,2059.0,3,2,3,under construction,0,low,1,low-rise
sector 3,2.9,3775.78,4,4,3+,under construction,0,medium,2,mid-rise
dlf phase 5,3.6,1917.0,3,3,2,10+ year old,0,medium,3,mid-rise
sohna,1.33,1813.75,2,3,3+,1 to 5 year old,0,high,2,mid-rise
sector 76,3.5,2290.0,3,2,1,under construction,0,low,1,high-rise
sector 84,2.19,1890.0,3,3,2,1 to 5 year old,0,medium,1,mid-rise
sector 63,9.7,3950.0,4,6,3,under construction,1,medium,2,high-rise
sector 37c,2.2,3692.0,4,6,3+,0 to 1 year old,1,medium,3,mid-rise
sector 70,1.1,915.9,3,2,2,under construction,0,medium,0,mid-rise
sector 79,2.0,1895.7,3,3,2,under construction,0,medium,2,low-rise
sector 102,2.52,2115.0,3,3,2,under construction,0,medium,1,mid-rise
sector 108,4.73,2423.0,4,4,3+,under construction,0,high,2,high-rise
sector 77,7.0,3577.0,4,4,2,under construction,1,high,2,high-rise
sector 67a,2.4,1727.0,3,4,2,1 to 5 year old,0,medium,2,mid-rise
sector 66,2.25,1472.0,2,3,3,1 to 5 year old,1,medium,2,high-rise
sector 66,3.0,1815.0,3,4,3+,1 to 5 year old,1,medium,1,high-rise
sector 49,6.5,3943.34,4,4,3+,under construction,1,medium,2,high-rise
sector 66,2.2,1472.0,2,2,3,5 to 10 year old,1,medium,2,high-rise
sector 66,3.1,1872.0,3,3,3,5 to 10 year old,1,medium,1,high-rise
gwal pahari,1.95,2087.4,3,3,3,0 to 1 year old,0,low,5,low-rise
sector 102,1.9,1650.0,3,3,3,1 to 5 year old,1,high,2,mid-rise
sector 74,3.4,2018.0,3,3,3,1 to 5 year old,0,medium,1,high-rise
sector 61,2.5,1440.0,3,3,2,under construction,0,medium,2,low-rise
sector 59,6.5,3684.9,3,5,3,under construction,0,high,0,high-rise
sector 95,0.7,916.3118,2,2,2,1 to 5 year old,0,medium,1,mid-rise
sector 67,9.0,5900.0,5,5,3+,1 to 5 year old,1,high,4,mid-rise
sector 79,1.8,1556.0,3,3,2,under construction,0,medium,1,low-rise
sector 70a,1.96,1945.4,2,2,2,under construction,0,medium,0,mid-rise
sector 37d,2.6,2250.0,3,3,2,under construction,1,medium,0,mid-rise
sector 83,2.69,1850.0,3,3,3+,1 to 5 year old,1,medium,1,mid-rise
sector 107,0.7,812.0,2,2,2,1 to 5 year old,0,medium,0,mid-rise
sector 79,2.0,2210.94,3,3,2,under construction,1,medium,2,low-rise
sector 3,1.6,1444.0,2,2,3,under construction,0,medium,1,mid-rise
sector 102,2.1,1650.0,3,3,3,1 to 5 year old,1,medium,1,mid-rise
sector 63a,4.35,3483.26,3,3,3,0 to 1 year old,0,medium,0,low-rise
sector 65,2.95,1900.0,4,3,0,5 to 10 year old,0,medium,1,low-rise
sector 62,3.7,1996.0,3,3,3,1 to 5 year old,1,medium,1,high-rise
nirvana country,5.75,4800.0,4,4,3,10+ year old,1,high,2,mid-rise
dlf phase 5,7.25,2610.0,4,4,3,5 to 10 year old,1,high,3,mid-rise
sector 90,2.3,2364.0,4,4,3+,5 to 10 year old,1,medium,2,mid-rise
sector 84,2.8,1900.0,3,4,0,1 to 5 year old,0,medium,0,mid-rise
sector 108,1.4,1450.0,2,2,3,1 to 5 year old,0,medium,1,mid-rise
sector 107,1.96,1944.0,3,3,3+,5 to 10 year old,0,high,1,mid-rise
sector 77,3.15,2000.0,3,4,3+,1 to 5 year old,1,medium,1,mid-rise
sector 92,1.5,1326.0,3,2,2,0 to 1 year old,0,low,1,mid-rise
sector 79,1.61,1235.0,2,2,2,under construction,0,medium,1,low-rise
sector 85,2.75,2560.0,4,3,3+,1 to 5 year old,1,low,2,mid-rise
civil lines,1.6,1775.0,3,3,3,5 to 10 year old,0,low,1,low-rise
sector 77,1.28,1342.0,2,2,2,1 to 5 year old,0,medium,1,mid-rise
sector 37d,3.9,2623.0,3,3,3+,under construction,0,medium,2,high-rise
sector 108,5.5,2343.0,4,4,3,0 to 1 year old,0,medium,2,high-rise
sector 61,3.45,2060.0,3,3,1,5 to 10 year old,1,medium,2,high-rise
sector 106,1.8,2355.0,4,6,3+,5 to 10 year old,1,high,3,high-rise
sector 3,2.9,3763.0,4,4,3,under construction,1,medium,2,mid-rise
sector 106,1.65,1760.0,3,4,3+,1 to 5 year old,1,high,2,high-rise
sector 92,1.55,1628.0,3,3,3+,5 to 10 year old,0,medium,1,mid-rise
sector 83,2.8,1900.0,3,3,0,1 to 5 year old,0,medium,0,mid-rise
sector 47,3.0,2027.0,3,4,3+,10+ year old,1,high,1,mid-rise
sector 66,6.0,5174.48,4,4,2,5 to 10 year old,1,medium,4,mid-rise
sohna,0.57,950.0,2,2,2,1 to 5 year old,0,medium,2,mid-rise
sector 93,3.51,2500.0,4,4,3+,under construction,1,medium,2,mid-rise
sector 67,5.5,3418.75,3,3,3,5 to 10 year old,1,medium,0,high-rise
palam vihar extension,2.75,2430.0,3,3,2,1 to 5 year old,0,low,3,low-rise
sector 65,2.7,1350.0,3,3,2,1 to 5 year old,0,high,2,mid-rise
sohna,0.49,648.925,2,2,1,1 to 5 year old,0,high,2,mid-rise
sector 85,2.0,1085.0,2,2,2,under construction,0,medium,0,high-rise
sector 77,3.1,2025.0,3,4,3+,1 to 5 year old,0,medium,1,high-rise
sector 92,0.615,839.2199999999999,2,2,1,1 to 5 year old,0,medium,0,mid-rise
sector 49,1.65,1296.0,2,2,3,5 to 10 year old,0,medium,1,mid-rise
sector 92,1.8,2350.0,3,4,3+,5 to 10 year old,1,medium,0,mid-rise
sector 113,2.35,1580.0,2,2,2,1 to 5 year old,0,medium,2,high-rise
sector 111,2.95,2279.1,3,3,2,under construction,0,medium,1,high-rise
sector 113,3.2,2215.0,3,3,3,1 to 5 year old,0,medium,2,high-rise
sector 49,4.24,2021.0,3,3,3,under construction,0,high,1,high-rise
sector 63,11.3,3950.0,4,4,3,under construction,1,medium,2,high-rise
sector 63,5.5,3182.22,4,4,3,0 to 1 year old,1,medium,0,low-rise
sohna,2.03,1845.0,3,4,3,0 to 1 year old,1,medium,2,mid-rise
sector 79,4.01,2675.0,4,5,3+,0 to 1 year old,1,medium,2,mid-rise
sector 79,3.01,2150.0,3,4,3+,0 to 1 year old,1,high,1,mid-rise
sector 79,4.01,2675.0,4,5,3+,0 to 1 year old,1,medium,2,mid-rise
sector 79,3.01,2150.0,3,4,3+,0 to 1 year old,1,medium,1,mid-rise
sector 106,1.58,1760.0,3,4,3+,1 to 5 year old,1,high,1,high-rise
sector 84,0.64,583.0,2,2,1,1 to 5 year old,0,medium,1,mid-rise
sector 82,2.0,1790.0,3,4,2,5 to 10 year old,1,medium,1,mid-rise
sector 68,1.55,1245.0,2,2,3,0 to 1 year old,0,medium,2,high-rise
sector 79,1.3,1211.0,2,2,2,under construction,0,low,0,low-rise
sector 113,3.02,2225.0,3,3,3,1 to 5 year old,0,high,2,high-rise
sector 82,1.9,1790.0,3,4,2,1 to 5 year old,1,high,1,mid-rise
sector 47,1.62,997.0,2,2,2,5 to 10 year old,0,medium,1,mid-rise
sector 89,2.67,3150.0,3,4,3,5 to 10 year old,1,high,1,mid-rise
sector 79,2.0,1490.0,3,3,3,1 to 5 year old,0,high,2,high-rise
sector 37d,1.85,1640.0,3,2,3+,1 to 5 year old,0,medium,1,mid-rise
sector 37c,1.8,1707.0,3,3,3,5 to 10 year old,0,high,1,mid-rise
sector 85,0.72,839.2199999999999,2,2,1,1 to 5 year old,0,low,0,mid-rise
sector 106,2.45,1900.0,3,4,3,1 to 5 year old,1,high,1,high-rise
sector 83,4.5,5467.0,5,5,3+,1 to 5 year old,0,medium,0,mid-rise
sohna,0.6,576.0,2,2,2,1 to 5 year old,0,medium,0,mid-rise
sector 63a,4.4,3976.0,3,4,3+,under construction,0,medium,3,low-rise
sector 79,4.01,2675.0,4,5,3+,under construction,1,medium,2,mid-rise
sector 79,3.01,2150.0,3,4,3+,under construction,1,medium,1,mid-rise
sector 99,3.61,2780.0,3,3,3,0 to 1 year old,1,medium,2,mid-rise
sector 63,5.21,2656.8199999999997,4,4,3,1 to 5 year old,1,medium,2,low-rise
sector 84,1.85,1918.0,3,3,3+,0 to 1 year old,0,medium,2,mid-rise
sector 84,1.83,1918.0,3,3,3+,0 to 1 year old,0,medium,2,mid-rise
sector 84,1.36,1425.0,2,2,3+,1 to 5 year old,0,medium,1,mid-rise
sector 84,1.35,1425.0,2,2,3+,1 to 5 year old,0,medium,1,mid-rise
sector 76,7.67,4645.0,4,4,3,under construction,0,high,3,high-rise
sector 95,2.99,1965.0,3,4,3+,1 to 5 year old,1,medium,1,high-rise
sector 61,2.23,1380.0,2,2,2,5 to 10 year old,1,medium,1,high-rise
sector 79,3.45,2710.0,4,5,3+,1 to 5 year old,1,high,1,high-rise
sector 79,2.5,1960.0,3,4,2,1 to 5 year old,1,high,1,high-rise
sector 112,4.4,2802.0,3,3,3+,1 to 5 year old,1,high,1,high-rise
sector 113,2.5,1579.0,3,2,2,1 to 5 year old,0,high,1,high-rise
nirvana country,3.8,2480.0,3,4,3,5 to 10 year old,1,medium,2,mid-rise
dlf phase 5,3.75,1740.0,4,4,2,10+ year old,0,high,1,mid-rise
sector 79,2.8,1902.0,3,3,3,under construction,0,medium,1,high-rise
sector 49,4.8,2021.0,3,3,3,under construction,1,medium,2,high-rise
sector 63a,1.97,1000.0,2,2,2,0 to 1 year old,0,medium,1,mid-rise
sector 79,1.55,1556.0,3,3,3,under construction,0,low,1,low-rise
sohna,1.15,1264.0,2,2,3,1 to 5 year old,0,medium,0,mid-rise
nirvana country,5.0,2750.0,3,4,3+,10+ year old,1,medium,2,mid-rise
sector 79,1.55,1325.0,3,3,3,under construction,0,low,1,low-rise
sector 103,2.25,1875.0,3,3,3,under construction,0,low,0,mid-rise
sector 102,1.83,1650.0,3,3,3,1 to 5 year old,1,medium,2,mid-rise
sector 85,1.45,1575.0,3,3,0,1 to 5 year old,0,medium,0,mid-rise
sector 90,2.6,2727.0,4,4,3+,1 to 5 year old,1,medium,2,high-rise
sector 90,2.35,2364.0,4,4,3+,5 to 10 year old,1,medium,2,mid-rise
sector 90,1.83,1930.0,3,3,3,1 to 5 year old,1,medium,1,mid-rise
sector 90,2.65,2727.0,4,4,3+,5 to 10 year old,1,medium,2,high-rise
sector 104,2.4,1689.0,3,3,3,under construction,0,medium,1,high-rise
sector-33 sohna,2.5,2130.0,3,3,3,under construction,1,medium,2,mid-rise
sector 108,3.6,1711.0,3,3,3,0 to 1 year old,0,medium,1,mid-rise
sector 65,4.5,2804.5,4,4,2,1 to 5 year old,0,medium,1,mid-rise
sector 49,4.58,1993.0,3,3,2,under construction,0,medium,2,high-rise
sector 67,4.65,3405.16,3,2,1,5 to 10 year old,0,medium,2,high-rise
sector 104,2.1,1550.0,2,2,2,1 to 5 year old,0,medium,2,high-rise
sector 37d,1.08,1380.0,2,2,3,1 to 5 year old,0,high,2,mid-rise
sector 72a,4.25,2185.0,3,4,3+,1 to 5 year old,1,high,2,high-rise
sector 66,3.99,2100.0,4,4,3,5 to 10 year old,1,high,2,low-rise
sector 67a,2.25,1350.0,2,2,3,1 to 5 year old,0,medium,1,mid-rise
sector 86,2.5,2364.0,4,4,3+,1 to 5 year old,0,high,2,mid-rise
sector 65,2.4,1261.0,2,2,3,0 to 1 year old,0,high,1,high-rise
sector 81,3.6,2092.0,3,4,3+,1 to 5 year old,1,high,2,high-rise
sector 103,1.5,1481.0,2,2,3+,1 to 5 year old,0,medium,0,mid-rise
sector 109,1.79,1871.0,3,3,3,1 to 5 year old,0,high,3,mid-rise
sector 60,3.9,2045.0,3,4,3+,5 to 10 year old,1,medium,2,high-rise
sector 113,2.11,1580.0,2,2,2,1 to 5 year old,0,medium,2,high-rise
sector 30,4.75,2368.0,3,5,3+,10+ year old,1,high,1,mid-rise
sector 102,1.87,2343.0,3,3,3,1 to 5 year old,0,medium,2,mid-rise
sector 107,1.3,1366.0,2,2,2,5 to 10 year old,0,medium,0,mid-rise
sector 65,5.69,2499.0,3,3,3,1 to 5 year old,1,medium,2,high-rise
sector 65,13.0,4992.0,4,4,3,1 to 5 year old,1,high,2,high-rise
sector 65,9.25,3909.0,3,4,2,1 to 5 year old,1,high,3,high-rise
sector 90,2.1,1744.0,3,3,2,1 to 5 year old,0,medium,0,high-rise
sector 70,1.45,1137.0,3,2,2,5 to 10 year old,0,high,1,mid-rise
sector 3,1.75,2080.0,3,3,3,0 to 1 year old,1,medium,2,mid-rise
sector 92,1.7,2765.0,4,4,3+,0 to 1 year old,1,medium,3,mid-rise
sector 86,2.2,1480.0,2,2,3,5 to 10 year old,0,medium,1,mid-rise
sector 89,1.58,2020.66,3,3,3,0 to 1 year old,1,medium,1,low-rise
sector 81,4.15,3185.0,4,5,2,1 to 5 year old,1,high,3,mid-rise
sector 81,3.56,2660.0,3,4,3,1 to 5 year old,1,high,3,mid-rise
sector 90,1.98,1760.0,3,3,3,0 to 1 year old,0,high,1,high-rise
sector 79,3.25,2650.0,4,5,3+,1 to 5 year old,1,high,1,high-rise
sector 79,2.4,1815.0,3,3,3,1 to 5 year old,1,high,1,mid-rise
sector 79,2.43,1815.0,3,4,3,1 to 5 year old,1,high,1,high-rise
sector 81,4.1,3185.0,4,5,2,1 to 5 year old,1,high,3,mid-rise
sector 81,3.55,2660.0,3,4,3,1 to 5 year old,1,high,3,mid-rise
palam vihar,1.9,1780.0,3,3,3+,5 to 10 year old,0,high,1,mid-rise
sector 86,2.05,1480.0,2,2,3,1 to 5 year old,0,high,2,mid-rise
sector 112,4.8,2802.0,3,3,3,0 to 1 year old,1,medium,2,high-rise
sector 108,2.3,2003.0,3,2,3,1 to 5 year old,1,medium,1,mid-rise
sector 111,3.6,2200.0,3,4,2,1 to 5 year old,1,medium,1,mid-rise
sector 84,1.16,1450.0,2,2,2,1 to 5 year old,0,medium,1,mid-rise
nirvana country,3.3,2000.0,3,4,2,5 to 10 year old,1,medium,2,mid-rise
sector 37d,1.65,1775.0,3,3,3,1 to 5 year old,0,high,0,mid-rise
sector 110,4.87,3350.0,4,5,2,1 to 5 year old,1,medium,2,mid-rise
sector 110,4.75,3400.0,4,5,3,5 to 10 year old,1,medium,0,mid-rise
sector 68,1.95,1450.0,3,4,3+,1 to 5 year old,1,high,2,high-rise
sector 60,2.82,1524.0,2,3,2,1 to 5 year old,1,high,2,mid-rise
sector 59,8.1,3395.0,4,4,2,0 to 1 year old,1,high,2,high-rise
sector 86,2.28,1929.0,3,3,1,1 to 5 year old,0,high,2,mid-rise
sector 37d,1.64,1775.0,3,3,3+,1 to 5 year old,0,medium,2,mid-rise
sector 99,0.78,795.0,1,1,1,1 to 5 year old,0,medium,1,mid-rise
sector 107,1.25,1366.0,2,2,3+,1 to 5 year old,0,medium,2,mid-rise
sector 82,1.56,1430.0,3,3,3+,1 to 5 year old,0,high,1,high-rise
sector 68,1.76,1483.0,3,2,3,0 to 1 year old,1,high,2,high-rise
sector 72,4.35,2185.0,3,4,3+,0 to 1 year old,1,high,2,high-rise
sector 81,3.55,2100.0,3,4,3+,1 to 5 year old,1,medium,2,high-rise
dlf phase 5,3.35,1395.0,3,3,1,10+ year old,0,medium,1,mid-rise
sector 49,4.25,2410.0,3,3,3,5 to 10 year old,1,medium,1,mid-rise
sector 82,1.55,1428.08,2,2,2,1 to 5 year old,0,medium,1,mid-rise
sector 66,6.1,3670.0,5,5,3+,1 to 5 year old,1,high,2,mid-rise
sector 71,2.5,2982.0,3,3,3,1 to 5 year old,0,high,1,low-rise
sector 85,2.7,3419.3599999999997,3,4,3+,1 to 5 year old,1,medium,1,mid-rise
sector-33 sohna,1.75,2372.8199999999997,3,3,3+,0 to 1 year old,0,high,1,high-rise
dlf phase 4,3.5,1680.0,3,3,2,1 to 5 year old,1,medium,1,mid-rise
sector 86,2.35,1929.0,3,3,3+,1 to 5 year old,0,high,2,mid-rise
sector 111,3.18,1700.0,3,3,1,1 to 5 year old,0,medium,2,mid-rise
sector 88a,1.85,1565.0,3,2,3+,1 to 5 year old,0,high,2,high-rise
sector 67a,2.5,1877.0,3,3,3,1 to 5 year old,1,medium,2,mid-rise
sector 67a,0.82,839.2199999999999,2,2,1,1 to 5 year old,0,medium,0,mid-rise
sector 86,2.4,1929.0,3,3,3,1 to 5 year old,0,high,2,mid-rise
sector 82,2.46,2300.0,3,5,3+,5 to 10 year old,1,high,1,mid-rise
sector 109,2.45,2836.0,4,4,3+,1 to 5 year old,1,high,4,mid-rise
sector 84,1.15,1450.0,2,2,2,1 to 5 year old,0,medium,1,mid-rise
sector 104,2.0,1550.0,2,2,2,1 to 5 year old,0,medium,1,high-rise
sector 84,1.55,1825.0,3,3,3,1 to 5 year old,0,medium,1,mid-rise
sector 84,1.45,1725.0,3,3,3+,1 to 5 year old,0,medium,1,mid-rise
sector 85,1.85,1426.0,2,2,3,0 to 1 year old,0,medium,1,high-rise
sector 88a,2.24,1910.0,3,3,3+,1 to 5 year old,0,high,2,high-rise
gwal pahari,6.0,5800.0,4,6,3+,1 to 5 year old,1,medium,2,high-rise
sector 88a,1.84,1565.0,3,2,3+,1 to 5 year old,0,high,2,high-rise
sector 106,1.45,1385.0,2,2,3+,1 to 5 year old,0,medium,1,mid-rise
sector 102,2.4,1692.0,3,3,3,0 to 1 year old,0,medium,2,high-rise
sector 109,2.15,1750.0,3,3,3+,1 to 5 year old,0,medium,1,high-rise
nirvana country,2.05,2453.76,2,2,2,5 to 10 year old,0,medium,1,low-rise
sector 112,5.0,2802.0,3,3,3,1 to 5 year old,1,high,1,high-rise
sector 104,4.0,3150.0,4,4,3+,1 to 5 year old,1,medium,1,high-rise
sector 88a,1.85,1565.0,3,2,3+,1 to 5 year old,0,high,2,high-rise
sector 89,0.625,838.0271999999999,2,2,3,0 to 1 year old,0,medium,1,mid-rise
sector 37d,1.42,1770.0,3,3,3+,1 to 5 year old,0,high,2,mid-rise
sector 110,5.25,3880.0,5,5,3+,1 to 5 year old,1,medium,3,mid-rise
sector 65,14.0,6171.0,4,4,3+,5 to 10 year old,1,medium,0,high-rise
sector 109,2.5,2150.0,3,4,3+,1 to 5 year old,1,medium,3,high-rise
sector 81,1.8,1660.0,3,2,3+,5 to 10 year old,0,medium,1,mid-rise
sector 65,9.7,3850.0,3,4,2,1 to 5 year old,1,high,2,mid-rise
sector 65,10.0,3898.0,3,4,3,1 to 5 year old,1,high,2,mid-rise
sector 84,1.45,1725.0,3,3,3+,1 to 5 year old,0,medium,1,mid-rise
garauli khurd,1.38,1675.0,3,3,3,0 to 1 year old,0,high,2,mid-rise
sector 109,4.15,3045.0,4,5,3+,1 to 5 year old,1,high,2,high-rise
nirvana country,3.6,2802.0,3,4,2,5 to 10 year old,1,high,0,mid-rise
sector 74,2.5,1704.0,2,2,3,0 to 1 year old,0,medium,2,high-rise
sector 113,3.5,2560.0,3,4,3,1 to 5 year old,1,medium,1,high-rise
sector 102,2.4,1700.0,3,3,3,1 to 5 year old,0,medium,1,mid-rise
sector 102,1.4,903.0,2,2,2,1 to 5 year old,0,medium,0,high-rise
sector 86,2.27,1480.0,2,2,3,1 to 5 year old,0,high,2,mid-rise
sector 54,11.0,4180.0,5,7,3,5 to 10 year old,1,medium,2,mid-rise
sector 66,5.3,2410.0,4,4,3+,5 to 10 year old,1,high,3,mid-rise
sector 36a,0.56,443.0,1,1,1,1 to 5 year old,0,medium,2,mid-rise
sector 79,3.5,2675.0,4,5,2,0 to 1 year old,1,high,2,mid-rise
sector 79,2.49,2015.0,3,3,2,0 to 1 year old,0,high,1,mid-rise
sector 77,1.85,1450.0,3,4,3,1 to 5 year old,1,high,1,mid-rise
sector 106,2.15,1939.72,2,2,3,1 to 5 year old,0,medium,2,mid-rise
sector 99,2.47,2890.0,4,4,1,1 to 5 year old,1,high,3,mid-rise
sector 103,1.5,1481.0,2,2,3,1 to 5 year old,0,medium,1,mid-rise
gwal pahari,11.0,10000.0,5,5,3+,1 to 5 year old,1,high,3,high-rise
sector 69,2.39,1704.0,3,3,3,0 to 1 year old,0,medium,2,high-rise
sector 69,2.4,1704.0,3,3,3,0 to 1 year old,1,high,3,high-rise
sector 61,2.1,1300.0,2,3,2,1 to 5 year old,0,high,1,high-rise
sector 99,1.55,1365.0,2,2,3,1 to 5 year old,0,medium,1,high-rise
sector 102,1.9,1650.0,3,3,3,1 to 5 year old,0,high,2,mid-rise
sector 99a,1.9,1997.0,3,3,3,0 to 1 year old,1,high,2,mid-rise
sector 58,3.5,1630.0,2,2,1,5 to 10 year old,0,high,2,high-rise
sector 53,5.25,2895.0,3,4,3+,1 to 5 year old,1,medium,1,mid-rise
sector 108,1.08,1422.0,2,2,2,1 to 5 year old,0,medium,1,mid-rise
sector 106,2.9,1573.299224,3,3,3+,0 to 1 year old,0,medium,1,high-rise
sector 106,1.87,1900.0,3,4,3,1 to 5 year old,1,medium,1,high-rise
sector 102,5.5,4548.0,4,5,3+,0 to 1 year old,1,medium,2,high-rise
sector 79,3.01,2150.0,3,4,3+,under construction,1,medium,1,mid-rise
sector 84,2.4,2067.0,3,3,3,1 to 5 year old,1,high,2,high-rise
sector 108,2.4,2983.0,3,4,3+,1 to 5 year old,1,low,1,low-rise
sector 83,2.6,1900.0,3,4,3,1 to 5 year old,1,high,2,mid-rise
sector 102,3.7,3198.0,4,4,3+,1 to 5 year old,1,medium,0,high-rise
sector 107,2.15,2361.0,3,4,3+,1 to 5 year old,1,medium,1,mid-rise
sector 106,2.2,2355.0,4,6,3+,1 to 5 year old,1,medium,1,high-rise
sector 112,8.25,6325.0,5,5,3+,1 to 5 year old,0,medium,1,high-rise
sector 104,2.6,2862.5,3,3,3,1 to 5 year old,1,high,0,high-rise
sector 104,3.9,3150.0,4,4,3+,1 to 5 year old,1,high,2,high-rise
sector 102,2.55,1852.0,3,3,3,1 to 5 year old,0,medium,2,high-rise
sector 86,0.675,711.42,2,2,2,1 to 5 year old,0,medium,0,mid-rise
sector 86,0.67,856.8421999999999,2,2,2,1 to 5 year old,0,medium,1,mid-rise
sector 102,1.85,2343.0,3,3,3,5 to 10 year old,1,medium,1,mid-rise
sector 86,2.25,1929.0,3,3,3,1 to 5 year old,0,high,4,mid-rise
sector 85,1.77,1640.0,2,2,3,1 to 5 year old,0,medium,1,high-rise
sector 82a,2.9,1799.0,3,3,3+,1 to 5 year old,0,medium,0,high-rise
sector 81,4.8,2831.0,4,4,3+,1 to 5 year old,1,medium,3,high-rise
sector 81,3.8,2103.0,3,3,3+,1 to 5 year old,1,medium,2,high-rise
sector 68,1.6,1270.0,2,2,3,0 to 1 year old,0,high,2,mid-rise
sector 81,3.69,2132.0,3,3,3+,1 to 5 year old,1,medium,2,high-rise
sector 81,3.75,2103.0,3,3,3+,1 to 5 year old,1,medium,2,high-rise
sector 81,5.05,2872.0,4,4,3+,1 to 5 year old,1,medium,3,high-rise
sector 81,5.1,2825.0,4,5,3,1 to 5 year old,1,medium,3,high-rise
sector 81,4.9,2831.0,4,4,3+,1 to 5 year old,1,medium,3,high-rise
sector 102,3.25,2579.0,3,4,3+,1 to 5 year old,1,high,2,high-rise
sector 104,2.39,2290.0,3,4,3,1 to 5 year old,0,high,2,high-rise
sector 37c,1.45,1815.0,3,3,1,0 to 1 year old,1,medium,2,high-rise
sector 102,1.9,1650.0,3,3,3,1 to 5 year old,1,medium,2,mid-rise
sector 107,2.0,2361.0,3,4,3+,1 to 5 year old,1,high,2,mid-rise
sector 69,2.5,1578.0,3,3,2,5 to 10 year old,0,high,1,mid-rise
sector 70a,2.9,1703.0,3,3,3+,0 to 1 year old,0,high,2,high-rise
sector 57,2.35,2053.3199999999997,2,2,3+,10+ year old,0,medium,1,mid-rise
sector 72,6.34,3250.0,4,4,3+,1 to 5 year old,1,high,2,low-rise
sector 72,4.8,2550.0,3,3,3+,1 to 5 year old,1,medium,2,high-rise
sector 72,7.05,3355.0,4,4,3+,0 to 1 year old,1,high,2,high-rise
sector 72,7.3,3355.0,4,4,3+,0 to 1 year old,1,high,2,high-rise
sector 72,4.9,2550.0,3,3,3+,0 to 1 year old,1,high,2,high-rise
sector 72,6.9,3355.0,4,4,3+,1 to 5 year old,1,high,2,high-rise
sector 72,5.4,2905.0,4,5,3+,0 to 1 year old,1,high,0,high-rise
sector 112,12.35,8515.0,5,7,3+,1 to 5 year old,1,high,3,high-rise
sector 72,6.25,3300.0,4,5,3,0 to 1 year old,1,high,2,high-rise
sector 72,4.88,2550.0,3,3,3+,1 to 5 year old,1,medium,2,high-rise
sector 72,4.9,2550.0,3,3,3+,1 to 5 year old,1,high,2,high-rise
sector 72,6.8,3355.0,4,4,3+,1 to 5 year old,1,high,2,high-rise
sector 70a,4.15,2475.0,3,4,3,0 to 1 year old,1,medium,2,high-rise
sector 72,4.95,2550.0,3,3,3+,1 to 5 year old,1,high,2,high-rise
sector 72,4.99,2550.0,3,3,3+,1 to 5 year old,1,medium,2,high-rise
sector 66,3.99,1950.0,3,3,2,1 to 5 year old,0,high,2,mid-rise
sector 66,5.0,2202.0,3,3,3,1 to 5 year old,1,high,2,mid-rise
sector 49,3.6,2222.0,3,4,3,1 to 5 year old,1,high,2,mid-rise
sector 49,4.15,2421.0,3,4,3,1 to 5 year old,1,high,2,mid-rise
sector 113,3.78,2895.0,3,4,3,1 to 5 year old,1,medium,2,high-rise
sector 65,3.3,2343.0,3,3,3,1 to 5 year old,1,high,1,mid-rise
sector 66,4.15,1950.0,3,3,3,1 to 5 year old,1,high,2,mid-rise
sector 107,1.35,1366.0,2,2,2,5 to 10 year old,0,high,1,mid-rise
sector 81,0.65,633.0,2,2,1,1 to 5 year old,0,high,1,mid-rise
sector 72,6.0,3300.0,4,5,3,1 to 5 year old,1,medium,2,mid-rise
sector 86,2.24,1480.0,2,2,3,1 to 5 year old,0,high,1,mid-rise
sector 81,3.55,2100.0,3,4,3+,0 to 1 year old,1,medium,2,high-rise
sector 92,2.3,1995.0,3,4,3,0 to 1 year old,1,high,2,mid-rise
sector 92,2.35,1995.0,3,4,3,1 to 5 year old,1,medium,0,mid-rise
sector 81,3.6,2100.0,3,4,3+,0 to 1 year old,1,high,2,high-rise
sector 81,3.6,2660.0,3,4,3+,0 to 1 year old,1,high,2,high-rise
sector 92,2.75,2325.0,4,4,3,1 to 5 year old,1,high,2,mid-rise
sector 65,5.4,2499.0,3,3,3,1 to 5 year old,1,high,2,high-rise
sector 65,5.5,2499.0,3,3,3,1 to 5 year old,1,high,2,high-rise
sector 65,5.25,2499.0,3,3,3+,1 to 5 year old,1,high,2,high-rise
sector 65,5.6,2499.0,3,3,3,1 to 5 year old,1,high,2,high-rise
sohna,2.05,1884.0,3,3,2,0 to 1 year old,1,high,2,mid-rise
sector 112,0.5556,729.17,2,2,1,0 to 1 year old,0,medium,1,mid-rise
sector 71,0.55,461.6562,1,1,2,1 to 5 year old,0,low,2,low-rise
sector 71,0.85,729.88,2,2,1,1 to 5 year old,0,low,0,mid-rise
sector 71,0.55,520.4016,1,1,2,1 to 5 year old,0,low,2,low-rise
sector 71,0.85,768.0637999999999,2,2,1,1 to 5 year old,0,low,2,mid-rise
sector 71,0.85,729.88,2,2,1,1 to 5 year old,0,low,2,mid-rise
sector 92,1.35,1278.0,3,3,2,1 to 5 year old,0,medium,2,mid-rise
sector 89 a,2.3,1950.0,3,3,2,1 to 5 year old,1,medium,2,mid-rise
sector 103,4.89,4885.0,5,5,3+,1 to 5 year old,1,medium,0,mid-rise
sector 81,4.1,3185.0,4,5,2,1 to 5 year old,1,high,3,mid-rise
sector 91,2.8,2727.0,4,4,2,1 to 5 year old,0,medium,2,mid-rise
sector 84,1.79,1890.0,3,3,3+,1 to 5 year old,0,medium,1,mid-rise
sector 84,1.39,1270.0,2,2,2,1 to 5 year old,0,high,1,high-rise
sector 84,2.15,2067.0,3,3,3+,1 to 5 year old,1,medium,2,high-rise
sector 99a,1.6,1550.0,2,2,3,1 to 5 year old,0,high,1,mid-rise
sector 109,1.99,1880.0,3,2,3,1 to 5 year old,0,medium,1,mid-rise
sector 109,2.98,3055.0,4,4,3+,1 to 5 year old,1,high,2,mid-rise
sector 81,2.0,1790.0,3,3,3+,1 to 5 year old,0,high,1,mid-rise
sector 112,5.2,2802.0,3,5,3+,1 to 5 year old,1,medium,2,high-rise
sector 65,3.42,1828.0,3,3,3,0 to 1 year old,1,medium,3,high-rise
sector 104,3.4,2450.0,3,4,3+,1 to 5 year old,1,medium,2,high-rise
sector 109,3.44,2375.0,3,4,3+,1 to 5 year old,1,medium,2,mid-rise
sector 109,4.53,2925.0,4,5,2,1 to 5 year old,1,medium,3,mid-rise
sector 102,3.6,3198.0,4,5,3+,1 to 5 year old,1,high,3,high-rise
sector 102,5.3,4548.0,4,6,3+,1 to 5 year old,1,medium,3,high-rise
sector 109,2.21,1580.0,3,3,2,1 to 5 year old,0,high,1,mid-rise
sector 102,2.65,1889.0,3,3,3,5 to 10 year old,1,high,1,high-rise
sector 102,3.3,2579.0,3,3,3+,5 to 10 year old,1,high,2,high-rise
sector 102,3.65,3198.0,4,4,3,5 to 10 year old,0,high,2,high-rise
sector 109,3.1,2585.0,3,4,3+,5 to 10 year old,1,medium,1,high-rise
sector 109,2.1,1750.0,3,3,3+,5 to 10 year old,0,high,1,high-rise
sector 102,2.4,2025.0,3,4,3,1 to 5 year old,1,medium,1,mid-rise
sector 102,6.0,4548.0,4,5,3+,1 to 5 year old,1,high,2,high-rise
sector 109,2.94,2100.0,3,3,2,1 to 5 year old,1,high,1,mid-rise
sector 99,1.86,1865.0,3,3,2,1 to 5 year old,0,medium,1,mid-rise
sector 109,2.55,1955.0,3,3,3,1 to 5 year old,1,medium,1,mid-rise
sector 99,1.55,1550.0,2,2,2,1 to 5 year old,0,medium,1,mid-rise
sector 99,3.0,3000.0,4,5,3+,1 to 5 year old,1,medium,2,mid-rise
sector 104,3.65,3150.0,4,3,3,1 to 5 year old,1,high,2,high-rise
sector 104,3.75,3150.0,4,4,3,5 to 10 year old,1,high,2,high-rise
sector 110,4.75,3400.0,4,4,3,1 to 5 year old,1,high,2,mid-rise
sector 104,2.6,2290.0,3,4,3+,5 to 10 year old,1,high,1,high-rise
sector 109,2.56,2150.0,3,4,3+,1 to 5 year old,1,high,2,high-rise
sector 104,2.66,2290.0,3,4,3+,1 to 5 year old,1,high,1,high-rise
dlf phase 4,3.6,1680.0,3,3,2,10+ year old,1,medium,0,mid-rise
sector 104,2.6,2290.0,3,4,3+,1 to 5 year old,1,high,2,high-rise
sector 95,0.375,450.6937999999999,1,2,1,1 to 5 year old,0,medium,0,mid-rise
sector 48,3.55,2350.0,3,3,2,5 to 10 year old,1,high,2,mid-rise
sector 48,4.1,2170.0,4,5,3+,10+ year old,1,high,2,mid-rise
sector 68,1.77,1483.0,3,2,3,0 to 1 year old,0,high,2,high-rise
sector 68,2.38,1999.0,3,4,3+,0 to 1 year old,1,high,1,high-rise
sector 68,1.47,1245.0,2,2,3,0 to 1 year old,0,high,2,high-rise
sector 104,2.71,2290.0,3,3,3+,0 to 1 year old,1,medium,1,high-rise
sector 109,2.05,1750.0,3,3,3+,1 to 5 year old,0,high,2,high-rise
sector 90,0.72,690.0,2,2,1,1 to 5 year old,0,medium,1,mid-rise
sector 106,1.7,2020.66,3,3,3+,1 to 5 year old,1,medium,2,high-rise
sector 106,1.42,1966.7,2,2,3,0 to 1 year old,0,medium,2,mid-rise
sector 108,1.82,1888.6,3,4,3+,1 to 5 year old,1,medium,2,mid-rise
sector 104,3.8,3550.0,4,5,3+,1 to 5 year old,1,medium,2,high-rise
sector 109,2.0,1750.0,3,3,3+,1 to 5 year old,0,medium,2,high-rise
sector 79,2.7,2150.0,3,4,3+,0 to 1 year old,1,high,1,mid-rise
sector 104,3.4,2450.0,3,3,3+,1 to 5 year old,1,high,2,high-rise
sector 79,1.85,1490.0,3,3,3,1 to 5 year old,0,high,1,high-rise
sector 79,1.83,1490.0,3,3,3,1 to 5 year old,0,high,1,high-rise
sector 102,2.45,1692.0,3,3,3+,1 to 5 year old,0,high,2,high-rise
sector 104,2.5,1700.0,2,3,3+,1 to 5 year old,1,high,2,high-rise
sector 79,2.67,2150.0,3,4,2,0 to 1 year old,1,medium,1,mid-rise
sector 47,3.03,2027.0,3,4,3+,5 to 10 year old,1,medium,2,mid-rise
sector 72a,4.5,2145.0,3,3,3,1 to 5 year old,1,high,2,high-rise
sector 109,1.65,1871.0,3,3,3+,1 to 5 year old,0,high,1,mid-rise
sector 47,13.0,5600.0,5,6,3+,5 to 10 year old,1,medium,2,mid-rise
sector 61,3.1,1795.0,3,3,3,1 to 5 year old,0,medium,2,high-rise
sector 107,1.8,1943.0,3,3,3+,1 to 5 year old,0,high,2,mid-rise
sector 61,2.8,1700.0,3,3,3,5 to 10 year old,1,medium,1,high-rise
sector 61,2.25,1300.0,2,3,2,1 to 5 year old,1,medium,1,high-rise
sector 107,1.39,1534.0,2,2,3,1 to 5 year old,0,high,1,mid-rise
sector 83,2.75,1900.0,3,3,3,1 to 5 year old,1,high,2,mid-rise
nirvana country,4.25,2480.0,3,4,3+,5 to 10 year old,1,medium,2,mid-rise
nirvana country,4.26,2480.0,3,4,3+,5 to 10 year old,1,medium,2,mid-rise
sector 83,2.55,1900.0,3,3,3,1 to 5 year old,1,high,2,mid-rise
sector 83,2.75,1900.0,3,3,3,1 to 5 year old,1,high,2,mid-rise
sector 47,3.86,2416.0,4,4,3+,10+ year old,1,high,2,mid-rise
sector 109,2.08,1750.0,3,3,3+,1 to 5 year old,0,high,1,high-rise
sector 104,3.82,2450.0,3,4,3+,1 to 5 year old,1,high,2,high-rise
sector 65,3.8,2054.0,3,3,3,0 to 1 year old,1,high,2,high-rise
sector 60,3.99,2045.0,3,4,3+,1 to 5 year old,1,medium,2,high-rise
sector 109,2.7,2095.0,3,4,3,1 to 5 year old,1,high,2,high-rise
sector 79,1.9,1490.0,3,3,3,1 to 5 year old,0,high,2,high-rise
sector 79,2.5,1815.0,3,4,3,1 to 5 year old,1,medium,2,high-rise
sector 107,2.16,2361.0,3,4,3+,1 to 5 year old,1,high,1,mid-rise
sector 68,1.78,1483.0,3,2,3,0 to 1 year old,0,high,2,high-rise
sector 68,1.46,1245.0,2,2,3,0 to 1 year old,0,high,2,high-rise
sector 68,1.9,1483.0,3,2,3,0 to 1 year old,0,high,3,high-rise
sector 68,1.58,1245.0,2,2,3,0 to 1 year old,0,medium,3,mid-rise
sector 68,1.5,1245.0,2,2,3,0 to 1 year old,0,medium,3,mid-rise
sector 65,3.7,2040.0,3,3,3,0 to 1 year old,1,medium,1,high-rise
sector 86,2.2,1929.0,3,3,3,1 to 5 year old,0,high,1,mid-rise
sector 65,3.1,1959.6,3,4,2,1 to 5 year old,1,high,1,low-rise
sector 65,3.95,2000.0,4,4,3+,1 to 5 year old,0,high,2,low-rise
sector 65,3.29,1828.0,3,3,3,0 to 1 year old,0,medium,1,high-rise
sector 67a,2.3,2158.75,3,3,3,1 to 5 year old,0,medium,2,mid-rise
sector 66,4.22,3012.5,4,4,3+,1 to 5 year old,1,high,2,mid-rise
sector 86,2.4,1929.0,3,3,1,1 to 5 year old,0,medium,2,mid-rise
sector 108,2.4,1990.84,3,3,2,1 to 5 year old,1,medium,1,mid-rise
sector 65,9.0,4010.0,3,3,3+,1 to 5 year old,0,high,3,high-rise
sector 65,13.5,5219.0,4,4,3+,1 to 5 year old,1,high,3,high-rise
sector 65,9.25,4742.0,3,3,3+,1 to 5 year old,1,high,3,high-rise
sector 65,10.3,5092.0,4,4,3+,1 to 5 year old,1,high,3,high-rise
sector 65,6.45,2979.0,3,3,3+,1 to 5 year old,1,high,2,high-rise
sector 89,1.55,1423.0,3,3,2,0 to 1 year old,1,medium,1,low-rise
sector 107,1.74,1943.0,3,3,3,1 to 5 year old,0,medium,2,mid-rise
sector 107,2.0,2361.0,3,4,3+,1 to 5 year old,1,high,1,mid-rise
sector 59,6.75,2988.0,3,4,3+,1 to 5 year old,1,high,4,high-rise
sector 79,2.1,1604.6,3,3,3,1 to 5 year old,0,high,1,high-rise
sector 79,1.98,1620.0,3,3,2,1 to 5 year old,0,high,1,high-rise
sector 49,3.05,1805.0,3,3,3,1 to 5 year old,0,high,2,mid-rise
sector 49,3.85,2061.0,3,3,3,10+ year old,0,high,1,mid-rise
sector 85,1.79,2120.0,3,4,2,1 to 5 year old,1,medium,0,mid-rise
sector 106,1.7,1760.0,3,4,3+,1 to 5 year old,1,high,1,high-rise
sector 48,2.65,3057.26,3,3,3+,10+ year old,1,medium,1,mid-rise
sector 62,5.55,3497.46,3,3,2,1 to 5 year old,1,high,2,high-rise
sector 104,3.55,2450.0,3,4,3+,1 to 5 year old,1,high,2,high-rise
sector 70,0.949,913.983,3,2,1,under construction,0,low,0,mid-rise
sector 108,1.5,1790.0,3,3,2,1 to 5 year old,0,medium,2,mid-rise
sector 108,1.54,1838.0,3,3,2,1 to 5 year old,0,high,2,mid-rise
sector 108,1.55,1870.0,3,3,3,1 to 5 year old,0,medium,2,mid-rise
sector 108,1.79,2666.0,3,4,2,1 to 5 year old,1,medium,2,mid-rise
sector 109,2.03,1880.0,3,2,3,1 to 5 year old,0,medium,2,mid-rise
sector 22,6.0,3090.0,3,3,3,1 to 5 year old,1,medium,2,mid-rise
sector 72,4.49,2185.0,3,3,3+,5 to 10 year old,1,medium,1,high-rise
sector 102,2.42,1692.0,3,3,3,1 to 5 year old,0,medium,1,high-rise
sector 102,2.4,1692.0,3,3,3+,0 to 1 year old,0,high,1,high-rise
sector 102,2.4,1692.0,3,3,3,0 to 1 year old,0,high,1,mid-rise
sector 102,2.5,1852.0,3,3,3,0 to 1 year old,0,high,2,high-rise
sector 102,2.4,2629.8399999999997,3,3,3,0 to 1 year old,0,medium,1,high-rise
sector 102,2.7,1852.0,3,3,3+,1 to 5 year old,0,high,1,high-rise
sector 102,2.6,1852.0,3,3,3+,1 to 5 year old,0,medium,1,mid-rise
sector 70,2.35,1950.0,3,4,3,1 to 5 year old,0,high,3,mid-rise
sector 92,1.25,1207.0,3,3,3,0 to 1 year old,0,high,2,low-rise
sector 92,1.35,1689.8,3,2,3+,under construction,0,medium,2,low-rise
sector 92,1.28,1200.0,3,3,3,0 to 1 year old,0,high,2,low-rise
sector 61,2.6,1544.8,3,3,3,0 to 1 year old,0,medium,2,low-rise
sector 108,3.41,1711.0,3,3,2,0 to 1 year old,0,high,2,high-rise
sohna,2.1,2556.0,3,3,3,under construction,0,medium,1,low-rise
sector 84,1.82,1918.0,3,3,3+,1 to 5 year old,0,medium,1,mid-rise
sector 84,2.24,2275.0,3,3,3+,1 to 5 year old,1,medium,2,mid-rise
sector 84,2.05,2275.0,3,4,3+,1 to 5 year old,1,medium,2,mid-rise
sector 84,1.77,1750.0,3,3,2,5 to 10 year old,0,high,2,mid-rise
sector 84,1.88,1890.0,3,3,3+,0 to 1 year old,0,medium,1,mid-rise
sector 84,1.87,1890.0,3,3,3+,1 to 5 year old,0,medium,1,mid-rise
sector 72,4.29,2185.0,3,4,3+,0 to 1 year old,1,high,2,high-rise
sector 72,5.0,2550.0,3,3,3,5 to 10 year old,1,high,2,high-rise
sector 72,4.85,2550.0,3,3,3+,1 to 5 year old,1,high,2,high-rise
nirvana country,4.4,2491.0,3,4,3+,5 to 10 year old,1,high,2,mid-rise
sector 70,1.46,1137.0,3,2,2,1 to 5 year old,0,high,1,mid-rise
sector 70,1.73,1437.0,3,3,3,1 to 5 year old,0,high,1,mid-rise
sector 69,2.25,1578.0,3,3,2,1 to 5 year old,0,medium,1,mid-rise
sector 69,2.35,1578.0,3,3,2,5 to 10 year old,0,medium,2,mid-rise
sector 69,2.38,1578.0,3,3,2,1 to 5 year old,0,high,1,mid-rise
sector 69,2.34,1578.0,3,3,2,1 to 5 year old,0,medium,0,mid-rise
sector 69,2.37,1578.0,3,3,2,1 to 5 year old,0,medium,1,mid-rise
sector 69,2.4,1578.0,3,3,2,1 to 5 year old,0,medium,1,mid-rise
sector 69,2.35,1578.0,3,3,2,1 to 5 year old,0,medium,0,mid-rise
sector 69,2.39,1578.0,3,3,2,1 to 5 year old,0,high,1,mid-rise
sector 69,2.5,1578.0,3,3,2,5 to 10 year old,0,high,1,mid-rise
sector 69,2.36,1578.0,3,3,2,1 to 5 year old,0,medium,1,mid-rise
sector 69,2.55,1850.0,3,4,2,1 to 5 year old,0,high,1,mid-rise
sector 69,1.55,1882.92,3,2,3,1 to 5 year old,0,high,1,mid-rise
sector 69,1.58,1973.8,3,2,3,5 to 10 year old,0,high,1,mid-rise
sector 69,1.55,1973.8,3,2,3,1 to 5 year old,0,high,1,mid-rise
sector 69,2.39,1704.0,3,3,3+,0 to 1 year old,0,high,1,high-rise
sector 69,2.32,1704.0,3,3,3+,0 to 1 year old,0,high,2,high-rise
sector 69,2.42,1704.0,3,3,3,0 to 1 year old,0,high,2,high-rise
sector 69,2.33,1704.0,3,3,3+,1 to 5 year old,0,high,1,high-rise
sector 69,2.31,1704.0,3,3,3+,0 to 1 year old,0,high,1,high-rise
sector 69,2.32,1704.0,3,3,3+,0 to 1 year old,1,high,1,high-rise
sector 69,2.34,1704.0,3,3,3+,0 to 1 year old,0,high,1,high-rise
sector 69,2.4,1704.0,3,3,3,0 to 1 year old,0,high,2,high-rise
sector 69,2.31,1704.0,3,3,3+,0 to 1 year old,0,high,1,high-rise
sector 69,2.41,1704.0,3,3,3+,0 to 1 year old,0,high,0,high-rise
sector 69,2.3,1704.0,3,3,3+,0 to 1 year old,0,high,2,high-rise
sector 69,2.35,1704.0,3,3,3,0 to 1 year old,0,high,2,high-rise
sector 69,2.34,1704.0,3,3,3+,0 to 1 year old,0,high,1,high-rise
sector 69,2.33,1704.0,3,3,3+,1 to 5 year old,0,high,1,high-rise
sector 69,2.32,1704.0,3,3,3+,0 to 1 year old,0,high,1,high-rise
sector 69,2.33,1704.0,3,3,3+,0 to 1 year old,0,high,1,high-rise
nirvana country,3.2,2066.0,3,4,2,5 to 10 year old,1,medium,2,mid-rise
nirvana country,3.2,2066.0,3,4,2,5 to 10 year old,1,high,2,mid-rise
nirvana country,3.6,2711.0,3,4,2,5 to 10 year old,1,high,2,mid-rise
sector 30,4.51,2368.0,3,5,3+,10+ year old,1,medium,2,mid-rise
sector 47,3.3,2086.0,3,4,3+,10+ year old,1,medium,1,mid-rise
sector 83,1.7,1740.0,3,3,2,5 to 10 year old,0,high,2,mid-rise
sector 49,3.4,2084.0,3,3,3,1 to 5 year old,1,high,2,mid-rise
sector 49,4.4,2221.0,3,4,3,1 to 5 year old,1,high,2,mid-rise
sector 49,4.1,2420.0,3,4,3+,1 to 5 year old,1,high,2,mid-rise
sector 83,1.89,1735.0,3,3,2,5 to 10 year old,0,high,2,mid-rise
sector 83,2.0,1980.0,3,3,3,5 to 10 year old,1,high,2,mid-rise
sector 82,1.7,2130.0,3,3,2,5 to 10 year old,0,medium,1,low-rise
sector 89 a,1.95,1950.0,3,3,2,under construction,0,medium,1,mid-rise
sector 89 a,1.85,1960.0,3,3,3,0 to 1 year old,0,medium,2,mid-rise
sector 89 a,1.99,2085.0,3,2,3,0 to 1 year old,1,high,1,mid-rise
sector 82,2.05,1877.0,3,3,3,5 to 10 year old,0,high,2,mid-rise
sector 82,2.32,2160.0,3,3,3+,5 to 10 year old,1,high,2,mid-rise
sector 81,1.42,1530.0,3,3,3,5 to 10 year old,0,medium,1,mid-rise
sector 81,1.55,1780.0,3,4,3,5 to 10 year old,1,medium,1,mid-rise
sector 102,3.55,3198.0,4,5,3+,1 to 5 year old,1,high,2,high-rise
sector 70a,4.6,2925.0,4,5,3,1 to 5 year old,1,high,2,high-rise
b block sushant lok phase 1,4.8,3834.0,4,4,3,0 to 1 year old,0,low,1,low-rise
sector 109,3.6,3150.0,4,5,3+,1 to 5 year old,1,high,1,high-rise
sector 104,3.8,3150.0,4,4,3+,1 to 5 year old,1,high,2,high-rise
sector 104,3.8,3150.0,4,4,3+,1 to 5 year old,1,high,3,high-rise
sector 104,3.82,3150.0,4,4,3+,1 to 5 year old,1,medium,2,high-rise
sector 104,3.7,3150.0,4,4,3+,1 to 5 year old,1,medium,2,high-rise
sector 104,3.9,3150.0,4,4,3+,1 to 5 year old,1,medium,2,high-rise
sector 104,4.0,3150.0,4,4,3+,1 to 5 year old,1,high,2,high-rise
sector 48,4.9,3499.0,4,5,3+,1 to 5 year old,1,high,2,mid-rise
sector 92,3.1,2475.0,4,5,3+,1 to 5 year old,1,medium,2,mid-rise
sector 67,4.2,2685.0,4,5,3+,5 to 10 year old,1,high,2,mid-rise
sector 92,2.75,2300.0,4,4,2,1 to 5 year old,1,high,2,low-rise
sector 86,2.39,2356.0,4,4,3+,1 to 5 year old,1,medium,2,mid-rise
sector 90,2.61,2215.0,4,4,3+,1 to 5 year old,0,medium,2,mid-rise
dlf phase 5,7.4,1960.932528,4,5,3,0 to 1 year old,0,low,2,low-rise
dlf phase 5,7.3,4125.384,4,5,3,0 to 1 year old,0,low,0,low-rise
dlf phase 5,3.65,1740.0,4,4,2,10+ year old,0,high,1,mid-rise
dlf phase 5,8.5,2800.0,4,4,3,5 to 10 year old,1,medium,2,mid-rise
sector 102,3.2,3200.0,4,5,3+,1 to 5 year old,1,high,1,mid-rise
sector 88a,2.65,2317.0,4,6,3+,1 to 5 year old,1,medium,2,high-rise
sector 106,4.1,2720.0,4,4,3+,0 to 1 year old,0,high,1,high-rise
sector 66,3.5,2052.0,4,4,3+,5 to 10 year old,1,high,2,mid-rise
sector 54,10.5,4334.7771999999995,4,4,3+,10+ year old,1,medium,2,mid-rise
sector 49,4.25,2562.0,4,4,3+,10+ year old,1,medium,2,mid-rise
sector 49,4.25,2562.0,4,4,3+,10+ year old,1,high,1,mid-rise
sector 49,4.65,2850.0,4,3,3+,10+ year old,1,high,2,mid-rise
gwal pahari,10.5,6000.0,4,6,2,0 to 1 year old,1,high,2,high-rise
sector 99a,2.48,2352.0,4,5,3+,1 to 5 year old,1,high,1,mid-rise
sector 99a,2.25,2352.0,4,5,3+,1 to 5 year old,1,high,1,mid-rise
sector 99,2.45,2890.0,4,4,3+,1 to 5 year old,1,high,1,mid-rise
sector 111,4.8,2950.0,4,5,3+,1 to 5 year old,1,medium,2,mid-rise
sector 104,6.25,2450.0,4,4,3+,1 to 5 year old,1,medium,2,high-rise
sector 92,1.6,2093.0,4,4,3,1 to 5 year old,1,medium,1,mid-rise
sector 103,1.8,2639.0,4,5,3+,1 to 5 year old,1,high,1,mid-rise
sector 22,7.75,3976.0,4,5,3,1 to 5 year old,1,medium,3,mid-rise
sector 77,7.25,3033.12,4,4,3,under construction,1,medium,5,high-rise
sector 102,3.17,2162.0,4,4,3+,1 to 5 year old,0,high,2,mid-rise
sector 102,3.2,2162.0,4,4,3+,0 to 1 year old,0,high,2,mid-rise
sector 102,2.95,2162.0,4,4,3+,0 to 1 year old,1,high,4,high-rise
sector 102,2.85,2180.0,4,4,3+,1 to 5 year old,0,medium,2,high-rise
sector 84,4.1,6032.16,4,6,3+,1 to 5 year old,1,medium,2,mid-rise
sector 72,5.25,2625.0,4,4,3+,0 to 1 year old,1,high,2,high-rise
sector 72,5.0,2625.0,4,5,3+,1 to 5 year old,1,high,2,high-rise
sector 72,4.95,2905.0,4,5,3+,1 to 5 year old,1,high,2,high-rise
sector 72,5.5,2905.0,4,5,3+,1 to 5 year old,1,high,2,high-rise
sector 72,5.25,2905.0,4,5,3,0 to 1 year old,1,high,2,high-rise
sector 72,5.2,2905.0,4,5,3+,1 to 5 year old,1,high,2,high-rise
sector 72,5.1,2905.0,4,4,3+,0 to 1 year old,1,high,2,high-rise
sector 72,5.45,2905.0,4,4,3+,1 to 5 year old,1,high,2,high-rise
sector 72,5.5,2905.0,4,4,3,1 to 5 year old,1,high,2,high-rise
sector 72,6.4,3300.0,4,5,3,5 to 10 year old,1,high,2,mid-rise
sector 72,7.11,3355.0,4,4,3+,1 to 5 year old,1,high,2,high-rise
sector 72,7.15,3355.0,4,4,3+,0 to 1 year old,1,medium,2,high-rise
sector 72,7.05,3355.0,4,4,3+,1 to 5 year old,1,high,2,high-rise
sector 72,7.1,3355.0,4,4,3+,1 to 5 year old,1,high,2,high-rise
nirvana country,6.99,4413.0,4,6,3+,10+ year old,1,medium,2,mid-rise
sector 69,2.76,2400.0,4,5,3+,1 to 5 year old,1,medium,2,mid-rise
sector 69,2.63,2400.0,4,5,3+,5 to 10 year old,1,high,2,mid-rise
sector 69,2.63,2400.0,4,5,3+,5 to 10 year old,1,high,2,mid-rise
sector 69,3.21,2010.0,4,4,2,1 to 5 year old,0,medium,2,mid-rise
sector 69,3.25,2010.0,4,4,2,1 to 5 year old,0,medium,2,mid-rise
sector 69,3.0,2010.0,4,4,3+,1 to 5 year old,0,high,2,mid-rise
sector 49,4.8,2998.0,4,5,3,1 to 5 year old,1,high,2,mid-rise
sector 83,2.5,2390.0,4,4,3+,1 to 5 year old,0,high,2,mid-rise
sector 99,3.9,3360.0,4,4,3+,0 to 1 year old,1,high,2,mid-rise
sector 82,2.8,2425.0,4,4,3+,5 to 10 year old,1,high,2,mid-rise
sector 82,2.75,2425.0,4,5,3+,5 to 10 year old,1,high,2,mid-rise
sector 76,4.95,5500.0,5,5,2,1 to 5 year old,1,medium,1,mid-rise
sector 70,4.7,5467.0,5,7,3,5 to 10 year old,1,high,2,mid-rise
sector 76,0.9,826.9086,2,2,1,1 to 5 year old,0,medium,1,mid-rise
sector 47,3.85,2416.0,4,4,3+,10+ year old,1,high,2,mid-rise
sector 67,0.78,800.0,2,2,1,1 to 5 year old,0,medium,2,mid-rise
sector 67a,0.95,839.2199999999999,2,2,1,1 to 5 year old,0,low,2,mid-rise
sector 103,1.75,1710.0,3,2,3,1 to 5 year old,0,medium,2,mid-rise
sector 93,2.1,1530.0,3,3,3,under construction,0,low,1,low-rise
sector 89 a,1.9,1960.0,3,3,3,0 to 1 year old,1,high,2,mid-rise
sector 89 a,1.7,1645.0,2,2,3,0 to 1 year old,1,high,2,mid-rise
sector 77,7.0,3577.0,4,4,3+,under construction,1,medium,2,high-rise
sector 77,1.28,1342.0,2,2,2,1 to 5 year old,0,medium,1,mid-rise
sector 61,2.0,1682.6999999999998,2,2,2,under construction,0,medium,1,low-rise
sector 83,1.35,1340.0,3,3,3,1 to 5 year old,0,medium,1,mid-rise
sector 90,2.6,2575.0,4,4,2,0 to 1 year old,0,medium,2,mid-rise
sector 53,6.0,2328.7999999999997,3,3,3,under construction,0,medium,1,mid-rise
sector 65,12.0,4015.0,3,4,3+,1 to 5 year old,1,high,2,mid-rise
sector 68,2.65,1950.0,3,3,3+,1 to 5 year old,0,high,2,high-rise
sector 113,1.85,1595.0,2,2,3,0 to 1 year old,0,medium,1,high-rise
sector 62,3.6,1996.0,3,3,3,1 to 5 year old,1,high,3,high-rise
sector 76,0.85,889.24944,2,2,2,1 to 5 year old,0,medium,1,mid-rise
sector 106,2.1,1366.0,2,2,2,0 to 1 year old,0,medium,1,high-rise
sector 90,1.7,1875.0,3,3,2,1 to 5 year old,1,medium,4,mid-rise
sector 92,2.29,2706.52,3,3,3,under construction,1,medium,0,high-rise
sector 102,2.8,2162.0,4,4,3+,1 to 5 year old,0,medium,2,high-rise
sector 108,2.25,1758.0,3,3,3+,5 to 10 year old,1,high,2,mid-rise
sector 102,2.6,1952.0,3,3,3,0 to 1 year old,0,medium,2,high-rise
sector-33 sohna,1.5,1860.2,2,2,3,under construction,0,medium,1,high-rise
sector 104,2.0,1359.0,3,2,2,under construction,0,medium,1,high-rise
sector 104,1.85,3300.08,4,4,3+,1 to 5 year old,1,high,2,mid-rise
sector 104,2.15,3822.64,4,5,3+,1 to 5 year old,1,high,3,mid-rise
sector 109,2.5,2095.0,3,4,3,1 to 5 year old,1,medium,1,high-rise
sector 104,2.3,1440.0,3,2,3+,1 to 5 year old,0,medium,2,mid-rise
sector 103,1.4,1762.0,3,3,3+,0 to 1 year old,0,medium,2,mid-rise
behrampur,0.88,729.88,2,2,1,1 to 5 year old,0,low,0,mid-rise
sohna,0.6,754.8294000000001,2,2,2,0 to 1 year old,0,low,1,mid-rise
sector 86,2.45,2356.0,4,4,3+,5 to 10 year old,1,medium,2,mid-rise
sector 61,2.8,1670.0,3,2,3,5 to 10 year old,0,high,2,high-rise
sector 86,1.85,1930.0,3,3,3+,1 to 5 year old,1,medium,1,mid-rise
sector 90,0.83,690.0,2,1,1,1 to 5 year old,0,low,1,mid-rise
sector 62,5.7,2782.0,3,3,3,1 to 5 year old,1,medium,3,high-rise
sector 85,1.75,1772.0,2,2,3,0 to 1 year old,0,high,1,high-rise
sector 62,3.6,1508.0,2,2,3,1 to 5 year old,0,medium,5,high-rise
sector 89,1.85,1620.0,3,3,3,0 to 1 year old,1,medium,1,low-rise
sector 65,15.5,4550.0,4,4,2,under construction,1,medium,0,high-rise
sector 83,2.25,1800.0,3,3,2,5 to 10 year old,0,high,2,low-rise
sector 48,3.65,2350.0,3,5,3+,1 to 5 year old,1,high,2,mid-rise
sector 86,0.99,1360.0,2,2,1,1 to 5 year old,0,medium,1,mid-rise
sector 92,2.35,1995.0,3,4,3,1 to 5 year old,1,high,2,mid-rise
sector 82,1.58,1430.0,3,3,3,5 to 10 year old,0,medium,1,high-rise
sector 72,4.75,2605.0,4,6,3+,1 to 5 year old,1,high,2,high-rise
sector 108,1.3,1283.0,2,3,3,1 to 5 year old,1,medium,1,mid-rise
sector 63,10.07,3950.0,4,6,3,under construction,1,medium,0,high-rise
sector 53,10.68,3684.0,4,4,3,under construction,1,medium,2,high-rise
sector 113,4.0,3821.22,3,4,3,1 to 5 year old,1,medium,2,high-rise
sector 65,2.95,2700.0,4,4,3,1 to 5 year old,0,high,1,low-rise
sector 88a,2.0,1850.0,3,3,3+,1 to 5 year old,0,high,2,mid-rise
sector 88a,1.65,1616.0,2,2,3+,1 to 5 year old,0,high,1,mid-rise
sohna,1.1,1535.02,3,2,2,1 to 5 year old,0,low,1,low-rise
sector 85,1.31,2108.7,3,3,2,5 to 10 year old,0,high,1,mid-rise
sector 37c,1.9,2937.5,3,3,3+,0 to 1 year old,0,low,1,mid-rise
sector 68,1.75,1507.0,2,2,3+,1 to 5 year old,0,medium,1,high-rise
sector 109,4.35,3150.0,4,5,3+,1 to 5 year old,1,medium,2,high-rise
sector 65,3.0,2343.0,3,3,3,1 to 5 year old,1,high,2,mid-rise
sector 86,0.67,711.42,2,2,2,1 to 5 year old,0,medium,1,mid-rise
sector 86,0.665,714.26,2,2,2,1 to 5 year old,0,medium,1,mid-rise
sector 67a,0.85,839.2199999999999,2,2,1,1 to 5 year old,0,medium,1,mid-rise
s block dlf phase 3,4.0,3124.0,4,4,3,0 to 1 year old,0,low,1,low-rise
sector 103,1.95,1900.0,3,3,3+,1 to 5 year old,0,medium,2,mid-rise
sector 85,2.25,1740.0,2,2,2,0 to 1 year old,0,medium,0,high-rise
sector 48,3.1,1895.0,3,4,3+,10+ year old,1,high,1,mid-rise
sector 48,3.25,1895.0,3,4,3+,10+ year old,1,high,1,mid-rise
sector 49,3.1,2082.0,3,3,3+,10+ year old,1,medium,1,mid-rise
sector 85,0.67,824.3667999999999,2,2,1,0 to 1 year old,0,medium,1,mid-rise
sector 99,3.23,2690.0,3,3,3,1 to 5 year old,1,high,1,mid-rise
sector 48,2.12,1680.0,3,3,3,10+ year old,0,medium,1,mid-rise
sector 106,1.95,1434.1999999999998,2,2,3,0 to 1 year old,0,high,2,high-rise
sector 86,0.875,916.255,3,2,2,1 to 5 year old,0,medium,1,mid-rise
sector 82,1.7,1278.0,3,3,3,5 to 10 year old,0,medium,1,high-rise
sector 63a,2.3,1360.0,2,2,3,0 to 1 year old,1,high,2,low-rise
sector 3,2.15,2078.0,3,3,3,under construction,0,medium,1,mid-rise
dlf phase 5,3.4,1430.0,3,3,2,10+ year old,0,high,1,mid-rise
sector 37d,1.27,1079.0,2,2,3,1 to 5 year old,0,medium,1,mid-rise
sector 86,0.87,913.983,3,2,2,1 to 5 year old,0,medium,1,mid-rise
sector 86,0.88,916.255,3,2,2,1 to 5 year old,0,medium,1,mid-rise
sector 86,0.885,913.983,3,2,2,1 to 5 year old,0,medium,1,mid-rise
sector 88a,2.3,2059.0,3,4,3+,1 to 5 year old,1,high,2,high-rise
sector 37d,2.1,1811.0,3,3,3,1 to 5 year old,0,medium,2,mid-rise
sector 88a,1.92,2222.2999999999997,3,3,3+,0 to 1 year old,0,medium,2,high-rise
sector 89,0.75,745.145,2,2,1,under construction,0,medium,1,mid-rise
sohna,1.2,1264.0,2,2,3,1 to 5 year old,0,medium,1,mid-rise
sector 85,2.75,2148.46,4,4,3+,under construction,1,low,2,low-rise
sector 65,2.77,1261.0,2,2,3,0 to 1 year old,0,medium,1,high-rise
sector 92,1.5,1628.0,3,3,3+,5 to 10 year old,0,medium,1,mid-rise
sohna,1.8,1720.0,3,3,2,0 to 1 year old,0,medium,2,mid-rise
sector 85,1.02,824.3667999999999,2,2,1,0 to 1 year old,0,medium,1,mid-rise
sector 89,4.15,1729.60544,3,3,3+,under construction,1,low,1,high-rise
sector 77,1.74,1450.0,3,4,3,1 to 5 year old,1,medium,1,mid-rise
sector 36a,3.1,1478.0,2,2,3,0 to 1 year old,0,high,1,high-rise
sector-33 sohna,2.1,2834.3199999999997,3,2,3,under construction,0,low,1,mid-rise
sohna,1.96,1720.0,3,3,3,under construction,0,medium,1,mid-rise
sector 37c,1.28,1578.0,2,2,2,1 to 5 year old,0,medium,1,high-rise
sector 66,4.75,3124.0,3,3,3,5 to 10 year old,1,medium,2,mid-rise
sector 69,1.89,1882.92,3,2,3,5 to 10 year old,0,medium,1,mid-rise
sector 90,3.0,1778.0,3,3,3+,1 to 5 year old,0,medium,1,high-rise
sector 72,4.81,2550.0,3,3,3+,0 to 1 year old,1,high,2,high-rise
sector 79,1.54,1570.52,2,2,2,0 to 1 year old,0,medium,2,mid-rise
sector 79,2.33,2252.12,3,3,3,0 to 1 year old,0,medium,2,mid-rise
sector 70,2.4,1846.0,3,3,3,1 to 5 year old,1,medium,1,mid-rise
sector 99,1.4,1365.0,2,2,3+,0 to 1 year old,0,high,1,high-rise
sector 66,6.98,4309.7,3,4,3,under construction,1,medium,2,high-rise
dlf phase 4,2.14,1150.0,2,2,2,10+ year old,0,high,1,high-rise
dlf phase 5,3.8,1900.0,3,3,2,10+ year old,0,high,1,low-rise
sector 54,14.0,3500.0,4,6,3+,5 to 10 year old,1,medium,5,high-rise
sector 67a,0.82,900.0,2,2,2,1 to 5 year old,0,medium,1,mid-rise
sector 67a,0.78,800.0,2,2,1,1 to 5 year old,0,high,1,mid-rise
sector 86,2.15,1480.0,3,2,2,1 to 5 year old,0,high,1,mid-rise
sector 81,1.99,2225.0,4,5,3,5 to 10 year old,1,medium,1,mid-rise
sector 71,0.84,600.0,2,2,1,1 to 5 year old,0,medium,1,mid-rise
sector 71,0.87,600.0,2,2,1,1 to 5 year old,0,low,0,mid-rise
sector 82,3.0,2535.0,4,4,3,1 to 5 year old,0,medium,2,high-rise
sector 66,2.7,1895.0,3,4,3,1 to 5 year old,1,medium,2,mid-rise
sector 77,3.25,2025.0,3,3,3,0 to 1 year old,1,medium,2,high-rise
sector 65,3.35,1828.0,3,3,3,0 to 1 year old,0,medium,1,high-rise
sector 82,1.8,1690.0,3,3,3+,1 to 5 year old,0,medium,1,mid-rise
sector 70a,0.73,836.0,2,2,2,1 to 5 year old,0,medium,1,mid-rise
sector 93,0.61,823.5999999999999,2,2,2,1 to 5 year old,0,medium,1,mid-rise
sector 93,1.95,2105.0,3,3,3,5 to 10 year old,1,medium,1,mid-rise
sector 77,7.5,5079.34,4,4,3+,under construction,1,high,3,high-rise
sohna,4.58,3124.0,3,4,3+,under construction,1,high,2,low-rise
sector 65,2.7,1395.0,3,3,3,1 to 5 year old,0,medium,1,low-rise
sector 81,0.75,652.0,2,2,1,1 to 5 year old,0,low,1,mid-rise
sector 86,0.725,714.26,2,2,1,1 to 5 year old,0,low,0,mid-rise
sector-33 sohna,1.85,1210.0,2,2,3,0 to 1 year old,0,medium,0,low-rise
sohna,1.21,1536.4399999999998,3,2,3+,0 to 1 year old,0,medium,5,low-rise
sector 37d,4.4,4619.4872,4,4,3,under construction,1,high,0,high-rise
sector 57,3.4,2293.0,3,4,3+,10+ year old,1,high,2,mid-rise
sector 79,1.9,2249.2799999999997,3,3,3,under construction,0,low,0,low-rise
sector 89,3.8,3521.6,4,5,3+,under construction,0,low,1,high-rise
sohna,1.17,1205.0,2,2,2,1 to 5 year old,0,medium,1,mid-rise
sector 62,4.65,2262.0,3,4,3,under construction,1,medium,2,high-rise
sector 111,2.0,1715.0,2,3,3,under construction,1,medium,1,mid-rise
gwal pahari,1.45,1097.0,2,2,2,5 to 10 year old,0,medium,1,mid-rise
sector 89,2.2,1260.0,2,2,3,under construction,0,low,0,high-rise
sector-33 sohna,3.0,1789.0,3,3,3,0 to 1 year old,0,high,2,mid-rise
sector 66,3.25,2063.0,3,3,3,5 to 10 year old,0,high,1,mid-rise
sector 61,3.1,1795.0,3,3,3,5 to 10 year old,0,medium,2,mid-rise
sector 92,1.25,1326.0,3,2,2,0 to 1 year old,0,medium,1,mid-rise
sector 99,1.3,1310.0,2,2,1,under construction,0,medium,1,mid-rise
sector 70a,3.5,3053.0,3,3,3,1 to 5 year old,0,medium,2,high-rise
sector 103,3.5,2355.0,3,3,3,under construction,0,low,2,mid-rise
sector 82,3.25,2535.0,4,5,3+,5 to 10 year old,1,medium,1,high-rise
sector 67,0.87,994.0,2,2,1,1 to 5 year old,0,medium,2,mid-rise
sector 93,2.2,2172.6,3,3,3,under construction,1,medium,1,low-rise
galleria market,4.25,1720.0,4,4,2,10+ year old,0,medium,1,mid-rise
sector 106,1.9,2499.2,3,3,3+,1 to 5 year old,1,medium,1,high-rise
sector 65,2.9,3150.0,4,4,2,1 to 5 year old,1,high,1,low-rise
sector 92,4.0,3834.0,4,4,2,1 to 5 year old,1,medium,2,low-rise
sector 48,2.4,2070.0,3,3,3+,10+ year old,0,medium,1,mid-rise
sector 95a,0.66,970.0,2,2,2,1 to 5 year old,0,medium,1,mid-rise
sector 90,3.0,3152.3999999999996,4,3,3+,5 to 10 year old,0,medium,2,mid-rise
sohna,0.87,1167.24,2,2,3,0 to 1 year old,0,medium,1,low-rise
sector 104,1.9,1359.0,3,2,3,under construction,0,medium,1,high-rise
sector 95a,0.6,900.0,2,2,2,1 to 5 year old,0,low,1,mid-rise
sector 79,2.08,1660.0,3,3,2,under construction,0,low,1,low-rise
sector 104,1.9,1359.0,3,2,3,0 to 1 year old,0,medium,1,high-rise
sector 84,3.5,3193.0,3,5,3+,0 to 1 year old,1,medium,2,mid-rise
sector 84,0.65,583.0,2,2,1,1 to 5 year old,0,medium,1,mid-rise
sector 79,1.8,2165.5,3,3,3+,under construction,0,low,2,low-rise
sector 70a,1.2,852.0,2,2,2,0 to 1 year old,0,low,1,mid-rise
sector 89,1.9,2020.66,3,3,2,0 to 1 year old,0,medium,1,low-rise
sector 76,2.6,1628.0,3,3,2,under construction,0,high,1,low-rise
sector 107,0.4,437.36,1,1,2,1 to 5 year old,0,low,0,low-rise
sector 79,1.8,1975.0,3,3,2,under construction,0,medium,1,low-rise
sector 90,2.3,2499.2,3,3,3+,5 to 10 year old,0,medium,1,high-rise
sector 92,1.15,1250.0,2,2,2,1 to 5 year old,0,low,0,low-rise
sector 67a,2.85,3124.0,4,4,2,0 to 1 year old,0,medium,0,low-rise
sector 108,2.8,2631.0,4,5,3+,1 to 5 year old,1,medium,2,mid-rise
sector 76,0.95,735.0,2,2,0,0 to 1 year old,0,medium,0,mid-rise
sector 79,1.95,1490.0,3,3,3,1 to 5 year old,0,medium,1,high-rise
sector 104,2.53,2290.0,3,4,3+,1 to 5 year old,1,medium,3,high-rise
dlf phase 3,2.15,1917.0,3,2,2,5 to 10 year old,0,medium,2,low-rise
sector 70a,2.2,1600.0,2,2,3,1 to 5 year old,0,high,2,mid-rise
sector 99a,1.45,1550.0,2,2,3,0 to 1 year old,0,medium,1,mid-rise
sector 53,7.5,2874.0,3,3,3,under construction,0,medium,0,high-rise
sohna,1.72,1527.0,3,3,2,0 to 1 year old,0,medium,2,mid-rise
sector 81,0.5,320.0,1,1,1,1 to 5 year old,0,medium,0,mid-rise
sector 77,6.7,3053.0,5,5,3,under construction,1,low,2,high-rise
sector 58,5.25,2427.0,3,4,2,1 to 5 year old,1,high,2,mid-rise
sector 62,3.25,1600.0,2,2,2,under construction,0,medium,1,high-rise
sector 49,3.0,2207.5,3,3,3,5 to 10 year old,0,medium,1,mid-rise
sector 88a,0.74,915.9,2,2,2,0 to 1 year old,0,low,2,mid-rise
sector 102,2.58,1942.0,3,4,3+,1 to 5 year old,1,high,2,high-rise
sector 30,15.0,5200.0,5,5,3+,10+ year old,1,medium,0,high-rise
sector 85,2.6,2597.18,3,3,3+,under construction,0,medium,1,high-rise
sector 70a,0.6855,839.4329999999999,2,2,0,1 to 5 year old,0,low,1,mid-rise
pocket h nirvana country,2.5,1796.0,2,2,2,10+ year old,0,high,1,mid-rise
sector 69,2.6,1578.0,3,3,2,5 to 10 year old,0,medium,2,mid-rise
malibu town,5.5,3285.0,4,4,3+,5 to 10 year old,1,medium,1,mid-rise
sector 49,4.25,2562.0,4,4,3,5 to 10 year old,1,medium,2,mid-rise
sector 49,3.1,1805.0,3,3,3,10+ year old,0,high,1,mid-rise
sector 66,4.1,1950.0,3,3,2,10+ year old,1,high,2,mid-rise
sector 107,2.7,2768.0,4,5,3+,1 to 5 year old,1,high,0,mid-rise
sector 88a,2.3,2066.0,3,3,3+,1 to 5 year old,1,high,0,mid-rise
sector 110 a,1.7,1198.0,2,2,2,1 to 5 year old,0,high,1,mid-rise
sector 85,1.75,1400.0,2,2,3,0 to 1 year old,0,high,1,high-rise
sector 85,1.8,1400.0,2,2,1,1 to 5 year old,0,high,1,high-rise
sector 85,2.8,2129.0,3,4,3+,0 to 1 year old,1,high,2,high-rise
sector 85,2.65,1855.0,3,3,3+,0 to 1 year old,0,high,1,high-rise
sector 36a,2.85,1479.0,2,2,3,0 to 1 year old,0,high,1,high-rise
sector 36a,3.65,1956.0,3,3,3,0 to 1 year old,0,high,2,high-rise
sector 88a,2.2,1835.0,3,3,3+,1 to 5 year old,0,high,2,mid-rise
sector 80,3.2,3163.0,4,4,3+,1 to 5 year old,0,high,2,mid-rise
sector 80,2.25,2262.0,3,4,3+,1 to 5 year old,0,high,2,mid-rise
sector 3,2.6,2650.0,4,4,3+,0 to 1 year old,0,high,2,mid-rise
sector 3,2.1,2078.0,3,3,3+,0 to 1 year old,0,high,2,mid-rise
sector 3,2.15,2078.0,3,3,3+,0 to 1 year old,0,high,2,mid-rise
sector 80,2.0,1928.0,3,3,3+,1 to 5 year old,0,high,1,mid-rise
sector 83,1.3,1340.0,3,3,3,5 to 10 year old,0,medium,1,mid-rise
sector 79,1.7,1505.0,2,2,2,1 to 5 year old,0,medium,1,mid-rise
sector 79,2.8,2262.0,3,4,3+,1 to 5 year old,1,medium,1,mid-rise
sector 77,1.78,1822.0,3,3,3,1 to 5 year old,0,high,2,mid-rise
sohna,1.75,1751.0,3,3,3+,0 to 1 year old,0,medium,1,mid-rise
sector 102,1.83,1650.0,3,3,3,1 to 5 year old,1,medium,1,mid-rise
sector 106,1.44,1385.0,2,2,3+,1 to 5 year old,0,medium,1,mid-rise
sector 107,2.3,2361.0,3,4,3,5 to 10 year old,1,high,1,mid-rise
sector 107,1.55,1534.0,2,2,3,5 to 10 year old,0,high,1,mid-rise
sector 103,3.05,2875.0,4,6,3+,1 to 5 year old,1,high,1,mid-rise
sector 111,3.5,1780.0,3,3,3,5 to 10 year old,0,high,1,mid-rise
sector 106,1.55,1385.0,2,2,2,1 to 5 year old,0,medium,1,high-rise
sector 106,1.85,1760.0,3,3,3,5 to 10 year old,1,medium,1,high-rise
sector 102,2.7,1898.0,3,3,3,1 to 5 year old,1,medium,1,high-rise
sector 102,2.4,1689.0,3,3,3,1 to 5 year old,0,high,0,high-rise
sector 106,2.2,2350.0,4,4,3,5 to 10 year old,1,medium,1,high-rise
sector 37c,1.55,1815.0,3,3,2,1 to 5 year old,1,medium,1,high-rise
sector 99,1.8,1865.0,3,3,3+,1 to 5 year old,0,high,2,mid-rise
sector 108,2.35,2035.0,3,3,3,1 to 5 year old,1,high,1,mid-rise
sector 102,3.21,2149.0,3,4,3+,1 to 5 year old,1,high,1,high-rise
sector 92,1.8,2040.0,4,4,3,5 to 10 year old,1,medium,1,mid-rise
sector 37c,2.0,2600.0,4,4,3+,1 to 5 year old,1,medium,1,high-rise
sector 106,3.25,2002.0,3,3,3,0 to 1 year old,0,high,1,high-rise
nirvana country,2.6,1877.0,3,4,3+,5 to 10 year old,1,medium,3,mid-rise
sector 86,2.3,1480.0,2,2,3,1 to 5 year old,0,medium,2,mid-rise
sector 83,2.0,1740.0,3,2,2,1 to 5 year old,0,low,2,low-rise
sector 90,2.62,2727.0,4,4,3+,5 to 10 year old,0,medium,0,high-rise
sector 82,1.35,1250.0,2,2,2,1 to 5 year old,0,medium,1,mid-rise
sector 92,1.15,1198.75,2,2,3,0 to 1 year old,0,medium,1,low-rise
sector 84,1.45,1491.0,2,2,2,5 to 10 year old,0,medium,1,high-rise
sector 61,4.39,2690.0,4,4,3,5 to 10 year old,1,medium,2,mid-rise
sector 62,3.65,1996.0,3,3,3,5 to 10 year old,1,medium,1,high-rise
sector 60,3.9,2045.0,3,4,3+,5 to 10 year old,0,medium,0,mid-rise
sector 66,7.5,3625.0,4,5,3+,5 to 10 year old,1,medium,2,mid-rise
sector 67a,2.6,1950.0,3,3,3,1 to 5 year old,1,high,2,mid-rise
sector 79,2.52,2050.0,3,3,2,0 to 1 year old,0,medium,1,mid-rise
sector 91,1.9,1930.0,3,3,3,1 to 5 year old,1,medium,2,mid-rise
sohna,1.67,1527.0,3,3,2,0 to 1 year old,0,high,2,mid-rise
sector 112,3.4,3479.0,3,3,3,1 to 5 year old,0,medium,4,high-rise
sector 110,5.5,3880.0,5,5,3+,1 to 5 year old,1,medium,2,mid-rise
sector 110,4.85,3400.0,4,5,3,1 to 5 year old,1,medium,2,mid-rise
sohna,1.55,1272.0,1,1,1,1 to 5 year old,0,medium,2,mid-rise
sector 107,1.48,1536.0,2,2,3,1 to 5 year old,0,medium,1,mid-rise
sector-33 sohna,3.6,2407.0,4,4,3+,1 to 5 year old,1,high,2,mid-rise
sector-33 sohna,2.6,1789.0,3,3,3,1 to 5 year old,0,high,2,mid-rise
sector-33 sohna,1.9,1776.0,3,3,3,0 to 1 year old,0,medium,3,mid-rise
heritage city,7.2,3840.0,4,4,3+,10+ year old,1,low,2,mid-rise
sector 70a,3.25,2150.0,3,4,3+,1 to 5 year old,1,medium,2,mid-rise
sector 65,2.92,2700.0,4,3,3,1 to 5 year old,0,medium,1,low-rise
sector-33 sohna,1.7,1414.32,3,3,2,0 to 1 year old,0,medium,2,mid-rise
sector-33 sohna,1.25,1275.0,2,2,2,1 to 5 year old,0,medium,2,mid-rise
sector-33 sohna,1.27,1275.0,2,2,2,1 to 5 year old,0,medium,2,mid-rise
sector-33 sohna,1.85,1720.0,3,3,2,1 to 5 year old,0,medium,1,mid-rise
sector 67a,2.45,1933.0,3,3,3,1 to 5 year old,0,high,2,mid-rise
sector 103,1.5,1423.0,2,2,3,1 to 5 year old,0,medium,0,mid-rise
sector 106,2.5,1455.038216,3,3,2,1 to 5 year old,0,medium,1,high-rise
sector 30,5.0,2689.0,3,5,3,10+ year old,1,medium,2,mid-rise
sector 102,2.35,2000.0,3,4,2,1 to 5 year old,1,medium,1,mid-rise
sector 79,1.83,1510.0,3,3,3,1 to 5 year old,0,high,1,high-rise
sector 79,1.45,1351.0,2,2,3,1 to 5 year old,0,high,1,mid-rise
sector 69,2.45,1704.0,3,3,3,0 to 1 year old,0,medium,1,high-rise
sector 89,1.55,1494.0,3,3,2,0 to 1 year old,0,medium,1,low-rise
sector 79,1.75,1503.0,2,2,2,1 to 5 year old,0,medium,1,mid-rise
sector 102,1.45,915.0,2,2,2,1 to 5 year old,0,high,1,high-rise
sector 102,2.48,1852.0,3,3,3,1 to 5 year old,0,high,1,high-rise
sector-33 sohna,3.7,2600.0,4,4,3,0 to 1 year old,1,high,2,mid-rise
sector 83,2.72,1900.0,3,4,3,1 to 5 year old,1,medium,0,mid-rise
nirvana country,2.82,1877.0,3,4,3+,5 to 10 year old,1,high,2,mid-rise
sector 111,4.72,2950.0,4,5,3+,1 to 5 year old,1,high,2,mid-rise
sector 113,2.6,1579.0,3,2,2,1 to 5 year old,0,high,2,high-rise
sector-33 sohna,2.75,1789.0,3,3,3,1 to 5 year old,0,medium,2,mid-rise
sector-33 sohna,2.85,1789.0,3,3,3,1 to 5 year old,0,medium,2,mid-rise
sector-33 sohna,2.7,1789.0,3,3,3+,0 to 1 year old,0,high,1,mid-rise
sector 102,2.5,1852.0,3,3,3,1 to 5 year old,0,medium,1,high-rise
sector 92,1.48,2166.92,3,3,3+,0 to 1 year old,0,high,1,mid-rise
sector 113,2.0,1330.0,2,2,2,1 to 5 year old,0,medium,1,mid-rise
sector 102,2.3,2402.64,3,3,3,0 to 1 year old,0,medium,0,high-rise
sector 106,1.65,1760.0,3,4,3+,1 to 5 year old,1,high,1,high-rise
sector 89 a,2.31,2085.0,3,3,2,0 to 1 year old,1,medium,1,mid-rise
sector 89 a,3.08,2800.0,4,4,3,0 to 1 year old,1,medium,1,mid-rise
sector 37d,1.45,1770.0,3,3,3+,0 to 1 year old,0,high,2,mid-rise
sector 109,2.05,1750.0,3,3,3+,1 to 5 year old,0,medium,1,high-rise
sector 102,1.82,1215.0,2,2,2,1 to 5 year old,0,medium,1,high-rise
sector 106,1.95,1988.0,2,2,3,0 to 1 year old,1,high,1,high-rise
sector 108,3.2,1711.0,3,3,2,1 to 5 year old,0,high,1,high-rise
nirvana country,2.25,1418.0,2,2,3+,10+ year old,0,high,1,mid-rise
sector 37d,2.51,2191.0,4,3,3,1 to 5 year old,0,high,2,mid-rise
sector 106,1.45,1385.0,2,2,3+,1 to 5 year old,0,medium,0,mid-rise
sector 68,2.5,1999.0,3,4,3+,1 to 5 year old,1,high,3,high-rise
sector 68,1.75,1483.0,3,2,3,0 to 1 year old,0,high,1,high-rise
sector 82a,4.6,2576.0,4,4,3+,1 to 5 year old,1,high,3,mid-rise
sector 72,5.49,2905.0,4,4,3+,5 to 10 year old,1,medium,2,high-rise
sector 65,10.0,4010.0,3,3,3,5 to 10 year old,1,medium,0,high-rise
sector 81,4.5,3185.0,4,5,2,1 to 5 year old,1,high,3,high-rise
sector 81,3.6,2100.0,3,4,3+,1 to 5 year old,1,medium,2,high-rise
sector 49,3.5,2061.0,3,3,3,5 to 10 year old,0,medium,2,mid-rise
sector 82a,3.85,2308.0,4,4,3+,1 to 5 year old,0,high,2,mid-rise
sector 67,6.3,3297.0,4,4,3+,5 to 10 year old,1,high,2,high-rise
sector 81,4.25,3185.0,4,5,3+,1 to 5 year old,1,medium,2,mid-rise
sector 82a,2.95,1818.0,3,3,3+,1 to 5 year old,0,medium,1,high-rise
sector 81,4.95,2995.0,4,4,3+,1 to 5 year old,1,high,3,high-rise
sector 81,3.75,2103.0,3,4,3+,1 to 5 year old,1,medium,2,high-rise
sector 81,3.6,2100.0,3,4,3+,1 to 5 year old,1,medium,2,high-rise
sector 81,3.8,2132.0,3,3,2,1 to 5 year old,1,medium,2,high-rise
sector 92,2.35,2120.0,3,4,3,1 to 5 year old,1,high,2,mid-rise
sector 107,1.35,1366.0,2,2,3,1 to 5 year old,0,medium,1,mid-rise
sector 53,8.95,3390.0,4,4,3,5 to 10 year old,1,high,3,mid-rise
sector 37d,0.9,1055.0,2,2,2,1 to 5 year old,0,medium,1,mid-rise
dlf phase 4,3.1,1370.0,3,3,1,5 to 10 year old,0,high,1,mid-rise
sector 54,9.75,2721.0,4,5,3+,5 to 10 year old,1,high,3,high-rise
sector 71,4.3,4700.0,4,4,3+,5 to 10 year old,1,medium,2,mid-rise
sector-33 sohna,3.9,2600.0,4,5,3+,1 to 5 year old,1,medium,1,mid-rise
sector 110,4.65,3400.0,4,5,3,1 to 5 year old,1,medium,2,mid-rise
sector 111,3.1,1700.0,3,3,1,1 to 5 year old,0,medium,2,mid-rise
sector 108,2.7,1381.0,2,2,2,1 to 5 year old,0,high,1,high-rise
sector 69,2.38,1704.0,3,3,3,0 to 1 year old,0,medium,2,high-rise
sector 113,3.11,2771.25,3,4,3+,1 to 5 year old,1,medium,2,high-rise
sector 102,2.6,1889.0,3,4,3,1 to 5 year old,1,high,2,high-rise
sector 102,1.9,1650.0,3,3,3,1 to 5 year old,1,high,2,mid-rise
sector 103,1.15,1450.0,2,3,3,1 to 5 year old,1,high,2,mid-rise
sector 102,2.5,1852.0,3,3,3,1 to 5 year old,0,high,2,high-rise
sector 103,2.1,2000.0,3,3,3+,1 to 5 year old,0,high,2,mid-rise
sector 104,3.65,2450.0,3,3,3+,1 to 5 year old,1,high,2,high-rise
sector 104,2.1,1550.0,2,2,3,1 to 5 year old,0,high,2,high-rise
sector 77,1.72,1822.0,3,3,3,1 to 5 year old,0,high,1,mid-rise
sikandarpur badha,1.8,1671.0,2,3,3+,1 to 5 year old,0,high,1,high-rise
sector 37c,1.55,1790.0,3,3,3,0 to 1 year old,0,low,2,high-rise
sector 107,1.25,1366.0,2,2,3+,1 to 5 year old,0,high,2,mid-rise
sector 70a,3.15,1988.0,3,4,3,1 to 5 year old,1,medium,2,mid-rise
sector 81,3.9,2092.0,3,3,3,1 to 5 year old,1,medium,2,high-rise
sector 84,4.15,4182.0,4,4,3+,5 to 10 year old,1,high,2,mid-rise
sector 102,3.75,3198.0,4,4,3+,1 to 5 year old,0,medium,2,high-rise
sector 76,0.88,889.24944,2,2,2,1 to 5 year old,0,medium,1,mid-rise
sector 76,0.86,826.60472,2,2,1,1 to 5 year old,0,medium,1,mid-rise
sector 76,0.9,826.60472,2,2,1,1 to 5 year old,0,medium,1,mid-rise
sector 108,3.4,1711.0,3,3,2,0 to 1 year old,0,medium,2,high-rise
sector 89 a,3.18,2650.0,3,4,3+,1 to 5 year old,1,medium,2,mid-rise
sector 67a,2.4,1727.0,3,3,2,1 to 5 year old,0,medium,1,mid-rise
sector 72,6.4,3850.0,4,4,3+,1 to 5 year old,1,medium,3,mid-rise
sector 72,4.92,2905.0,4,4,3+,1 to 5 year old,1,high,2,high-rise
sector 72,9.5,4250.0,4,5,3+,1 to 5 year old,1,high,3,low-rise
sector 72,4.4,2185.0,3,4,3+,1 to 5 year old,1,high,2,high-rise
sector 72,4.9,2625.0,4,5,3+,1 to 5 year old,1,medium,2,high-rise
sector 108,2.68,1381.0,2,2,2,0 to 1 year old,0,medium,1,high-rise
sector 102,1.85,1650.0,3,3,3,1 to 5 year old,0,medium,2,mid-rise
sector 102,2.45,1669.0,3,3,3,1 to 5 year old,0,medium,2,high-rise
sector 45,1.65,2201.0,3,3,3,10+ year old,0,medium,1,mid-rise
sector 70a,0.72,714.26,2,2,1,1 to 5 year old,0,medium,1,mid-rise
sector 70a,0.75,711.42,2,2,1,1 to 5 year old,0,medium,2,mid-rise
sector 70a,0.75,714.26,2,2,1,1 to 5 year old,0,medium,0,mid-rise
sector 49,2.39,1773.0,3,3,3+,5 to 10 year old,0,medium,1,mid-rise
dlf phase 5,8.49,2804.0,4,4,3,10+ year old,1,medium,2,mid-rise
sector 56,2.38,2536.12,3,4,3+,5 to 10 year old,1,low,4,mid-rise
dlf phase 5,3.99,1740.0,4,4,2,10+ year old,0,medium,1,mid-rise
sector 66,3.45,2052.0,4,4,3,5 to 10 year old,1,high,2,high-rise
sector 67a,2.05,1484.0,2,2,3+,1 to 5 year old,0,high,1,mid-rise
sector 66,3.5,2050.0,4,4,3,1 to 5 year old,1,medium,2,high-rise
sector 37d,1.5,1770.0,3,3,3+,1 to 5 year old,0,medium,1,mid-rise
sector 37d,1.68,1800.0,3,3,3,1 to 5 year old,0,medium,2,mid-rise
sector 56,2.9,3408.0,4,4,3+,5 to 10 year old,0,medium,1,mid-rise
sector 52,2.52,3024.6,3,3,3,5 to 10 year old,1,medium,2,mid-rise
sector 90,1.6,1950.0,3,4,3,1 to 5 year old,1,high,2,mid-rise
sector 37c,0.56,925.0,2,2,1,1 to 5 year old,0,medium,2,mid-rise
sector 93,0.63,647.0,2,2,3,1 to 5 year old,0,medium,2,mid-rise
sector 102,3.25,3200.0,4,5,3+,1 to 5 year old,1,medium,3,mid-rise
sector 22,2.8,1380.0,2,2,3,1 to 5 year old,0,high,2,mid-rise
sector 22,5.35,2781.0,3,4,3+,1 to 5 year old,1,high,2,mid-rise
sector 22,5.3,2781.0,3,4,3+,1 to 5 year old,1,high,2,mid-rise
sector 47,2.3,2130.0,3,3,3+,1 to 5 year old,0,high,2,low-rise
sector 52,2.49,1360.0,3,3,3,1 to 5 year old,0,medium,2,mid-rise
sector 108,1.55,1838.0,3,3,2,1 to 5 year old,0,medium,2,mid-rise
sector 90,0.7,690.0,2,2,1,1 to 5 year old,0,low,1,mid-rise
sector 90,0.68,700.0,2,2,1,1 to 5 year old,0,low,0,mid-rise
sector 36a,1.75,921.02,1,1,2,under construction,0,medium,1,high-rise
sector-4 sohna,0.57,746.37,3,2,1,1 to 5 year old,0,medium,2,mid-rise
sector 89,2.3,2656.25,4,4,3,1 to 5 year old,0,high,3,mid-rise
sector 69,2.6,2240.76,3,3,2,1 to 5 year old,0,medium,0,mid-rise
sector 9a,1.55,2201.0,3,3,2,10+ year old,0,low,1,mid-rise
sector 49,2.75,1680.0,3,3,3,1 to 5 year old,0,high,2,mid-rise
sector 66,3.65,2100.0,4,5,3,1 to 5 year old,1,high,2,mid-rise
sector 49,3.75,2198.0,3,3,3+,1 to 5 year old,1,high,2,mid-rise
sector 113,3.92,3263.16,4,4,3+,under construction,0,medium,2,high-rise
sector 28,1.85,1100.0,2,2,3+,5 to 10 year old,0,high,1,mid-rise
sector 69,2.4,1704.0,3,3,3,under construction,0,medium,1,high-rise
sector 79,2.15,1620.0,3,3,2,1 to 5 year old,0,medium,1,high-rise
sohna,0.4,476.0,2,2,2,1 to 5 year old,0,medium,0,mid-rise
sector 49,2.4,2201.0,3,3,3,10+ year old,0,medium,1,low-rise
sector 91,2.15,1930.0,3,3,3,5 to 10 year old,0,medium,1,mid-rise
sector 78,1.8,1847.0,3,4,2,5 to 10 year old,1,medium,1,mid-rise
sector 93,1.32,1118.0,2,2,2,under construction,0,medium,2,low-rise
sector 86,0.62,814.4268,2,2,1,0 to 1 year old,0,high,4,mid-rise
sector 111,0.54,478.4831999999999,1,1,1,1 to 5 year old,0,medium,0,mid-rise
sector 111,0.82,695.9,2,2,2,1 to 5 year old,0,medium,0,mid-rise
sector 65,2.2,1261.0,2,2,3,0 to 1 year old,1,medium,0,high-rise
sector 37c,1.34,1875.0,3,3,3,0 to 1 year old,0,high,1,mid-rise
sector 108,1.18,1422.0,2,2,2,1 to 5 year old,0,medium,2,mid-rise
sector 37d,0.7,979.8,2,2,2,0 to 1 year old,0,low,1,high-rise
sohna,0.45,678.76,2,2,1,1 to 5 year old,0,medium,1,mid-rise
sector 90,0.42,432.0,1,2,1,1 to 5 year old,0,low,2,mid-rise
sector 37d,1.0,1310.0,2,2,3,1 to 5 year old,0,medium,0,mid-rise
sector 109,2.6,1955.0,3,4,3+,1 to 5 year old,1,medium,2,mid-rise
sector 61,2.6,1600.0,3,3,3,0 to 1 year old,0,medium,2,low-rise
sector 86,0.5,636.16,2,2,1,under construction,0,medium,1,mid-rise
sector 37d,2.1,1440.0,3,3,3,under construction,0,medium,1,low-rise
sector 81,4.17,2986.26,3,3,3+,1 to 5 year old,1,medium,2,high-rise
sector 104,2.42,1689.0,3,3,3,under construction,0,medium,0,high-rise
sohna,2.75,1960.0,3,4,2,1 to 5 year old,1,medium,2,mid-rise
sector 66,2.65,1895.0,3,4,2,1 to 5 year old,1,high,2,mid-rise
sector 65,2.35,1395.0,3,3,3,1 to 5 year old,1,high,1,mid-rise
sector 84,1.85,1750.0,3,3,2,1 to 5 year old,0,medium,1,mid-rise
sector 103,1.08,1361.0,2,2,3,0 to 1 year old,0,medium,2,mid-rise
sector 65,3.25,2343.0,3,3,3,1 to 5 year old,1,high,2,mid-rise
sector 65,4.75,3600.0,4,4,3+,1 to 5 year old,1,high,2,low-rise
sector 61,2.55,1550.0,3,3,3,0 to 1 year old,0,high,2,low-rise
sector 61,2.6,1627.0,3,3,3,0 to 1 year old,0,medium,3,low-rise
sector-5 sohna,0.5,786.9071999999999,2,2,2,1 to 5 year old,0,medium,1,mid-rise
sector-33 sohna,0.53,875.0,2,2,1,1 to 5 year old,1,medium,2,mid-rise
sector-33 sohna,0.56,875.0,2,2,1,1 to 5 year old,0,medium,1,mid-rise
nirvana country,4.25,2937.98,3,3,3,10+ year old,0,medium,2,mid-rise
sector 84,2.3,2244.0,3,4,3+,1 to 5 year old,1,medium,1,high-rise
sector 65,5.5,2350.0,2,2,1,1 to 5 year old,0,medium,1,mid-rise
sohna,1.1,1269.0,2,2,3+,0 to 1 year old,0,high,1,mid-rise
sector 77,1.29,1342.0,2,2,2,1 to 5 year old,0,medium,1,mid-rise
sector 85,1.32,1587.0,3,3,3,1 to 5 year old,0,medium,1,mid-rise
sector 61,2.4,1567.1,3,3,2,under construction,0,medium,1,mid-rise
sector 70,1.67,1350.0,2,2,3,0 to 1 year old,0,high,1,mid-rise
sector 70,2.3,1950.0,3,5,3,0 to 1 year old,1,high,1,mid-rise
sector 90,0.68,626.0,2,2,1,0 to 1 year old,0,medium,0,mid-rise
sector 90,0.69,690.0,2,2,2,0 to 1 year old,0,medium,0,mid-rise
sector 99,2.65,2835.0,4,4,3+,0 to 1 year old,1,high,2,high-rise
sector 91,1.45,1404.0,2,2,3+,1 to 5 year old,0,medium,1,mid-rise
sector 91,1.4,1310.0,2,2,2,1 to 5 year old,0,high,1,mid-rise
sector 90,1.89,1930.0,3,3,3+,5 to 10 year old,1,medium,1,mid-rise
sector 91,2.25,2320.0,3,4,3+,1 to 5 year old,1,medium,2,mid-rise
sector 90,1.92,1702.0,3,3,3,5 to 10 year old,0,medium,1,high-rise
sector 90,2.15,1935.0,3,3,3+,1 to 5 year old,0,medium,2,high-rise
sector 77,1.28,1342.0,2,2,2,1 to 5 year old,0,medium,1,mid-rise
sector 90,2.55,2215.0,4,4,3+,5 to 10 year old,0,medium,1,high-rise
sector 91,1.87,1930.0,3,3,3+,1 to 5 year old,1,medium,1,mid-rise
sector 90,1.96,1930.0,3,3,3+,1 to 5 year old,1,medium,1,mid-rise
sector 86,2.35,2356.0,4,4,3+,1 to 5 year old,1,medium,2,mid-rise
sector 90,2.3,2364.0,4,4,3+,1 to 5 year old,1,medium,2,mid-rise
sector 70a,0.85,745.5,2,2,2,1 to 5 year old,0,medium,1,mid-rise
sector 107,2.2,3352.62,3,4,3,1 to 5 year old,1,medium,1,mid-rise
sohna,1.12,1269.0,2,2,3+,1 to 5 year old,0,medium,1,mid-rise
sector 93,0.8,915.9,3,2,1,under construction,0,low,0,mid-rise
dlf phase 4,2.1,1105.0,2,2,2,10+ year old,0,medium,0,high-rise
sector 112,7.5,4857.0,4,6,3+,1 to 5 year old,1,medium,1,high-rise
sector 92,1.36,1180.0,2,2,2,under construction,0,low,1,mid-rise
sector 41,3.25,1634.0,3,2,2,10+ year old,1,high,1,mid-rise
sector 70a,0.665,1000.0,2,2,1,1 to 5 year old,0,high,1,mid-rise
sector 65,2.6,1516.0,2,2,3,0 to 1 year old,1,medium,2,high-rise
sector 109,1.8,2177.0,3,3,1,5 to 10 year old,1,medium,0,mid-rise
sector 95a,0.58,730.2633999999999,2,2,2,1 to 5 year old,0,medium,0,mid-rise
sector 95a,0.57,730.2633999999999,2,2,2,1 to 5 year old,0,medium,0,mid-rise
sector 93,2.2,2395.0,4,3,3,under construction,1,high,2,low-rise
sector 108,1.35,1283.0,2,3,3,1 to 5 year old,0,high,2,mid-rise
sector 91,1.3,1860.2,2,2,2,1 to 5 year old,0,medium,1,mid-rise
sector 70a,0.72,980.0,2,2,1,1 to 5 year old,0,high,2,mid-rise
sector 84,1.4,1350.0,3,2,3+,1 to 5 year old,0,medium,1,mid-rise
sector 104,2.5,1689.0,3,3,3,under construction,0,medium,1,high-rise
sector 65,9.15,4010.0,4,4,3+,1 to 5 year old,1,high,4,high-rise
palam vihar,2.0,2723.56,2,2,3+,10+ year old,0,low,0,mid-rise
sector 65,2.6,2350.0,3,3,3,5 to 10 year old,0,high,2,low-rise
sector 61,4.0,2438.0,4,4,3+,5 to 10 year old,1,high,2,high-rise
sector 69,2.4,1578.0,3,3,2,1 to 5 year old,0,medium,1,mid-rise
sector 88a,1.95,1779.0,3,3,3+,1 to 5 year old,0,high,1,mid-rise
sector 103,1.6,1991.0,4,4,3+,1 to 5 year old,1,high,2,mid-rise
sohna,0.53,623.0,2,2,2,1 to 5 year old,0,medium,2,mid-rise
sohna,0.52,623.0,2,2,2,1 to 5 year old,0,medium,2,mid-rise
sector 79,2.55,1960.0,3,4,2,1 to 5 year old,1,high,1,high-rise
sector 89,1.75,2121.48,3,2,2,0 to 1 year old,0,medium,1,low-rise
sector 61,2.5,1627.0,3,3,3+,0 to 1 year old,0,high,0,low-rise
sector 37d,1.7,1838.9,3,3,3,0 to 1 year old,0,medium,1,low-rise
sector 9a,1.62,1800.0,3,2,2,5 to 10 year old,0,low,2,mid-rise
sector 69,2.45,1704.0,3,3,3+,under construction,0,medium,1,high-rise
sector 70,2.2,1510.0,2,3,3+,10+ year old,1,medium,1,mid-rise
sector 63a,2.8,2087.4,3,3,2,0 to 1 year old,0,low,1,low-rise
sector 92,1.7,1370.0,3,2,3,5 to 10 year old,0,medium,1,mid-rise
sector 37d,1.18,1532.1799999999998,2,2,3,1 to 5 year old,0,medium,1,mid-rise
sector 70,1.6,1350.0,2,2,3,0 to 1 year old,0,low,1,mid-rise
sector 79,2.25,1552.0,3,3,2,under construction,0,medium,1,low-rise
sector 113,4.75,2872.5,4,4,3+,under construction,1,medium,2,high-rise
sector 61,3.45,1712.0,3,3,2,0 to 1 year old,0,medium,1,low-rise
sector 49,4.2,2562.0,4,4,3+,5 to 10 year old,1,medium,2,mid-rise
sector 81,1.49,1931.2,2,2,3,5 to 10 year old,0,medium,1,mid-rise
sector 49,7.85,3363.128,4,4,3,under construction,0,medium,3,high-rise
sector-33 sohna,3.8,3649.4,4,4,3+,0 to 1 year old,1,medium,1,mid-rise
sector-33 sohna,1.46,1310.0,2,2,3,under construction,0,medium,1,high-rise
sector 76,2.17,1672.0,3,3,2,under construction,0,low,1,low-rise
sector 79,1.95,1525.0,3,3,3,under construction,0,low,0,low-rise
sector 92,1.7,3976.0,4,3,1,1 to 5 year old,0,medium,1,mid-rise
sector 76,0.88,735.0,2,2,2,1 to 5 year old,0,medium,2,mid-rise
sector 86,2.15,1929.0,3,3,2,1 to 5 year old,0,medium,2,mid-rise
nawada fatehpur,2.0,1930.0,3,3,3,10+ year old,1,high,2,mid-rise
sector 76,0.85,871.56,2,2,1,1 to 5 year old,0,medium,2,mid-rise
sector 102,2.38,2025.0,3,4,1,1 to 5 year old,1,medium,2,mid-rise
sector 102,0.72,632.0,2,2,1,1 to 5 year old,0,medium,0,mid-rise
new colony,1.7,1200.0,3,2,1,0 to 1 year old,0,medium,1,low-rise
sector 84,1.45,1725.0,3,3,3+,5 to 10 year old,0,medium,1,mid-rise
sector 68,1.75,1304.0,2,2,2,1 to 5 year old,0,medium,0,high-rise
sector 67,3.7,2685.0,4,4,3,1 to 5 year old,1,high,2,mid-rise
sector 93,0.75,765.38,2,2,2,1 to 5 year old,0,low,0,mid-rise
sector 70,1.68,1350.0,2,2,3,1 to 5 year old,0,high,1,mid-rise
sector 79,1.77,1490.0,3,3,3,1 to 5 year old,0,medium,1,high-rise
sector-33 sohna,1.42,1966.7,2,2,3+,1 to 5 year old,0,medium,2,mid-rise
sector 110,1.1,604.0,3,2,2,under construction,0,low,0,mid-rise
sector 107,0.49,730.448,2,2,2,5 to 10 year old,0,low,1,mid-rise
sector 108,1.65,1838.0,3,3,2,1 to 5 year old,0,medium,2,mid-rise
sector 65,2.85,1750.0,4,3,3,1 to 5 year old,0,high,1,low-rise
sector 82a,2.8,1799.0,3,3,3+,1 to 5 year old,0,medium,1,high-rise
sohna,0.38,679.4274,2,2,1,1 to 5 year old,0,medium,0,mid-rise
sector 79,1.79,1510.0,3,3,3,1 to 5 year old,0,high,1,high-rise
sector 79,2.47,2150.0,3,4,3+,0 to 1 year old,1,medium,1,mid-rise
sector 69,2.4,1704.0,3,3,3,under construction,0,medium,1,high-rise
sector 102,0.7,605.5,2,2,1,1 to 5 year old,0,high,2,mid-rise
sector 110 a,2.25,2042.0,3,3,3+,1 to 5 year old,1,medium,1,mid-rise
sector 43,4.25,3200.0,4,4,3+,5 to 10 year old,1,low,2,mid-rise
sector 37c,1.5,2499.2,3,3,3,5 to 10 year old,0,medium,1,mid-rise
sector 37d,1.24,1725.0,2,2,3,5 to 10 year old,0,medium,0,mid-rise
sector 92,1.75,2033.44,3,2,3,under construction,0,medium,1,low-rise
sector 33,1.6,1100.0,2,2,2,1 to 5 year old,0,medium,1,mid-rise
sector 89,1.61,1910.0,3,3,3,0 to 1 year old,1,high,2,mid-rise
sector 89,1.6,1957.0,3,3,3,1 to 5 year old,1,high,2,mid-rise
sector 76,0.88,826.60472,2,2,1,1 to 5 year old,0,medium,2,mid-rise
sector 102,0.75,632.0,2,2,2,1 to 5 year old,0,medium,0,mid-rise
sector 86,1.5,1690.0,3,2,1,0 to 1 year old,0,medium,2,mid-rise
sector 92,1.9,3043.06,4,5,3+,5 to 10 year old,0,medium,0,mid-rise
sector 37c,1.6,1815.0,3,5,3+,1 to 5 year old,1,medium,1,high-rise
sector 81,0.61,598.0,2,2,1,1 to 5 year old,0,low,0,mid-rise
sector 89,1.35,1698.32,2,2,3,0 to 1 year old,0,medium,0,low-rise
sector 95,0.9,923.0,3,2,2,1 to 5 year old,0,medium,1,mid-rise
sohna,1.72,1527.0,3,3,3,0 to 1 year old,0,medium,2,mid-rise
sector 81,0.4,417.0,1,1,1,1 to 5 year old,0,low,0,low-rise
sector 84,1.8,1918.0,3,3,3+,1 to 5 year old,1,medium,1,mid-rise
sector 84,1.8,1918.0,3,3,3+,0 to 1 year old,0,medium,2,mid-rise
sector 74,3.6,2018.0,3,3,3+,1 to 5 year old,0,medium,2,high-rise
sector 102,1.3,915.0,2,2,2,0 to 1 year old,0,high,1,high-rise
sector 63a,2.6,2307.5,2,2,1,0 to 1 year old,0,medium,2,low-rise
sector-33 sohna,1.78,1412.9,2,2,2,0 to 1 year old,0,medium,0,mid-rise
sector 86,0.6,840.3276,2,2,1,0 to 1 year old,0,medium,1,mid-rise
sector 81,0.98,1225.0,2,2,2,5 to 10 year old,0,medium,1,mid-rise
sector 85,1.27,1485.0,3,3,2,5 to 10 year old,0,high,1,mid-rise
sector 92,1.38,1882.92,3,2,3,1 to 5 year old,0,high,1,mid-rise
sector 93,1.85,2330.0,3,3,2,under construction,0,medium,2,low-rise
sector 76,2.17,1672.0,3,3,2,under construction,0,low,2,low-rise
sector 84,2.5,2244.0,3,3,3,1 to 5 year old,1,medium,2,high-rise
sector 82,1.8,1790.0,3,4,2,1 to 5 year old,1,medium,1,mid-rise
sector 83,0.99,1050.0,2,2,2,5 to 10 year old,0,high,1,mid-rise
sector 82,1.83,1790.0,3,4,2,5 to 10 year old,1,medium,1,mid-rise
sector 79,3.22,2150.0,3,4,3+,0 to 1 year old,1,high,1,mid-rise
sector 65,20.8,6050.0,4,4,3,under construction,1,medium,0,high-rise
sector 83,1.7,1755.0,3,3,2,5 to 10 year old,0,high,1,mid-rise
sector 85,2.25,1400.0,2,2,3,under construction,0,medium,1,mid-rise
sector 88a,0.75,917.0928,2,2,2,1 to 5 year old,0,medium,1,mid-rise
sector 69,1.5,1882.92,3,2,2,10+ year old,0,medium,1,mid-rise
sector 81,0.7,707.16,2,2,1,5 to 10 year old,0,low,0,mid-rise
sector 70a,2.28,1420.0,2,2,3,5 to 10 year old,0,medium,1,mid-rise
sector 107,0.78,548.0,2,2,2,1 to 5 year old,0,medium,2,mid-rise
sector 37c,1.96,1840.0,3,3,3,under construction,0,medium,1,mid-rise
sector 36a,4.85,2538.0,3,3,3+,0 to 1 year old,0,high,2,high-rise
sector 86,1.9,1930.0,3,4,3+,1 to 5 year old,1,medium,1,mid-rise
sector 90,0.655,690.0,2,2,1,1 to 5 year old,0,low,0,mid-rise
sector 90,2.35,2364.0,4,4,3+,1 to 5 year old,1,medium,2,mid-rise
sector 91,1.36,1310.0,2,2,2,1 to 5 year old,0,medium,1,mid-rise
sector 70a,3.58,2150.0,3,3,3,0 to 1 year old,0,high,2,high-rise
sector 72,4.41,2185.0,3,4,3+,0 to 1 year old,1,high,2,high-rise
sector 72,4.79,2550.0,3,3,3+,1 to 5 year old,1,high,2,high-rise
sector 70,2.3,1510.0,2,3,3+,1 to 5 year old,1,medium,1,mid-rise
sector 72,4.95,2625.0,4,4,3,0 to 1 year old,1,high,2,high-rise
sector 70a,2.85,1703.0,3,3,3+,0 to 1 year old,0,high,2,high-rise
sector 110,8.45,7500.0,6,7,3+,1 to 5 year old,1,medium,2,mid-rise
sector 110,4.8,3400.0,4,5,3,1 to 5 year old,1,high,2,mid-rise
sector 110,8.2,7430.0,5,4,3+,1 to 5 year old,1,high,4,mid-rise
sector 110,5.42,3880.0,5,5,3+,1 to 5 year old,1,high,3,mid-rise
sector 110,5.45,3880.0,5,5,3+,1 to 5 year old,1,high,3,mid-rise
sector 72,4.9,2625.0,4,5,3+,0 to 1 year old,1,high,2,high-rise
sector 72,7.0,3355.0,4,4,3+,0 to 1 year old,1,high,2,high-rise
sector 72,7.2,3355.0,4,4,3+,0 to 1 year old,1,high,2,high-rise
sector 70a,3.44,2150.0,3,3,3,1 to 5 year old,0,medium,1,high-rise
sector 112,4.15,2441.0,2,2,3,1 to 5 year old,0,high,2,high-rise
sector 112,7.8,4848.0,4,6,3+,0 to 1 year old,1,medium,2,high-rise
sector 112,12.35,8515.0,5,7,3+,0 to 1 year old,1,medium,3,high-rise
sector 112,6.0,3763.0,3,5,2,1 to 5 year old,0,high,2,high-rise
sector 112,8.25,6325.0,5,5,3+,0 to 1 year old,1,medium,3,high-rise
sector 70a,2.27,1262.0,2,2,3,0 to 1 year old,0,medium,1,high-rise
sector 72,6.3,3300.0,4,4,3+,1 to 5 year old,1,medium,2,mid-rise
sector 72,6.9,3355.0,4,4,3+,1 to 5 year old,1,high,3,high-rise
sector 67,5.39,2606.0,3,3,3,1 to 5 year old,1,high,2,high-rise
sector 72,6.3,3300.0,4,5,3,1 to 5 year old,1,medium,2,high-rise
sector 72,5.5,2905.0,4,5,3+,5 to 10 year old,1,high,2,high-rise
sector 70a,3.56,2150.0,3,3,3,0 to 1 year old,0,medium,2,high-rise
sector 70a,3.55,2150.0,3,3,3,0 to 1 year old,0,medium,2,high-rise
sector 66,4.7,2100.0,4,4,3,1 to 5 year old,1,high,2,mid-rise
sector 72,7.3,3355.0,4,4,3,5 to 10 year old,1,medium,2,high-rise
sector 47,4.95,2470.0,3,5,3,1 to 5 year old,1,medium,2,mid-rise
sector 47,7.0,3125.0,4,6,3+,1 to 5 year old,1,medium,2,mid-rise
sector 65,3.85,2054.0,3,3,3,0 to 1 year old,1,high,2,high-rise
sector 65,3.5,1828.0,3,3,3,0 to 1 year old,0,medium,2,high-rise
sector 66,3.65,2415.0,4,5,2,1 to 5 year old,1,high,1,mid-rise
sector 65,2.85,1516.0,2,2,2,0 to 1 year old,0,high,1,high-rise
sector 88a,2.3,2142.0,3,4,3+,1 to 5 year old,1,high,2,mid-rise
sector 49,2.9,2016.0,4,3,3+,5 to 10 year old,0,medium,1,mid-rise
sector 76,0.86,868.62252,2,2,3,1 to 5 year old,0,medium,1,mid-rise
sector 37d,1.3,2277.68,3,3,3+,1 to 5 year old,0,high,0,mid-rise
sector 86,2.45,2364.0,4,4,2,1 to 5 year old,0,medium,2,mid-rise
sector 86,2.42,2356.0,4,4,3+,1 to 5 year old,1,medium,2,mid-rise
sector 90,3.0,2727.0,4,4,3+,1 to 5 year old,1,medium,0,mid-rise
sector 86,1.97,1930.0,3,3,3,5 to 10 year old,1,medium,1,mid-rise
sector 86,2.3,2356.0,4,4,3+,1 to 5 year old,1,high,2,mid-rise
sector 86,1.94,1930.0,3,3,3,1 to 5 year old,1,medium,1,mid-rise
sector 86,1.95,1930.0,3,3,3,1 to 5 year old,1,medium,2,mid-rise
sector 86,2.38,2356.0,4,4,3+,1 to 5 year old,1,medium,2,mid-rise
sector 90,1.91,1930.0,3,3,3,1 to 5 year old,1,medium,2,mid-rise
sector 66,3.8,1950.0,3,3,2,10+ year old,1,medium,3,mid-rise
sector 109,3.03,1955.0,3,4,3+,1 to 5 year old,1,medium,2,mid-rise
sector 109,3.76,4000.0,4,6,3+,5 to 10 year old,1,medium,3,mid-rise
sector 109,4.1,2925.0,4,4,3,1 to 5 year old,1,high,1,mid-rise
sector 104,4.0,3150.0,4,4,3+,1 to 5 year old,1,medium,1,high-rise
sector 56,3.32,3692.0,3,4,3+,1 to 5 year old,1,medium,2,mid-rise
sector 37d,1.45,1675.0,3,3,3+,1 to 5 year old,0,high,1,mid-rise
sector 67a,0.83,839.2199999999999,2,2,1,1 to 5 year old,0,medium,0,mid-rise
sector 84,1.95,1918.0,3,4,3+,1 to 5 year old,0,medium,1,mid-rise
sector 92,1.32,1825.0,3,2,3,0 to 1 year old,0,medium,0,low-rise
sector 102,2.3,2142.7799999999997,3,4,3+,1 to 5 year old,1,medium,2,mid-rise
sector 90,0.65,626.0,2,2,1,1 to 5 year old,0,medium,2,mid-rise
sector 62,3.95,1996.0,3,3,3,1 to 5 year old,1,medium,2,high-rise
sector 79,2.46,2050.0,3,3,3,0 to 1 year old,0,high,1,mid-rise
sector 104,2.45,1700.0,2,2,3,1 to 5 year old,1,medium,2,high-rise
sector 104,1.95,1550.0,2,2,2,1 to 5 year old,0,high,1,high-rise
sector 79,1.87,1490.0,3,3,3,1 to 5 year old,0,high,1,high-rise
sector 102,2.0,1349.0,2,2,3+,1 to 5 year old,0,medium,1,high-rise
sector 83,2.48,1950.0,3,4,3+,1 to 5 year old,1,high,1,mid-rise
sector 83,2.39,1900.0,3,4,3,1 to 5 year old,1,high,1,mid-rise
sector 83,2.35,1850.0,3,4,3+,1 to 5 year old,1,high,1,mid-rise
sector 79,2.65,2150.0,3,4,2,0 to 1 year old,1,medium,1,mid-rise
sector 47,3.06,2086.0,3,4,3+,5 to 10 year old,1,medium,2,mid-rise
sector 109,2.3,2836.0,4,4,3+,1 to 5 year old,1,high,3,mid-rise
heritage city,3.55,1850.0,3,4,3+,10+ year old,1,low,1,mid-rise
dlf phase 4,2.4,1105.0,2,2,2,1 to 5 year old,0,medium,1,mid-rise
sector 107,2.69,2768.0,4,5,3+,1 to 5 year old,1,high,1,mid-rise
sector 107,1.73,1943.0,3,3,3,1 to 5 year old,0,high,1,mid-rise
sector 107,1.31,1366.0,2,2,3+,1 to 5 year old,0,high,1,mid-rise
sector 107,1.95,2361.0,3,4,3+,1 to 5 year old,1,high,1,mid-rise
sector 37d,1.22,1380.0,2,2,3,1 to 5 year old,0,medium,1,mid-rise
sector 107,1.23,1366.0,2,2,3+,1 to 5 year old,0,high,1,mid-rise
sector 103,2.8,2875.0,4,6,3+,1 to 5 year old,1,high,3,mid-rise
sector 107,1.28,1366.0,2,2,3+,1 to 5 year old,0,high,1,mid-rise
sector 107,1.8,1943.0,3,3,3,1 to 5 year old,0,high,1,mid-rise
sector 107,2.05,2361.0,3,4,3+,1 to 5 year old,1,high,2,mid-rise
sector 103,2.05,2000.0,3,3,3+,1 to 5 year old,0,high,2,mid-rise
sector 102,2.55,1889.0,3,4,3+,1 to 5 year old,1,high,2,high-rise
sector 102,2.2,1689.0,3,3,3,1 to 5 year old,0,high,2,high-rise
sector 107,1.25,1366.0,2,2,3+,1 to 5 year old,0,high,1,mid-rise
sector 102,1.6,1518.75,2,2,3,0 to 1 year old,0,medium,2,high-rise
sector 109,2.3,2836.0,4,5,3+,1 to 5 year old,1,high,3,mid-rise
sector 109,1.9,1750.0,3,3,3+,1 to 5 year old,0,high,2,high-rise
sector 109,1.88,2177.0,3,4,3+,1 to 5 year old,1,high,2,mid-rise
sector 108,1.8,1758.0,3,3,3+,1 to 5 year old,1,high,2,mid-rise
sector 109,2.3,2150.0,3,4,3+,1 to 5 year old,1,high,2,high-rise
sector 104,2.35,1700.0,2,3,3,1 to 5 year old,1,high,2,high-rise
sector 104,1.8,1550.0,2,2,2,1 to 5 year old,0,high,2,high-rise
sector 108,2.25,2003.0,3,4,3+,1 to 5 year old,1,high,2,mid-rise
sector 65,2.9,2100.0,4,2,3,1 to 5 year old,0,medium,1,low-rise
sector 82a,3.0,2086.0,3,4,3+,1 to 5 year old,1,high,2,high-rise
sector 28,4.85,2954.0,4,5,3+,5 to 10 year old,1,medium,1,mid-rise
sector 102,2.43,2025.0,3,4,1,1 to 5 year old,1,high,1,mid-rise
sector 102,2.37,2025.0,3,4,1,1 to 5 year old,1,high,1,mid-rise
sector 104,3.85,2450.0,3,4,3+,1 to 5 year old,1,high,2,high-rise
sector 104,2.57,2290.0,3,4,3+,1 to 5 year old,1,high,2,high-rise
sector 107,1.22,1366.0,2,2,3+,1 to 5 year old,0,high,1,mid-rise
sector 109,2.3,1745.0,3,3,3,1 to 5 year old,0,high,2,high-rise
sector 109,4.15,3045.0,4,5,3+,1 to 5 year old,1,high,2,high-rise
sector 107,2.1,2361.0,3,4,3+,1 to 5 year old,1,high,1,mid-rise
sector 66,4.2,2410.0,4,5,3+,1 to 5 year old,1,high,2,mid-rise
sector 66,4.1,1950.0,3,3,2,1 to 5 year old,1,medium,2,mid-rise
sector 107,1.4,1366.0,2,2,3+,1 to 5 year old,0,high,1,mid-rise
sector 67a,2.7,1921.0,3,3,2,1 to 5 year old,1,high,3,mid-rise
sector 72,6.25,3300.0,4,4,3+,1 to 5 year old,1,high,2,mid-rise
sector 72,6.25,3250.0,4,4,3+,1 to 5 year old,1,high,2,low-rise
sector 72,5.5,3300.0,4,4,3+,1 to 5 year old,1,high,2,mid-rise
sector 109,1.97,1750.0,3,3,3+,1 to 5 year old,0,high,2,high-rise
sector 109,3.7,3150.0,4,5,3+,1 to 5 year old,1,high,2,high-rise
sector 104,3.75,2450.0,3,4,3+,1 to 5 year old,1,high,2,high-rise
sector 104,3.7,3150.0,4,4,3+,1 to 5 year old,1,high,2,high-rise
sector 104,3.65,3150.0,4,4,3+,1 to 5 year old,1,high,2,high-rise
sector 107,1.42,1534.0,2,2,3,1 to 5 year old,0,high,1,mid-rise
sector 107,1.28,1366.0,2,2,3,1 to 5 year old,0,high,1,mid-rise
sector 107,1.71,1943.0,3,3,3,1 to 5 year old,0,high,1,mid-rise
sector 89 a,3.0,2650.0,3,4,3+,1 to 5 year old,1,medium,3,mid-rise
sector 77,2.6,2025.0,3,3,3,1 to 5 year old,1,high,1,high-rise
sector 86,2.4,1929.0,3,3,1,1 to 5 year old,0,medium,2,mid-rise
sector 86,2.4,1929.0,3,3,1,1 to 5 year old,0,medium,2,mid-rise
sector 65,7.8,3510.0,3,5,1,1 to 5 year old,1,high,2,high-rise
sector 65,6.8,3898.0,3,3,3+,1 to 5 year old,1,high,2,high-rise
sector 65,2.4,1350.0,3,3,3,1 to 5 year old,1,high,1,mid-rise
sector 65,2.8,1516.0,2,2,3,0 to 1 year old,0,high,1,high-rise
sector 106,1.45,1385.0,2,2,3,1 to 5 year old,0,medium,1,high-rise
sector 108,2.0,1758.0,3,3,3+,1 to 5 year old,1,high,2,mid-rise
sector 92,1.68,2057.0,4,4,3,1 to 5 year old,1,high,1,mid-rise
sector 54,6.6,2478.75,3,3,3,5 to 10 year old,1,medium,2,high-rise
sector-33 sohna,1.34,1966.7,2,2,3+,0 to 1 year old,0,high,2,mid-rise
sector 54,7.5,2282.0,3,3,3,5 to 10 year old,1,high,1,high-rise
sector 54,7.3,2282.0,3,3,3,5 to 10 year old,1,high,1,high-rise
sector 65,2.92,1516.0,2,2,2,1 to 5 year old,0,high,1,high-rise
sector 53,9.0,3395.0,4,5,3+,5 to 10 year old,1,high,2,mid-rise
sector 65,2.45,1261.0,2,2,2,1 to 5 year old,0,high,1,high-rise
sector 65,2.85,1516.0,2,2,2,1 to 5 year old,0,high,1,high-rise
sector 62,3.75,1508.0,2,2,1,1 to 5 year old,0,high,1,high-rise
sector 85,1.75,1640.0,2,2,3,1 to 5 year old,0,medium,1,high-rise
sector 106,4.1,3862.4,4,4,3+,0 to 1 year old,1,high,3,high-rise
sector 62,3.6,1508.0,2,2,1,1 to 5 year old,0,high,1,high-rise
sector 88a,2.3,2387.5,3,3,3+,1 to 5 year old,0,medium,2,high-rise
sector 88a,1.95,1565.0,3,3,3+,1 to 5 year old,0,medium,0,high-rise
sector 60,4.2,2045.0,3,3,3,5 to 10 year old,1,high,1,mid-rise
sector 60,4.3,2045.0,3,3,3,5 to 10 year old,1,high,1,mid-rise
sector 79,1.55,1351.0,2,2,3,1 to 5 year old,0,medium,2,mid-rise
sector 66,4.55,2764.0,4,4,3,1 to 5 year old,1,medium,1,mid-rise
sector 66,3.15,2038.0,3,3,3+,1 to 5 year old,1,medium,1,mid-rise
sector 37c,1.47,1790.0,3,3,3,0 to 1 year old,0,low,1,high-rise
sector 71,0.85,639.0,2,2,1,1 to 5 year old,0,medium,1,mid-rise
sector 71,0.54,520.4016,1,1,2,1 to 5 year old,0,medium,1,low-rise
sector 71,1.0,917.32,3,2,2,1 to 5 year old,0,medium,1,mid-rise
sector 71,0.83,600.0,2,2,1,1 to 5 year old,0,medium,1,mid-rise
sector 110,4.75,3400.0,4,5,3,1 to 5 year old,1,medium,3,mid-rise
sector 110,5.35,3880.0,5,5,3+,1 to 5 year old,1,medium,3,mid-rise
sector 102,3.1,2149.0,3,4,3+,5 to 10 year old,1,medium,2,high-rise
sector 102,2.57,1942.0,3,4,3+,1 to 5 year old,1,medium,2,high-rise
sector 108,4.15,2072.0,3,3,2,1 to 5 year old,0,medium,2,high-rise
sector 108,3.9,2003.0,3,4,3+,1 to 5 year old,0,medium,2,high-rise
sector 108,4.6,2343.0,3,5,2,1 to 5 year old,1,medium,2,high-rise
sector 109,4.1,3150.0,4,5,3+,1 to 5 year old,1,medium,3,high-rise
sector 109,4.2,3045.0,4,5,3+,1 to 5 year old,1,medium,2,high-rise
sector 109,2.8,2095.0,3,4,3,1 to 5 year old,1,medium,2,high-rise
sector 109,3.1,2585.0,3,4,3+,1 to 5 year old,1,medium,2,high-rise
sector 109,2.43,2150.0,3,4,3+,1 to 5 year old,1,medium,2,high-rise
sector 104,2.4,1700.0,2,3,3,1 to 5 year old,0,medium,2,high-rise
sector 104,3.45,2450.0,3,4,3+,1 to 5 year old,1,medium,3,high-rise
sector 102,2.43,1692.0,3,3,2,1 to 5 year old,0,medium,2,high-rise
sector 104,3.9,3150.0,4,4,3+,5 to 10 year old,1,medium,3,high-rise
sector 102,2.4,2025.0,3,4,3+,1 to 5 year old,1,high,2,mid-rise
sector 102,2.55,1889.0,3,4,3+,5 to 10 year old,1,high,2,high-rise
sector 102,3.25,2579.0,3,4,3+,5 to 10 year old,1,high,2,high-rise
sector 102,3.7,3198.0,4,4,3+,5 to 10 year old,1,high,3,high-rise
sector 102,2.26,1689.0,3,3,3+,5 to 10 year old,0,medium,2,high-rise
sector 102,2.58,1852.0,3,3,3,1 to 5 year old,0,medium,2,high-rise
sector 102,3.0,2162.0,4,4,3+,1 to 5 year old,0,medium,2,high-rise
sector 102,1.76,1215.0,2,2,2,1 to 5 year old,0,medium,2,high-rise
sector 90,2.49,2364.0,4,4,3+,1 to 5 year old,1,high,2,mid-rise
sector 108,2.5,2338.0,3,3,3+,1 to 5 year old,0,high,2,mid-rise
sector 108,3.2,2631.0,4,5,3+,1 to 5 year old,1,high,2,mid-rise
sector 104,1.95,1550.0,2,2,2,1 to 5 year old,0,medium,1,high-rise
sector 111,3.2,1700.0,3,3,1,0 to 1 year old,0,high,1,mid-rise
sector 109,2.95,3055.0,4,3,3,1 to 5 year old,1,high,2,mid-rise
sector 69,2.59,2250.0,3,5,3,5 to 10 year old,1,high,1,mid-rise
sector 59,5.01,2974.8999999999996,3,3,2,1 to 5 year old,1,high,2,high-rise
sector 67a,2.6,1852.0,3,4,2,1 to 5 year old,1,high,1,mid-rise
sector 67a,2.3,1727.0,3,3,2,1 to 5 year old,0,medium,2,mid-rise
sector 62,6.1,3676.38,3,3,2,0 to 1 year old,1,high,2,high-rise
sector 79,2.56,2050.0,3,3,3+,1 to 5 year old,1,high,1,mid-rise
garauli khurd,1.65,1775.0,3,3,3+,1 to 5 year old,0,high,3,mid-rise
sector 70a,2.7,1565.0,2,2,3,1 to 5 year old,0,high,2,high-rise
sector 48,3.08,2690.9,3,3,3+,10+ year old,1,medium,1,mid-rise
sector 47,3.15,2878.3399999999997,3,3,3+,10+ year old,1,medium,2,mid-rise
sector 102,2.3,1689.0,3,3,3+,1 to 5 year old,0,high,1,high-rise
sector 107,2.0,2361.0,3,3,3+,1 to 5 year old,1,high,1,mid-rise
sector 108,2.35,2003.0,3,3,3+,1 to 5 year old,0,high,2,mid-rise
sector 49,4.7,4047.0,4,4,3+,5 to 10 year old,1,high,2,mid-rise
sector 107,1.4,1534.0,2,2,3,1 to 5 year old,0,high,0,mid-rise
sector 107,0.65,659.0,2,2,1,1 to 5 year old,0,low,1,mid-rise
sector 80,2.72,2754.0,4,5,3+,5 to 10 year old,1,high,2,mid-rise
sector 80,2.7,2754.0,4,5,3+,5 to 10 year old,1,high,2,mid-rise
sector 80,1.79,1821.0,3,3,3+,5 to 10 year old,0,medium,1,mid-rise
sector 49,6.5,1999.8144,3,3,2,under construction,0,medium,2,high-rise
sector 80,2.15,2262.0,3,4,3,5 to 10 year old,1,medium,1,mid-rise
sector 84,1.5,1725.0,3,3,3+,5 to 10 year old,0,medium,2,mid-rise
sector 28,2.8,1650.0,3,3,3+,10+ year old,0,medium,1,mid-rise
sector 37d,4.1,2469.0,3,4,3,under construction,1,medium,2,high-rise
sector 77,1.24,1342.0,2,2,2,1 to 5 year old,0,medium,1,mid-rise
sector 77,1.27,1242.5,2,2,2,1 to 5 year old,0,medium,1,mid-rise
sector 81,0.66,657.0,2,2,1,1 to 5 year old,0,low,1,mid-rise
sector 108,2.6,2003.0,3,4,3+,1 to 5 year old,1,high,1,mid-rise
sector 84,0.6,583.0,2,2,2,1 to 5 year old,0,medium,0,mid-rise
sector-33 sohna,0.34,600.0,1,1,1,1 to 5 year old,0,medium,1,mid-rise
sector 90,0.69,626.0,2,2,1,1 to 5 year old,0,medium,0,mid-rise
sector 47,5.14,2470.0,3,5,3,1 to 5 year old,1,medium,2,mid-rise
sector 66,3.9,2200.0,3,3,3,1 to 5 year old,1,medium,4,mid-rise
sector 92,2.5,2313.75,3,4,3+,1 to 5 year old,1,medium,2,mid-rise
sector 70a,0.69,980.0,2,2,1,1 to 5 year old,0,high,2,mid-rise
sector 90,0.43,432.0,1,1,1,1 to 5 year old,0,medium,1,mid-rise
sector-35 sohna,0.41,921.425,2,2,2,1 to 5 year old,0,medium,1,mid-rise
sector 49,2.88,1733.0,3,3,3,1 to 5 year old,1,high,2,mid-rise
sector 81,1.55,1015.0159999999998,3,2,3+,under construction,0,medium,1,low-rise
sector 89,2.0,2200.0,3,3,3+,10+ year old,1,high,2,mid-rise
sector 79,1.6,1351.0,2,2,3,1 to 5 year old,0,medium,1,mid-rise
sector 77,1.25,1342.0,2,2,2,1 to 5 year old,0,medium,0,mid-rise
sector 79,1.6,1069.544,2,2,3,0 to 1 year old,0,medium,1,mid-rise
sector 37d,3.25,2443.0,4,3,3,0 to 1 year old,0,medium,1,mid-rise
sector 56,2.6,2840.0,3,3,3,5 to 10 year old,0,high,2,mid-rise
sector 106,5.5,3075.0,4,5,3+,under construction,0,medium,3,high-rise
sector 67,0.77,800.0,2,2,1,1 to 5 year old,0,medium,0,mid-rise
sector 103,0.8,605.09,2,2,1,1 to 5 year old,0,low,0,mid-rise
sector 66,1.9,1287.0,2,2,3,1 to 5 year old,0,medium,4,mid-rise
sector 66,1.9,1287.0,2,2,3,1 to 5 year old,0,medium,4,mid-rise
sector 62,3.7,1508.0,2,2,2,1 to 5 year old,0,medium,1,high-rise
sector 1a imt manesar,1.5,1943.0,3,4,2,1 to 5 year old,1,high,1,mid-rise
sohna,0.54,893.18,2,2,2,0 to 1 year old,0,medium,1,mid-rise
sector 92,1.15,1185.0,3,2,2,5 to 10 year old,0,medium,1,low-rise
sector 79,1.5,2431.25,3,3,3,1 to 5 year old,0,medium,1,mid-rise
sector 113,3.34,2564.52,3,3,3,under construction,0,low,1,high-rise
sector 39,3.4,3200.0,4,4,3+,10+ year old,1,medium,2,mid-rise
sector 89,2.9,1673.0,3,3,3,under construction,0,low,0,high-rise
sector 62,4.29,2124.0,3,3,3,under construction,0,medium,1,high-rise
sector 82,3.0,1960.0,3,4,3+,5 to 10 year old,1,medium,1,high-rise
sector 36 sohna,1.2,1533.6,3,2,3,0 to 1 year old,0,medium,1,low-rise
sector 49,5.1,1422.4708,3,3,3,under construction,0,low,1,high-rise
sector 37d,1.6,1765.0,3,3,3,under construction,0,medium,1,high-rise
sector 51,3.6,3124.0,3,3,3+,5 to 10 year old,1,medium,2,mid-rise
sector 89 a,3.0,2650.0,3,4,3+,0 to 1 year old,1,medium,2,mid-rise
sector 79,1.9,1572.0,2,2,3,1 to 5 year old,0,high,1,mid-rise
sector 77,7.5,3375.0,4,5,1,under construction,0,high,3,high-rise
sector 70a,0.7,980.0,2,2,1,1 to 5 year old,0,medium,2,mid-rise
sector 107,1.8,1943.0,3,3,3,1 to 5 year old,0,medium,1,mid-rise
sector 67,3.7,2685.0,4,5,3+,1 to 5 year old,1,medium,4,mid-rise
sector 67,2.9,1935.0,3,4,3,1 to 5 year old,1,medium,2,mid-rise
sector 92,2.6,1995.0,3,4,3,1 to 5 year old,1,high,4,mid-rise
sector 102,2.9,1852.0,3,3,3,0 to 1 year old,0,medium,1,mid-rise
sector 3,3.0,3763.0,4,4,3,under construction,0,medium,0,mid-rise
sector 49,4.85,1856.0,3,3,3,under construction,0,medium,0,high-rise
sector 36 sohna,0.85,845.3,2,2,3,under construction,0,medium,0,low-rise
sector 69,2.53,1704.0,3,3,3,under construction,1,medium,1,high-rise
dlf phase 3,16.41,8000.0,5,6,3+,1 to 5 year old,1,high,4,mid-rise
dlf phase 3,14.0,7000.0,4,5,3+,1 to 5 year old,1,high,3,mid-rise
sector 90,1.6,1950.0,3,4,3,1 to 5 year old,1,high,2,mid-rise
sector 79,3.75,2675.0,4,4,3+,0 to 1 year old,1,high,2,mid-rise
sector 106,1.55,1966.7,2,2,2,1 to 5 year old,0,medium,0,mid-rise
sector 36a,0.72,485.64,1,1,1,5 to 10 year old,0,medium,0,mid-rise
dlf phase 5,2.99,1900.0,3,3,2,10+ year old,0,medium,0,low-rise
sector 70a,0.7,980.0,2,2,1,1 to 5 year old,0,medium,1,mid-rise
sector 70a,0.72,852.0,2,2,1,1 to 5 year old,0,medium,0,mid-rise
sector 70a,0.68,920.0,2,2,1,1 to 5 year old,0,high,2,mid-rise
sector 70a,0.69,980.0,2,2,1,1 to 5 year old,0,high,2,mid-rise
sector 107,1.2,1366.0,2,2,3+,1 to 5 year old,0,high,1,mid-rise
sector 86,0.76,856.26,2,2,1,1 to 5 year old,0,low,1,mid-rise
sector 102,2.7,1942.0,3,4,3+,10+ year old,1,medium,0,high-rise
sushant lok phase 3,2.22,2400.0,4,3,3,10+ year old,0,high,1,low-rise
sector 93,1.3,1587.56,2,2,3,under construction,0,medium,0,low-rise
sector 54,8.0,2315.0,3,3,3,10+ year old,1,medium,2,high-rise
sector 76,0.87,901.7,2,2,2,1 to 5 year old,0,medium,1,mid-rise
sector 76,0.88,901.7,2,2,3,1 to 5 year old,0,medium,1,mid-rise
sector 83,2.1,1735.0,3,3,2,5 to 10 year old,0,medium,1,mid-rise
sector 86,0.78,814.4268,2,2,2,0 to 1 year old,0,low,0,mid-rise
sector 49,4.67,2100.0,3,3,3,under construction,0,medium,2,high-rise
sector 108,4.0,1711.0,3,3,2,0 to 1 year old,0,medium,1,mid-rise
sector 103,1.09,1361.0,2,2,3,1 to 5 year old,0,high,1,mid-rise
sector 103,1.6,1991.0,3,4,3+,1 to 5 year old,1,high,2,mid-rise
sector 106,5.65,3075.0,4,4,3+,under construction,1,medium,2,high-rise
sector 60,5.65,2800.0,4,4,3,1 to 5 year old,1,high,2,high-rise
sector 63a,2.7,1774.0,3,3,2,0 to 1 year old,0,low,1,low-rise
sector 43,2.4,2627.0,3,3,3+,10+ year old,1,medium,2,mid-rise
sector 88a,0.48,531.0799999999999,1,1,1,1 to 5 year old,0,low,0,mid-rise
sector 67a,0.8,839.2199999999999,2,2,1,1 to 5 year old,0,low,0,mid-rise
sector 108,1.25,1505.0,2,2,3,5 to 10 year old,0,high,1,mid-rise
sector 36 sohna,0.88,1449.82,2,2,1,0 to 1 year old,0,medium,1,low-rise
sector 85,1.49,1675.0,3,3,3,1 to 5 year old,0,high,1,mid-rise
sector 109,2.5,2836.0,4,4,1,5 to 10 year old,1,medium,2,mid-rise
sector 92,2.4,2462.2799999999997,4,4,3,5 to 10 year old,0,high,2,low-rise
sohna,0.7,852.7384,2,2,3,1 to 5 year old,0,medium,1,mid-rise
sector 65,2.24,1261.0,2,1,1,1 to 5 year old,0,high,2,high-rise
sector 1a imt manesar,1.4,1760.0,3,4,3,1 to 5 year old,1,medium,1,mid-rise
sector 71,0.81,600.0,2,2,1,1 to 5 year old,0,low,0,mid-rise
sector 108,1.25,1432.0,2,2,2,1 to 5 year old,0,medium,1,mid-rise
sector 113,4.25,1349.0,2,2,2,under construction,0,high,1,high-rise
sector 79,1.63,1159.0,2,2,2,under construction,0,low,0,low-rise
sector 48,3.8,1418.0,2,2,3,1 to 5 year old,0,high,2,mid-rise
sector 69,1.45,1882.92,3,2,3,1 to 5 year old,0,high,1,mid-rise
sector 36a,1.01,1000.0,2,2,2,1 to 5 year old,0,medium,0,mid-rise
sector 79,2.75,2150.0,3,3,3,0 to 1 year old,1,high,4,mid-rise
sector 71,0.81,639.0,2,2,1,1 to 5 year old,0,medium,1,mid-rise
sector 71,0.8,639.0,2,2,1,1 to 5 year old,0,medium,1,mid-rise
sector 71,0.83,639.0,2,2,1,1 to 5 year old,0,medium,1,mid-rise
sector 71,0.53,650.0,1,1,2,1 to 5 year old,0,medium,1,low-rise
sector 71,0.55,650.0,1,1,2,1 to 5 year old,0,medium,1,low-rise
sector 71,0.54,650.0,1,1,2,1 to 5 year old,0,medium,1,low-rise
sector 71,0.82,639.0,2,2,1,1 to 5 year old,0,medium,1,mid-rise
sector 49,3.0,1805.0,3,3,3,10+ year old,0,medium,2,mid-rise
sector 48,2.95,1665.0,3,3,3+,10+ year old,1,high,1,mid-rise
sector 54,24.0,4022.0,4,5,3+,1 to 5 year old,0,medium,2,high-rise
sector 48,3.07,1860.0,3,4,3+,5 to 10 year old,1,high,1,mid-rise
sector 86,2.35,1930.0,3,3,3,10+ year old,1,medium,2,mid-rise
sector 113,3.25,2217.0,3,3,3,1 to 5 year old,1,medium,0,high-rise
sector 92,1.45,1326.0,3,2,2,1 to 5 year old,0,medium,1,mid-rise
sector 88a,2.2,1850.0,3,3,3+,1 to 5 year old,0,medium,0,mid-rise
sector 95a,0.6321,808.3208,2,2,2,1 to 5 year old,0,high,1,mid-rise
sector 70a,0.725,836.0,2,2,1,1 to 5 year old,0,medium,0,mid-rise
sector 81,0.425,366.0,1,1,2,1 to 5 year old,0,medium,0,low-rise
sector 76,0.85,889.24944,2,2,2,1 to 5 year old,0,medium,1,mid-rise
sector 54,10.5,2721.0,4,4,3,5 to 10 year old,1,high,3,high-rise
sector 71,1.6,1485.0,3,3,2,10+ year old,0,high,1,mid-rise
sector 70a,0.72,836.0,2,2,1,1 to 5 year old,0,medium,0,mid-rise
sector 76,0.855,889.24944,2,2,2,1 to 5 year old,0,medium,1,mid-rise
sector 86,2.1,1930.0,3,4,3,5 to 10 year old,1,high,1,mid-rise
sector 90,1.15,1352.0,2,2,3,1 to 5 year old,0,medium,1,mid-rise
sector 92,1.65,1704.0,3,2,3,under construction,0,medium,1,low-rise
sector 106,3.0,1590.5647199999994,3,3,3+,under construction,0,medium,0,high-rise
sector 37d,1.06,1310.0,2,2,3+,1 to 5 year old,0,medium,0,mid-rise
sector 76,0.88,889.24944,2,2,2,1 to 5 year old,0,medium,1,mid-rise
sector 37d,1.25,1675.0,3,3,3+,1 to 5 year old,0,high,0,mid-rise
sector 102,0.85,632.0,2,2,1,1 to 5 year old,0,low,1,mid-rise
heritage city,3.07,1665.0,3,3,2,10+ year old,1,high,1,mid-rise
sector 70,1.8,1250.0,2,2,3,1 to 5 year old,0,medium,1,mid-rise
sector 107,0.449,350.0,1,1,2,1 to 5 year old,0,medium,2,low-rise
sector 79,2.15,2272.0,3,2,3,under construction,0,medium,1,mid-rise
sector 81,1.05,1250.0,2,2,2,5 to 10 year old,0,medium,0,mid-rise
gwal pahari,1.4,1130.0,2,2,3+,0 to 1 year old,0,high,1,low-rise
sector 90,1.22,1300.0,2,2,3,1 to 5 year old,0,medium,1,mid-rise
sector 37d,0.95,1310.0,2,2,3,1 to 5 year old,0,high,0,mid-rise
gwal pahari,8.5,5350.0,4,4,3+,1 to 5 year old,1,high,2,high-rise
sector 83,2.5,1950.0,3,4,3+,1 to 5 year old,1,medium,2,mid-rise
sector 89,1.7,2121.48,3,3,2,under construction,1,medium,1,low-rise
sector 99,2.35,2400.0,3,5,3+,1 to 5 year old,1,high,2,mid-rise
sector 70,1.75,1250.0,2,2,3+,1 to 5 year old,0,medium,1,mid-rise
sector 59,5.8,3375.0,4,4,3+,5 to 10 year old,1,medium,3,mid-rise
sector 53,6.25,2450.0,3,4,3+,10+ year old,1,medium,2,mid-rise
sector 67a,0.76,1136.0,2,2,2,1 to 5 year old,0,medium,1,mid-rise
sector 109,1.25,1302.0,3,2,2,1 to 5 year old,0,high,2,mid-rise
sector 71,0.55,520.4016,1,1,2,1 to 5 year old,0,low,1,low-rise
sector 89 a,2.35,2505.0,4,4,3,0 to 1 year old,1,medium,3,low-rise
sector 70a,0.72,980.0,2,2,1,1 to 5 year old,0,high,0,mid-rise
sector 93,2.2,1600.0,3,3,2,under construction,0,medium,1,low-rise
sector 109,1.23,1405.0,3,2,2,1 to 5 year old,0,high,2,mid-rise
sector 49,3.05,1805.0,3,3,3,10+ year old,0,high,1,mid-rise
sector 69,0.79,684.4399999999999,2,2,1,5 to 10 year old,0,high,1,mid-rise
sector 86,2.03,1930.0,3,3,3+,5 to 10 year old,1,high,1,mid-rise
sector 68,1.85,2101.6,3,2,3,0 to 1 year old,0,medium,2,high-rise
sector 102,1.87,2343.0,3,3,3,5 to 10 year old,1,medium,1,mid-rise
sector 55,2.5,2982.0,3,3,3+,5 to 10 year old,1,medium,2,mid-rise
sector 95a,0.59,730.2633999999999,2,2,2,1 to 5 year old,0,high,1,mid-rise
sector 70a,0.7,980.0,2,2,1,1 to 5 year old,0,high,1,mid-rise
sector 85,1.21,1475.0,3,3,2,1 to 5 year old,0,medium,1,mid-rise
dlf phase 5,8.75,2750.0,4,5,3,1 to 5 year old,1,medium,0,mid-rise
sector 92,1.75,2212.05,4,4,3,0 to 1 year old,1,low,1,mid-rise
sector 70,1.35,1170.0,3,2,2,10+ year old,0,medium,0,mid-rise
sector 66,3.86,1999.0,3,3,3,1 to 5 year old,1,high,2,mid-rise
sector 49,2.8,1669.0,3,3,3,1 to 5 year old,0,high,2,mid-rise
sector 66,5.75,3035.0,3,4,3,under construction,0,high,2,high-rise
sector 81,3.65,2660.0,3,4,3+,1 to 5 year old,1,medium,2,mid-rise
sector 76,2.3,2374.24,3,3,2,under construction,0,medium,1,low-rise
sector 76,0.95,965.6,2,2,1,0 to 1 year old,0,medium,1,mid-rise
sector 49,5.0,1576.6259999999995,3,3,2,under construction,0,medium,0,high-rise
sector 69,1.5,1882.92,3,2,3,1 to 5 year old,0,high,1,mid-rise
sector 69,1.48,1882.92,3,2,3,5 to 10 year old,0,medium,1,mid-rise
sector 69,1.52,1882.92,3,2,3,5 to 10 year old,0,high,1,mid-rise
sector 70,2.9,2150.0,3,4,3,5 to 10 year old,1,high,2,mid-rise
jawahar nagar,0.65,1704.0,2,2,1,1 to 5 year old,0,low,2,low-rise
sector 95,1.15,1548.0,3,3,3,0 to 1 year old,0,medium,1,mid-rise
sector 88a,1.7,1463.0,2,2,3+,1 to 5 year old,0,medium,0,mid-rise
sector 89,3.5,2376.0,3,4,3+,under construction,1,low,2,high-rise
sector 89,1.85,1107.813,3,3,2,under construction,0,medium,0,low-rise
sector 95,1.57,1466.0,3,3,2,under construction,0,low,1,low-rise
sector 110,4.85,3350.0,4,4,3,1 to 5 year old,1,medium,2,mid-rise
sector 62,3.75,2130.0,2,2,2,under construction,0,medium,1,high-rise
sector 93,0.85,860.52,2,2,3,0 to 1 year old,0,low,0,mid-rise
sector 85,0.85,575.0,2,2,1,0 to 1 year old,0,medium,0,mid-rise
sector 88a,1.45,1307.0,2,2,3+,1 to 5 year old,0,medium,1,mid-rise
sector 66,3.25,2896.7999999999997,4,3,3,5 to 10 year old,0,medium,0,mid-rise
sector 113,2.15,1330.0,2,2,3,1 to 5 year old,0,medium,2,high-rise
sector 37c,1.35,1853.0,3,3,2,0 to 1 year old,0,high,2,mid-rise
sector 37c,1.5,2011.1885999999995,3,4,3,0 to 1 year old,0,high,2,mid-rise
garauli kalan,1.5,1820.0,3,3,3,0 to 1 year old,0,high,2,mid-rise
sector 102,2.27,2025.0,3,4,1,1 to 5 year old,1,medium,3,mid-rise
sector 102,2.47,1827.0,3,3,2,1 to 5 year old,0,medium,1,high-rise
sector 67,0.8,800.0,2,2,1,1 to 5 year old,0,medium,1,mid-rise
sector 103,1.65,1940.0,3,4,3+,under construction,1,medium,2,mid-rise
sector 109,3.0,5964.0,5,5,3+,5 to 10 year old,0,medium,2,mid-rise
sector 1 imt manesar,1.28,2912.42,3,3,2,10+ year old,0,medium,4,mid-rise
dlf phase 2,4.57,2250.0,4,4,3+,10+ year old,1,high,2,mid-rise
sector 99,3.7,3360.0,4,4,3+,0 to 1 year old,1,high,3,mid-rise
sector 106,1.28,1385.0,2,2,3+,1 to 5 year old,0,medium,0,high-rise
sector 70a,0.71,900.0,2,2,1,0 to 1 year old,0,medium,2,mid-rise
sector 106,1.53,1760.0,3,4,3+,1 to 5 year old,1,medium,2,high-rise
sector 70,2.5,2769.0,3,4,2,1 to 5 year old,1,medium,2,mid-rise
sector 70a,2.2,1508.0,2,2,3,1 to 5 year old,0,medium,1,mid-rise
sector 112,6.0,3685.0,3,5,2,1 to 5 year old,1,medium,0,high-rise
sector 95,0.63,916.3118,2,2,2,1 to 5 year old,0,medium,0,mid-rise
sector 95,0.64,916.3118,2,2,2,1 to 5 year old,0,medium,0,mid-rise
sector 76,0.85,901.4728,2,2,1,1 to 5 year old,0,medium,2,mid-rise
sector 76,0.83,901.4728,2,2,1,1 to 5 year old,0,medium,2,mid-rise
sector 76,0.84,901.4728,2,2,1,1 to 5 year old,0,medium,2,mid-rise
sector 84,0.62,583.0,2,2,1,1 to 5 year old,0,medium,0,mid-rise
sector 70,1.49,1137.0,3,2,2,5 to 10 year old,0,high,0,mid-rise
sector 62,3.7,1885.0,2,2,2,1 to 5 year old,0,medium,1,high-rise
sector 69,0.78,684.4399999999999,2,2,1,1 to 5 year old,1,high,0,mid-rise
sector 69,0.81,684.4399999999999,2,2,1,1 to 5 year old,0,high,1,mid-rise
sector 69,0.78,677.3399999999999,2,2,1,1 to 5 year old,0,high,1,mid-rise
sector 92,1.15,2232.24,3,3,3,5 to 10 year old,0,medium,2,mid-rise
sector 71,2.55,2475.06,3,3,2,5 to 10 year old,1,medium,1,mid-rise
sector 81,0.65,628.0,2,2,3,0 to 1 year old,0,medium,0,mid-rise
sector 85,2.65,2597.18,3,3,3,under construction,0,medium,1,high-rise
sector 61,2.25,1400.0,2,3,2,10+ year old,1,medium,1,high-rise
sector 86,0.66,766.8,2,2,1,0 to 1 year old,0,low,0,mid-rise
sector 99a,0.48,580.0,2,2,1,1 to 5 year old,0,medium,1,mid-rise
sector 102,2.01,1368.0,2,2,3,0 to 1 year old,0,high,1,high-rise
sector 108,4.8,2343.0,3,5,2,1 to 5 year old,1,high,1,high-rise
sector 110,7.49,6760.0,5,5,3+,1 to 5 year old,1,high,4,mid-rise
sector 110,4.89,3350.0,4,5,2,1 to 5 year old,1,high,2,mid-rise
sector 104,3.6,2450.0,3,4,3+,1 to 5 year old,1,medium,2,high-rise
sector 108,1.89,1758.0,3,3,3+,1 to 5 year old,1,medium,0,mid-rise
sector 104,3.4,2450.0,3,4,3+,1 to 5 year old,1,medium,3,high-rise
sector 104,2.37,1700.0,2,3,3,1 to 5 year old,1,high,2,high-rise
sector 109,2.35,1745.0,3,3,3,1 to 5 year old,0,high,1,mid-rise
sector 102,2.45,2025.0,3,4,1,1 to 5 year old,1,high,2,mid-rise
sector 102,3.25,2180.0,4,4,3+,0 to 1 year old,0,high,2,mid-rise
sector 108,3.4,1711.0,3,3,3+,0 to 1 year old,0,high,2,high-rise
sector 102,2.55,1852.0,3,3,3,0 to 1 year old,0,medium,1,high-rise
sector 106,2.95,1855.0,3,3,3+,0 to 1 year old,0,high,1,high-rise
sector 109,2.14,1750.0,3,3,3+,1 to 5 year old,0,medium,2,high-rise
sector 102,2.43,1692.0,3,3,3,0 to 1 year old,0,high,1,high-rise
sector 106,2.05,1160.149656,2,2,3+,0 to 1 year old,0,high,1,high-rise
sector 106,2.6,1625.0,3,3,2,0 to 1 year old,0,high,1,high-rise
sector 108,3.95,2003.0,3,3,3,0 to 1 year old,0,high,2,high-rise
sector 109,2.5,2150.0,3,4,3+,1 to 5 year old,1,high,1,high-rise
sector 109,2.15,1750.0,3,3,3+,1 to 5 year old,0,high,2,high-rise
sector 112,4.75,2802.0,3,3,3+,0 to 1 year old,1,high,2,high-rise
sector 109,2.1,1750.0,3,3,3+,1 to 5 year old,1,high,1,high-rise
sector 65,5.79,2450.0,3,3,3+,1 to 5 year old,1,medium,0,high-rise
sector 106,2.75,1855.0,3,3,3+,0 to 1 year old,0,high,0,high-rise
sector 82a,2.72,1818.0,3,3,3+,5 to 10 year old,0,medium,1,high-rise
sector 37c,1.1,1310.0,2,2,3,0 to 1 year old,0,high,2,mid-rise
sector 83,1.67,2201.0,3,2,1,1 to 5 year old,0,high,2,mid-rise
sector 83,1.45,1245.0,2,2,2,1 to 5 year old,0,medium,0,mid-rise
sector 72,4.95,2905.0,4,5,3+,0 to 1 year old,1,high,2,high-rise
sector 72,4.92,2550.0,3,3,3,0 to 1 year old,1,medium,2,high-rise
sector 54,8.5,3160.0,4,6,2,5 to 10 year old,1,high,2,mid-rise
sector 112,8.35,4739.0,4,6,3+,1 to 5 year old,1,high,2,high-rise
sector 37d,2.05,1832.0,3,3,3,1 to 5 year old,0,high,1,mid-rise
sector 37d,1.86,1870.0,3,3,3+,1 to 5 year old,0,high,1,mid-rise
sector 48,2.33,1945.0,3,3,3,10+ year old,0,medium,1,mid-rise
sector 48,2.35,1855.0,3,3,3,10+ year old,0,medium,1,mid-rise
sector 48,2.3,1855.0,3,3,3,10+ year old,0,medium,1,mid-rise
sector 49,3.45,2061.0,3,3,3,5 to 10 year old,0,high,1,mid-rise
sector 49,3.45,2061.0,3,3,3,10+ year old,0,high,2,mid-rise
sector 110 a,2.55,2042.0,3,3,3+,1 to 5 year old,1,low,0,mid-rise
sector 110 a,3.25,2428.0,4,5,3+,1 to 5 year old,1,low,1,mid-rise
sector 110 a,3.26,2428.0,4,4,3+,1 to 5 year old,1,high,1,mid-rise
sector 110 a,1.45,990.0,2,2,2,1 to 5 year old,0,medium,1,mid-rise
sector 88a,1.65,1498.0,2,2,3+,1 to 5 year old,0,high,1,high-rise
sector 85,2.6,1855.0,3,3,3+,1 to 5 year old,0,high,1,high-rise
sector 88a,2.15,1825.0,3,3,3+,1 to 5 year old,0,high,2,mid-rise
sector 83,1.6,1740.0,3,2,3,1 to 5 year old,0,medium,1,mid-rise
sector 111,3.9,2100.0,3,4,3,1 to 5 year old,1,medium,1,mid-rise
sector 62,6.1,2588.79,3,3,3,1 to 5 year old,1,high,2,high-rise
sector 67a,2.59,1950.0,3,3,3,1 to 5 year old,1,high,2,mid-rise
sector 95,0.67,914.6504,3,2,1,1 to 5 year old,0,medium,0,mid-rise
sector 81,1.55,1360.0,2,2,3,5 to 10 year old,0,high,0,mid-rise
sector 81,5.5,4200.0,4,6,3+,1 to 5 year old,1,high,3,high-rise
sector 89 a,2.15,1950.0,3,3,2,0 to 1 year old,1,medium,1,mid-rise
sector 82a,3.6,1799.0,3,3,3+,1 to 5 year old,1,medium,2,high-rise
sector 113,3.15,2771.25,3,3,3+,0 to 1 year old,1,medium,2,high-rise
sector 37d,1.82,1640.0,3,3,3+,1 to 5 year old,0,high,1,mid-rise
sector 56,2.65,1950.0,3,3,3,5 to 10 year old,1,medium,2,mid-rise
sector 52,2.25,2150.0,3,3,3,10+ year old,1,medium,2,mid-rise
sector 37c,1.52,2889.7,3,5,3+,1 to 5 year old,1,medium,2,high-rise
sector 93,1.65,1805.0,3,4,2,5 to 10 year old,0,medium,1,mid-rise
sector 72,7.1,3355.0,4,4,3+,1 to 5 year old,1,medium,2,high-rise
sector 84,1.65,1562.0,2,3,3,1 to 5 year old,0,medium,1,high-rise
sector 70a,3.5,2150.0,3,3,3,5 to 10 year old,0,medium,2,high-rise
sector 70a,2.3,1304.0,2,2,3+,1 to 5 year old,0,medium,2,high-rise
sector 72,6.5,3355.0,4,4,3+,1 to 5 year old,1,medium,2,high-rise
sector 72,6.4,3355.0,4,4,3+,5 to 10 year old,1,medium,2,mid-rise
sector 113,3.5,2575.0,3,4,3,1 to 5 year old,1,medium,2,high-rise
sector 68,2.42,1999.0,3,4,3+,0 to 1 year old,1,high,1,high-rise
dlf phase 5,3.45,1900.0,3,3,2,10+ year old,0,high,1,low-rise
sector 67a,1.75,1296.0,2,2,2,1 to 5 year old,0,medium,1,mid-rise
sector 93,0.64,628.0,2,2,3,1 to 5 year old,0,medium,2,mid-rise
sector 37c,2.25,3472.0,4,4,2,0 to 1 year old,0,high,2,mid-rise
sector 65,7.0,2875.0,4,5,3+,1 to 5 year old,1,medium,3,high-rise
sector 106,1.45,1385.0,2,2,3+,1 to 5 year old,0,medium,1,mid-rise
sector 61,2.66,2130.0,3,3,2,0 to 1 year old,0,medium,2,low-rise
sector 104,2.6,2290.0,3,4,3+,1 to 5 year old,1,high,2,high-rise
sector 102,2.22,1692.0,3,3,3,1 to 5 year old,0,high,1,high-rise
sector 109,2.9,1955.0,3,4,3+,0 to 1 year old,1,medium,1,mid-rise
sector 93,0.68,628.0,2,2,3,1 to 5 year old,0,low,1,mid-rise
sector 95a,0.65,808.3208,2,2,2,1 to 5 year old,0,high,1,mid-rise
dlf phase 4,5.8,3527.28,4,4,3+,0 to 1 year old,1,high,2,low-rise
sector 104,2.62,2698.0,3,3,3+,1 to 5 year old,1,medium,2,high-rise
sector 66,3.9,2200.0,3,4,3,0 to 1 year old,1,medium,4,mid-rise
sector 70a,0.7,994.0,2,2,2,1 to 5 year old,1,medium,2,mid-rise
sector 70a,0.695,873.3,2,2,2,1 to 5 year old,0,medium,2,mid-rise
sector 65,16.0,6300.0,4,5,3+,1 to 5 year old,1,high,3,high-rise
sector 52,3.2,3000.0,4,4,3+,10+ year old,1,medium,2,mid-rise
sector 76,0.86,901.7,2,2,1,1 to 5 year old,0,medium,0,mid-rise
sector 71,0.84,639.0,2,2,1,1 to 5 year old,0,medium,1,mid-rise
sector 71,0.85,600.0,2,2,1,1 to 5 year old,0,medium,1,mid-rise
sector 99a,2.15,1997.0,3,5,3,1 to 5 year old,1,medium,1,mid-rise
sector 63a,3.8,2740.6,3,3,3,1 to 5 year old,0,medium,4,low-rise
sector 106,4.05,2352.080048,4,5,3+,1 to 5 year old,0,medium,2,high-rise
sector 37d,1.12,1380.0,2,2,3,1 to 5 year old,0,high,2,mid-rise
sector 70a,1.65,1685.54,2,2,3,1 to 5 year old,0,medium,0,low-rise
hayatpur,1.72,1805.0,3,4,2,1 to 5 year old,0,medium,1,mid-rise
sector 72,1.77,1755.0,2,3,3+,5 to 10 year old,1,high,1,mid-rise
sector 65,2.3,1310.0,2,2,3,0 to 1 year old,0,medium,1,high-rise
sector 67a,0.8,849.16,2,2,1,1 to 5 year old,0,low,0,mid-rise
sector 47,2.35,2360.0,4,4,3+,10+ year old,0,medium,2,mid-rise
sector 79,1.84,1490.0,3,3,3,1 to 5 year old,0,high,1,high-rise
sector 106,2.1,1707.5,2,2,3,0 to 1 year old,0,medium,1,mid-rise
sector 37d,1.35,1675.0,3,3,3+,1 to 5 year old,0,medium,1,mid-rise
sector 80,2.95,3163.0,4,4,3+,5 to 10 year old,1,high,2,mid-rise
sector 110 a,1.8,1350.0,3,3,3,5 to 10 year old,0,high,1,mid-rise
sector 90,1.92,1930.0,3,3,3+,0 to 1 year old,1,medium,1,mid-rise
sector 37c,2.31,2874.0,3,3,3,0 to 1 year old,1,medium,1,mid-rise
sector 37c,1.65,1820.0,3,3,3,0 to 1 year old,1,medium,1,mid-rise
sector 48,6.5,2187.0,3,3,3+,5 to 10 year old,1,high,2,mid-rise
sector 70a,0.695,839.4329999999999,2,2,1,1 to 5 year old,0,low,1,mid-rise
sector 84,0.56,685.86,2,2,2,1 to 5 year old,0,low,1,mid-rise
sector 67a,0.77,900.0,2,2,2,1 to 5 year old,0,high,1,mid-rise
sector 67a,0.82,900.0,2,2,2,1 to 5 year old,0,high,2,mid-rise
sector 70,1.5,1137.0,3,2,2,5 to 10 year old,0,high,1,mid-rise
sector 69,2.42,1578.0,3,3,2,1 to 5 year old,0,high,1,mid-rise
sector 65,2.9,2485.0,4,3,3+,0 to 1 year old,0,medium,1,low-rise
sector 70,2.8,2150.0,3,4,3,1 to 5 year old,1,high,1,mid-rise
sector 102,3.8,3198.0,4,4,3+,0 to 1 year old,1,high,4,high-rise
sector 113,2.5,1580.0,2,2,3,1 to 5 year old,0,high,1,high-rise
sector 109,2.45,2545.0,3,3,3,1 to 5 year old,1,medium,2,mid-rise
sector 102,3.55,3198.0,4,4,3,1 to 5 year old,1,medium,2,high-rise
sector 102,1.32,964.0,2,2,2,1 to 5 year old,0,medium,1,high-rise
sector 54,9.85,3160.0,4,5,2,5 to 10 year old,1,high,2,mid-rise
sector 69,2.4,1704.0,3,3,3,0 to 1 year old,0,medium,1,high-rise
sector 49,4.26,2444.0,3,4,3,1 to 5 year old,1,high,2,mid-rise
sector 84,1.4,1425.0,2,2,3,5 to 10 year old,0,high,2,mid-rise
sector 83,1.42,1245.0,2,2,2,5 to 10 year old,0,high,2,mid-rise
sector 90,1.2,1300.0,2,2,3,1 to 5 year old,0,high,2,mid-rise
sector 84,1.88,1890.0,3,3,3+,5 to 10 year old,0,high,2,mid-rise
sector 103,1.62,1991.0,3,4,3+,1 to 5 year old,1,medium,1,mid-rise
sector 3,2.2,2700.0,4,4,3+,0 to 1 year old,1,medium,2,mid-rise
sector 111,3.25,1810.0,3,3,3,1 to 5 year old,0,medium,2,mid-rise
sector 84,1.49,1725.0,3,3,3+,5 to 10 year old,0,medium,1,mid-rise
sector 84,1.65,2025.0,3,4,3+,1 to 5 year old,1,medium,1,mid-rise
sector 37c,2.35,2358.0,3,3,3,5 to 10 year old,0,high,2,mid-rise
sector 71,2.25,2350.0,4,3,3+,5 to 10 year old,1,high,1,mid-rise
sector 82,1.76,1690.0,3,3,3+,1 to 5 year old,0,medium,1,mid-rise
sector 37c,1.1,1310.0,2,2,3,0 to 1 year old,0,medium,2,mid-rise
heritage city,3.75,2750.54,3,3,3,10+ year old,1,high,1,mid-rise
sector 79,2.5,2366.0,3,4,3,1 to 5 year old,1,medium,2,mid-rise
sector 37d,1.64,1800.0,3,3,3+,1 to 5 year old,0,medium,2,mid-rise
sector 107,1.41,1534.0,2,2,3,1 to 5 year old,0,high,1,mid-rise
sector 89,1.2,1103.0,2,2,2,0 to 1 year old,0,high,1,low-rise
sector 102,1.6,1215.0,2,2,3,1 to 5 year old,0,medium,1,high-rise
sohna,1.12,1269.0,2,2,3+,1 to 5 year old,1,high,2,mid-rise
sohna,1.14,1269.0,2,2,3+,1 to 5 year old,1,high,2,mid-rise
sector 108,1.8,2666.0,3,4,2,5 to 10 year old,1,medium,1,mid-rise
sector 108,1.85,2842.0,3,4,3,5 to 10 year old,1,medium,2,mid-rise
sector 109,2.15,1750.0,3,3,3+,1 to 5 year old,0,medium,1,high-rise
sector 108,1.5,1283.0,2,3,3,1 to 5 year old,1,medium,1,mid-rise
sector 99,2.5,2890.0,4,4,3+,1 to 5 year old,1,medium,2,mid-rise
sector 72,2.6,1975.0,3,5,3,1 to 5 year old,1,high,2,mid-rise
sector 106,3.1,2002.0,3,4,3+,0 to 1 year old,1,high,1,high-rise
sector 109,2.75,2585.0,3,4,3+,1 to 5 year old,1,high,1,high-rise
sector 104,3.3,2450.0,3,4,3+,1 to 5 year old,1,high,1,high-rise
sector 106,1.65,1760.0,3,4,3+,1 to 5 year old,1,high,1,high-rise
sector 99a,1.45,1550.0,2,2,3,1 to 5 year old,0,high,1,mid-rise
sector 65,3.55,2004.0,3,4,3,0 to 1 year old,1,medium,2,high-rise
sector 86,0.65,711.42,2,2,2,1 to 5 year old,0,medium,0,mid-rise
sector 48,3.05,1776.0,3,3,3,5 to 10 year old,1,medium,1,mid-rise
sector 48,3.05,1776.0,3,3,3+,1 to 5 year old,1,high,1,mid-rise
sector 37c,2.25,2750.0,3,3,3,0 to 1 year old,1,medium,1,mid-rise
block c,3.2,1935.0,3,3,2,0 to 1 year old,1,low,2,low-rise
sector 70a,0.8,836.0,2,2,2,1 to 5 year old,0,medium,0,mid-rise
sector 70a,2.9,1830.0,3,3,3+,1 to 5 year old,1,high,4,mid-rise
sector 74,2.42,1424.0,2,2,3+,1 to 5 year old,0,high,2,high-rise
sector 107,2.67,2768.0,4,5,3+,1 to 5 year old,1,high,1,mid-rise
sector 70a,0.71,920.0,2,2,1,1 to 5 year old,0,high,2,mid-rise
sector 70a,0.74,980.0,2,2,1,1 to 5 year old,0,high,2,mid-rise
sector 70a,0.72,980.0,2,2,1,1 to 5 year old,0,high,2,mid-rise
sohna,1.15,1269.0,2,2,3,1 to 5 year old,0,medium,1,mid-rise
sector 103,1.42,1427.0,2,2,3,1 to 5 year old,0,medium,2,mid-rise
sector 47,3.2,2027.0,3,4,3+,1 to 5 year old,1,medium,2,mid-rise
sector 113,4.18,2691.0,4,4,3+,0 to 1 year old,1,high,2,high-rise
sector 72,4.28,2145.0,3,3,3+,1 to 5 year old,1,high,2,high-rise
gwal pahari,2.5,2273.0,3,3,3,5 to 10 year old,1,medium,2,mid-rise
sector 66,3.05,2063.0,3,3,3,1 to 5 year old,1,medium,2,mid-rise
sector 48,3.25,1776.0,3,3,3+,0 to 1 year old,1,medium,2,mid-rise
sector 70a,3.6,2150.0,3,3,3,0 to 1 year old,0,medium,2,high-rise
sector 65,2.35,1261.0,2,2,3,0 to 1 year old,0,high,1,high-rise
sector 82,1.88,1960.0,3,3,3,1 to 5 year old,0,medium,1,mid-rise
sector 110 a,0.27,319.5,1,1,1,5 to 10 year old,0,low,1,mid-rise
sector 58,3.5,1375.0,2,2,2,1 to 5 year old,0,high,0,high-rise
garauli khurd,1.5,1990.0,3,3,3,0 to 1 year old,1,high,2,mid-rise
sector 47,5.15,2470.0,3,5,3,1 to 5 year old,1,medium,2,mid-rise
sector 47,5.0,2470.0,3,5,3,1 to 5 year old,1,medium,2,mid-rise
sector 62,3.65,1996.0,3,3,3+,1 to 5 year old,1,medium,1,high-rise
sector 104,2.32,1700.0,2,3,3,1 to 5 year old,1,high,2,high-rise
sector 79,2.69,2150.0,3,4,2,0 to 1 year old,1,medium,1,mid-rise
sector 79,3.43,2675.0,4,5,2,0 to 1 year old,1,medium,2,mid-rise
sector 107,1.35,1536.0,2,2,3,1 to 5 year old,0,high,2,mid-rise
sector 109,2.4,2150.0,3,4,3+,1 to 5 year old,1,high,2,high-rise
sector 70a,1.9,1420.0,2,2,3,1 to 5 year old,1,medium,1,mid-rise
sector 109,1.75,1880.0,3,3,3,1 to 5 year old,0,high,2,mid-rise
sector 28,4.84,2954.0,4,5,3+,10+ year old,1,medium,1,mid-rise
sector 102,2.32,2000.0,3,4,2,1 to 5 year old,1,high,1,mid-rise
sector 92,1.6,2040.0,4,3,3,1 to 5 year old,0,high,2,mid-rise
sector 104,3.73,3150.0,4,4,3+,1 to 5 year old,1,high,2,high-rise
sector 67a,1.73,1296.0,2,2,2,0 to 1 year old,0,high,1,mid-rise
sector 104,2.6,2290.0,3,4,3+,1 to 5 year old,1,high,2,high-rise
sector 104,2.58,2290.0,3,4,3+,1 to 5 year old,1,high,2,high-rise
sector 107,1.7,1943.0,3,3,3,1 to 5 year old,0,high,1,mid-rise
sector 54,6.75,1982.0,3,3,3,5 to 10 year old,1,high,1,high-rise
sector 62,3.6,1508.0,2,2,1,1 to 5 year old,0,high,1,high-rise
sector 107,1.7,1943.0,3,3,3,1 to 5 year old,0,high,1,mid-rise
sector 53,6.28,2895.0,3,4,3+,5 to 10 year old,1,high,1,mid-rise
sector 62,6.0,2588.0,3,3,3,1 to 5 year old,0,high,2,high-rise
sector 62,6.1,2588.0,3,3,3,1 to 5 year old,0,high,2,high-rise
sector 60,4.1,2100.0,3,3,3+,5 to 10 year old,1,high,1,mid-rise
sector 60,4.0,2100.0,3,3,3+,5 to 10 year old,1,high,1,mid-rise
sector 71,0.84,600.0,2,2,1,1 to 5 year old,0,medium,1,mid-rise
sector 37c,1.46,1790.0,3,3,3,0 to 1 year old,0,medium,1,high-rise
sector 108,3.15,1711.0,3,3,3,1 to 5 year old,0,medium,2,high-rise
sector 109,2.3,1745.0,3,3,3,1 to 5 year old,0,medium,2,high-rise
sector 69,2.66,2400.0,4,5,3+,1 to 5 year old,1,high,2,mid-rise
sector 65,3.45,1828.0,3,3,3,5 to 10 year old,0,medium,2,high-rise
nirvana country,2.25,1418.0,2,2,2,5 to 10 year old,0,high,2,mid-rise
sector 69,2.38,1704.0,3,3,3+,1 to 5 year old,0,high,1,high-rise
sector 69,2.37,1704.0,3,3,3+,1 to 5 year old,0,high,1,high-rise
sector 69,2.3,1704.0,3,3,3+,0 to 1 year old,0,high,1,high-rise
sector 69,2.64,2400.0,4,5,3+,5 to 10 year old,1,high,2,mid-rise
sector 69,2.63,2400.0,4,5,3+,5 to 10 year old,1,high,2,mid-rise
sector 69,2.38,1704.0,3,3,3+,0 to 1 year old,0,high,1,high-rise
sector 69,2.71,2400.0,4,5,3+,0 to 1 year old,1,high,2,mid-rise
sector 69,2.38,1704.0,3,3,3+,0 to 1 year old,0,high,1,high-rise
sector 69,2.37,1704.0,3,3,3+,1 to 5 year old,0,high,1,high-rise
sector 69,2.36,1704.0,3,3,3+,0 to 1 year old,0,high,1,high-rise
sector 66,7.0,3600.0,4,5,3+,5 to 10 year old,1,high,2,mid-rise
sector 69,2.38,1704.0,3,3,3+,1 to 5 year old,0,high,1,high-rise
sector 69,2.4,1704.0,3,3,3+,1 to 5 year old,0,high,1,high-rise
sector 69,2.4,1704.0,3,3,3+,1 to 5 year old,0,medium,1,high-rise
sector 69,2.36,1704.0,3,3,3+,1 to 5 year old,0,high,1,high-rise
nirvana country,2.8,1815.0,3,3,3,5 to 10 year old,1,high,2,mid-rise
sector 66,3.85,2100.0,4,2,2,5 to 10 year old,0,high,2,mid-rise
sector 67,2.5,1470.0,2,2,2,5 to 10 year old,0,high,2,high-rise
sector 67,3.2,1935.0,3,4,3,0 to 1 year old,1,medium,2,mid-rise
sector 70,2.38,1950.0,3,5,3,1 to 5 year old,1,high,1,mid-rise
sector 70,2.35,1950.0,3,5,3,0 to 1 year old,1,high,1,mid-rise
sector 69,2.63,2400.0,4,5,3+,1 to 5 year old,1,high,2,mid-rise
sector 70,2.36,1950.0,3,5,3,0 to 1 year old,1,high,1,mid-rise
sector 69,2.64,2400.0,4,5,3+,1 to 5 year old,1,medium,2,mid-rise
sector 69,2.64,2400.0,4,5,3+,5 to 10 year old,1,high,2,mid-rise
sector 69,2.78,2400.0,4,5,3+,1 to 5 year old,1,medium,2,mid-rise
sector 69,2.74,2400.0,4,5,3+,1 to 5 year old,1,medium,2,mid-rise
sector 69,2.38,1704.0,3,3,3,0 to 1 year old,0,medium,1,high-rise
sector 69,2.37,1704.0,3,3,3+,0 to 1 year old,0,high,1,high-rise
sector 69,2.63,2400.0,4,5,3+,0 to 1 year old,1,high,2,mid-rise
sector 69,2.46,1578.0,3,3,2,1 to 5 year old,0,high,1,mid-rise
sector 69,2.3,1578.0,3,3,2,1 to 5 year old,0,medium,1,mid-rise
sector 69,2.39,1704.0,3,3,3+,1 to 5 year old,0,high,1,high-rise
sector 69,2.63,2400.0,4,5,3+,1 to 5 year old,1,high,2,mid-rise
sector 65,3.35,1828.0,3,3,3,0 to 1 year old,1,medium,2,high-rise
sector 69,2.33,1578.0,3,3,2,1 to 5 year old,0,medium,1,mid-rise
nirvana country,2.5,1795.0,2,2,3,5 to 10 year old,0,high,2,mid-rise
sector 69,2.36,1704.0,3,3,3+,0 to 1 year old,0,medium,1,high-rise
nirvana country,3.15,1935.0,3,3,3,5 to 10 year old,1,high,2,mid-rise
sector 69,2.77,2400.0,4,5,3+,1 to 5 year old,1,medium,2,mid-rise
sector 69,2.65,2400.0,4,5,3+,1 to 5 year old,1,medium,2,mid-rise
sector 69,2.73,2400.0,4,5,3+,1 to 5 year old,1,medium,2,mid-rise
sector 69,2.72,2400.0,4,5,3+,1 to 5 year old,1,medium,2,mid-rise
sector 70,2.34,1950.0,3,5,3,1 to 5 year old,1,medium,1,mid-rise
sector 70,2.35,1950.0,3,5,3,0 to 1 year old,1,medium,1,mid-rise
sector 69,2.64,2400.0,4,5,3+,1 to 5 year old,1,high,2,mid-rise
sector 69,2.75,2400.0,4,5,3+,1 to 5 year old,1,high,2,mid-rise
sector 70,2.87,2400.0,4,5,3+,1 to 5 year old,1,medium,2,mid-rise
sector 69,4.39,3156.0,4,6,3+,1 to 5 year old,1,high,2,mid-rise
sector 69,4.37,3156.0,4,6,3+,1 to 5 year old,1,high,2,mid-rise
nirvana country,2.2,1418.0,2,2,2,5 to 10 year old,1,high,2,mid-rise
sector 66,3.85,2100.0,4,4,3,5 to 10 year old,1,high,2,mid-rise
sector 66,4.3,2410.0,4,5,3+,5 to 10 year old,1,high,2,mid-rise
sector 70,4.55,4600.0,5,7,3+,1 to 5 year old,0,high,2,mid-rise
sector 70,4.52,4600.0,5,7,3+,1 to 5 year old,1,high,2,mid-rise
sector 69,2.65,2400.0,4,5,3+,1 to 5 year old,1,high,2,mid-rise
sector 69,2.79,2400.0,4,5,3+,1 to 5 year old,1,high,2,mid-rise
sector 69,2.8,2400.0,4,5,3+,1 to 5 year old,1,high,2,mid-rise
sector 69,2.67,2400.0,4,5,3+,1 to 5 year old,1,high,2,mid-rise
sector 69,2.76,2400.0,4,5,3+,1 to 5 year old,1,high,2,mid-rise
sector 69,2.61,2400.0,4,5,3+,0 to 1 year old,1,high,2,mid-rise
sector 65,2.45,1261.0,2,2,2,1 to 5 year old,0,high,2,high-rise
sector 66,4.0,1950.0,3,3,2,1 to 5 year old,1,high,2,mid-rise
sector 104,2.45,1700.0,2,3,3,5 to 10 year old,1,medium,1,high-rise
sector 85,2.68,2408.0,3,4,3,1 to 5 year old,1,medium,1,mid-rise
sector 86,2.1,1480.0,2,2,3,1 to 5 year old,0,high,2,mid-rise
sector 69,2.73,2400.0,4,5,3+,1 to 5 year old,1,high,2,mid-rise
sector 69,2.63,2400.0,4,5,3+,1 to 5 year old,1,medium,2,mid-rise
sector 84,3.7,3434.0,4,4,3,1 to 5 year old,0,medium,0,high-rise
sector 83,1.95,2460.8599999999997,3,3,3,5 to 10 year old,0,medium,2,mid-rise
sector 102,2.41,2025.0,3,4,2,1 to 5 year old,1,medium,1,mid-rise
sector 108,3.4,2429.62,3,3,3,1 to 5 year old,0,medium,2,high-rise
sector 83,1.9,2466.54,3,3,3,5 to 10 year old,0,medium,2,mid-rise
sector 83,2.1,1733.0,3,3,3,5 to 10 year old,0,medium,2,mid-rise
sector 99,3.68,4977.099999999999,4,6,3+,1 to 5 year old,1,medium,3,mid-rise
sector 54,9.75,3400.0,4,6,3+,10+ year old,1,medium,2,mid-rise
sector 37d,1.75,1440.0,3,3,3,0 to 1 year old,0,medium,0,low-rise
sector 54,8.0,2282.0,3,4,3,10+ year old,1,high,2,high-rise
sector 54,9.65,2704.0,4,4,3+,10+ year old,1,medium,3,high-rise
sector 37d,2.55,2191.0,4,3,3,1 to 5 year old,0,high,2,mid-rise
nirvana country,2.22,1418.0,2,2,3+,5 to 10 year old,0,medium,2,mid-rise
sector 95a,0.628,808.3208,2,2,2,1 to 5 year old,0,medium,1,mid-rise
sector 108,3.2,1711.0,3,3,2,0 to 1 year old,0,medium,2,high-rise
sector 109,1.78,1871.0,3,3,3,1 to 5 year old,0,medium,2,mid-rise
sector 83,1.4,1245.0,2,2,2,1 to 5 year old,0,medium,1,mid-rise
sector 104,3.4,2450.0,3,4,3+,1 to 5 year old,1,medium,0,high-rise
sector 63,3.1,1717.0,3,4,3+,5 to 10 year old,0,medium,0,mid-rise
sector 92,2.95,2475.0,4,5,3+,1 to 5 year old,1,medium,1,mid-rise
sector 60,5.75,2800.0,4,5,3,5 to 10 year old,1,high,2,high-rise
sector 33,2.38,1937.5,3,3,3,5 to 10 year old,1,medium,0,mid-rise
sector 33,3.15,1870.0,4,5,3,5 to 10 year old,1,medium,2,mid-rise
sector 33,2.4,1570.0,3,4,3,5 to 10 year old,1,medium,2,mid-rise
sector 48,3.5,2350.0,3,3,3,5 to 10 year old,1,medium,2,mid-rise
sector 83,2.65,2698.0,3,3,3,1 to 5 year old,1,medium,2,mid-rise
sector 85,1.2,1475.0,3,3,2,5 to 10 year old,0,high,1,mid-rise
sector 85,0.92,1115.0,2,2,2,5 to 10 year old,0,high,1,mid-rise
sector 37d,1.55,1838.9,3,3,3,0 to 1 year old,0,medium,2,low-rise
sector 99a,2.0,1997.0,3,5,3,1 to 5 year old,1,medium,1,mid-rise
sector 65,3.9,2896.7999999999997,3,3,2,1 to 5 year old,0,medium,4,high-rise
sector 65,2.5,1420.0,2,2,2,1 to 5 year old,0,medium,2,high-rise
sector 106,1.7,1760.0,3,4,3+,5 to 10 year old,1,medium,2,high-rise
sector 95a,0.65,808.3208,2,2,2,1 to 5 year old,0,medium,0,mid-rise
sector 95a,0.63,808.3208,2,2,2,1 to 5 year old,0,medium,0,mid-rise
sector 106,1.45,1385.0,2,2,3+,1 to 5 year old,0,high,2,high-rise
sector 106,1.4,1385.0,2,2,3+,1 to 5 year old,0,high,2,high-rise
sector 106,1.42,1385.0,2,2,3+,1 to 5 year old,0,high,2,high-rise
sector 106,1.41,1385.0,2,2,3+,1 to 5 year old,0,high,2,high-rise
sector 106,1.9,1900.0,3,4,3,1 to 5 year old,1,high,2,high-rise
sector 106,1.85,1900.0,3,4,3,1 to 5 year old,1,high,3,high-rise
sector 106,1.85,2355.0,4,6,3+,1 to 5 year old,1,high,3,high-rise
sector 37d,1.35,1700.0,3,4,3+,1 to 5 year old,1,medium,1,mid-rise
sector 82a,2.7,1818.0,3,3,3+,1 to 5 year old,0,high,1,high-rise
sector 68,2.38,1999.0,3,4,3+,0 to 1 year old,1,high,2,high-rise
sector 99,4.0,3360.0,4,4,3,1 to 5 year old,1,high,2,mid-rise
sector 86,1.89,1930.0,3,3,3,5 to 10 year old,0,medium,2,mid-rise
sector 37c,1.58,2035.0,3,3,3,1 to 5 year old,1,medium,2,high-rise
sector 37c,1.87,2600.0,4,4,3+,1 to 5 year old,0,high,2,high-rise
sector 37c,1.45,1815.0,3,3,1,1 to 5 year old,1,medium,2,high-rise
sector 89,1.54,1494.0,3,3,2,1 to 5 year old,0,high,2,low-rise
sector 53,7.5,4375.0,3,4,3+,5 to 10 year old,1,medium,2,mid-rise
sector 85,0.68,598.0,2,2,2,1 to 5 year old,0,medium,1,mid-rise
sector 68,2.45,1999.0,3,4,3+,0 to 1 year old,1,medium,2,high-rise
sector 53,9.0,3390.0,4,5,3+,5 to 10 year old,1,medium,2,mid-rise
sector 86,2.65,2364.0,4,4,3+,5 to 10 year old,1,high,3,mid-rise
sector 86,2.1,2051.0,3,3,3+,5 to 10 year old,1,high,2,mid-rise
sector 84,1.89,1890.0,3,3,3+,5 to 10 year old,0,high,2,mid-rise
sector 86,2.0,1930.0,3,4,3+,1 to 5 year old,1,high,2,mid-rise
sector 86,2.05,1930.0,3,3,3,1 to 5 year old,1,high,2,mid-rise
sector 86,2.65,2364.0,4,4,3+,5 to 10 year old,1,high,2,mid-rise
sector 84,1.89,1890.0,3,3,2,5 to 10 year old,0,high,2,mid-rise
sector 84,1.75,1750.0,3,3,2,5 to 10 year old,0,high,2,mid-rise
sector 84,2.4,2000.0,3,3,2,5 to 10 year old,1,high,0,low-rise
sector 84,2.0,2000.0,3,3,3,5 to 10 year old,1,high,2,low-rise
sector 86,2.6,2364.0,4,4,3+,5 to 10 year old,1,high,2,mid-rise
sector 90,1.9,1930.0,3,3,3,1 to 5 year old,1,high,1,mid-rise
sector 95,1.3,1646.0,3,3,3,0 to 1 year old,0,medium,0,mid-rise
sector 84,1.68,1750.0,3,3,3+,1 to 5 year old,0,medium,2,mid-rise
sector 104,2.05,1550.0,2,2,2,1 to 5 year old,0,medium,2,high-rise
sector 102,1.84,1368.0,2,2,3,0 to 1 year old,0,high,1,high-rise
sector 107,1.8,2759.06,3,3,3+,1 to 5 year old,0,medium,2,mid-rise
sector 111,4.8,2950.0,4,5,3+,1 to 5 year old,1,medium,2,mid-rise
sector 111,3.85,2200.0,3,4,2,1 to 5 year old,1,medium,2,mid-rise
sector 82,1.32,1349.0,2,2,2,1 to 5 year old,0,medium,1,mid-rise
sector 102,2.4,2025.0,3,4,1,1 to 5 year old,1,medium,2,mid-rise
sector 68,1.08,865.0,2,1,2,10+ year old,0,high,2,high-rise
sector 65,3.7,2040.0,3,3,3+,1 to 5 year old,1,medium,1,high-rise
sector 103,2.85,2875.0,4,6,3+,1 to 5 year old,1,medium,2,mid-rise
sector 107,1.25,1366.0,2,2,3+,1 to 5 year old,0,medium,1,mid-rise
sector 95a,0.76,1100.0,2,2,2,1 to 5 year old,0,low,1,mid-rise
sector 95a,0.66,1100.0,2,2,2,1 to 5 year old,0,low,1,mid-rise
sector 95a,0.63,809.4,2,2,2,1 to 5 year old,0,medium,1,mid-rise
sector 59,10.0,2852.8509999999997,4,6,3,5 to 10 year old,1,high,3,high-rise
sector 90,0.718,690.0,2,2,1,1 to 5 year old,0,medium,1,mid-rise
sector 81,3.65,2660.0,3,4,3+,1 to 5 year old,1,high,2,mid-rise
sector 81,5.4,4200.0,4,6,3,1 to 5 year old,1,high,2,high-rise
sector 91,2.95,2724.0,4,4,3,5 to 10 year old,1,high,3,mid-rise
sector 81,1.4,1560.0,3,3,3,5 to 10 year old,0,medium,1,mid-rise
sector 72,5.2,2550.0,3,4,3+,1 to 5 year old,1,high,2,high-rise
sector 79,2.8,2150.0,3,4,3+,1 to 5 year old,1,high,1,mid-rise
sector 85,1.76,1671.0,2,2,3+,1 to 5 year old,0,medium,0,high-rise
sector 85,2.72,2408.0,3,4,3,1 to 5 year old,1,medium,2,high-rise
sector 81,2.1,2570.2,3,3,3,5 to 10 year old,0,medium,1,mid-rise
sector 61,2.8,2314.6,3,3,2,0 to 1 year old,0,medium,1,low-rise
sector 65,8.5,4096.0,4,4,3+,1 to 5 year old,1,high,4,mid-rise
sector 65,12.75,4944.0,4,4,3+,1 to 5 year old,1,high,7,mid-rise
sector 65,8.55,4096.0,4,4,3+,1 to 5 year old,1,high,4,mid-rise
sector 65,12.95,4992.0,4,4,3+,1 to 5 year old,1,high,6,high-rise
sector 65,12.99,4944.0,4,4,3+,1 to 5 year old,1,high,4,mid-rise
sector 65,9.5,4010.0,3,3,3+,1 to 5 year old,1,high,4,high-rise
sector 65,7.75,3510.0,3,4,3+,1 to 5 year old,1,high,4,high-rise
sector-33 sohna,3.0,2134.0,3,3,3+,0 to 1 year old,1,high,2,mid-rise
sector 68,1.49,1245.0,2,2,3,0 to 1 year old,0,high,2,high-rise
sector 65,7.05,2979.0,3,3,3+,1 to 5 year old,1,high,4,high-rise
sector 65,16.0,6365.0,4,6,3+,1 to 5 year old,1,high,4,high-rise
sector 65,16.32,6365.0,4,6,3+,1 to 5 year old,1,high,4,high-rise
sector 92,2.25,2120.0,3,4,2,1 to 5 year old,1,medium,2,mid-rise
sector 65,9.5,4010.0,3,3,3+,1 to 5 year old,1,high,4,high-rise
sector 65,6.9,2979.0,3,3,3+,1 to 5 year old,1,high,4,high-rise
sector 106,1.9,1420.0,2,2,2,1 to 5 year old,0,medium,2,high-rise
sector 103,2.85,2875.0,4,5,3+,1 to 5 year old,1,medium,2,mid-rise
sector 102,2.35,2000.0,3,4,2,1 to 5 year old,1,high,2,mid-rise
sector 102,3.7,3198.0,4,4,3+,1 to 5 year old,1,medium,2,high-rise
sector 102,1.99,1368.0,2,2,3,1 to 5 year old,0,high,2,mid-rise
sector 102,2.9,2162.0,4,4,3+,1 to 5 year old,0,high,2,high-rise
sector 102,2.5,1852.0,3,3,3,1 to 5 year old,0,medium,2,high-rise
sector 102,2.75,2162.0,4,4,3+,1 to 5 year old,0,high,2,high-rise
sector 102,2.4,1852.0,3,3,3,1 to 5 year old,0,high,3,high-rise
sector-33 sohna,3.0,2134.0,3,3,3+,1 to 5 year old,1,medium,1,mid-rise
sector 84,1.85,1890.0,3,3,3+,0 to 1 year old,0,medium,2,mid-rise
sector 84,2.95,4534.0599999999995,3,5,3+,1 to 5 year old,1,high,1,mid-rise
sector 66,4.44,2410.0,4,5,3+,1 to 5 year old,1,medium,4,mid-rise
sector 65,3.65,1975.0,4,4,3,0 to 1 year old,0,medium,1,mid-rise
sector 60,3.88,2045.0,3,4,3+,1 to 5 year old,0,high,3,high-rise
sector 58,3.5,1375.0,2,2,1,1 to 5 year old,0,medium,2,high-rise
sector 84,2.2,2275.0,3,3,3+,1 to 5 year old,1,medium,2,mid-rise
sector 84,2.22,2275.0,3,3,3+,0 to 1 year old,1,medium,2,mid-rise
sector 65,3.69,1975.0,4,4,3,5 to 10 year old,1,medium,1,mid-rise
sector 65,3.08,1650.0,3,3,3,5 to 10 year old,1,medium,0,mid-rise
sector 74,3.3,2000.0,3,3,3,1 to 5 year old,0,high,2,high-rise
sector 84,1.82,1750.0,3,3,2,1 to 5 year old,0,high,0,mid-rise
sector 84,1.84,1750.0,3,3,2,1 to 5 year old,0,medium,1,mid-rise
sector 84,1.34,1425.0,2,2,3+,1 to 5 year old,0,medium,1,mid-rise
sector 79,3.35,2650.0,4,5,3+,1 to 5 year old,1,high,1,high-rise
sector 84,1.85,1750.0,3,3,2,1 to 5 year old,0,high,1,mid-rise
sihi village,4.15,6032.16,4,6,3+,1 to 5 year old,1,high,2,mid-rise
sector 65,3.05,1917.0,3,3,3,5 to 10 year old,1,medium,0,mid-rise
sector 37c,1.29,1565.0,3,3,3,1 to 5 year old,0,medium,1,mid-rise
sector 102,2.35,2025.0,3,3,3,1 to 5 year old,1,medium,1,mid-rise
sector 90,2.68,2727.0,4,4,3+,1 to 5 year old,1,high,2,mid-rise
sector 91,1.38,1404.0,2,2,2,1 to 5 year old,0,medium,2,mid-rise
sector 84,1.84,1890.0,3,3,3+,5 to 10 year old,0,medium,0,mid-rise
sector 84,1.82,1750.0,3,3,3+,1 to 5 year old,0,medium,1,mid-rise
sector 84,1.23,1450.0,2,2,3+,1 to 5 year old,0,medium,1,mid-rise
sector 37c,1.65,2035.0,3,3,3,1 to 5 year old,1,medium,1,high-rise
sector 88a,2.07,1791.0,3,3,3+,1 to 5 year old,0,high,2,mid-rise
sector 111,4.25,2950.0,4,5,3+,1 to 5 year old,1,medium,3,mid-rise
sector 110 a,1.69,1198.0,2,2,2,1 to 5 year old,0,high,1,mid-rise
sector 110 a,1.98,1615.0,3,3,3,1 to 5 year old,0,high,1,mid-rise
sector 110 a,2.05,1407.0,3,3,2,1 to 5 year old,0,high,1,mid-rise
sector 111,3.3,1810.0,3,3,1,1 to 5 year old,0,high,2,mid-rise
sector 111,3.7,2200.0,3,3,2,1 to 5 year old,1,medium,2,mid-rise
sector 110 a,1.89,1615.0,3,3,3,1 to 5 year old,0,high,1,mid-rise
sector 110 a,3.24,2428.0,4,4,3+,1 to 5 year old,1,high,1,mid-rise
sector 110 a,2.45,2042.0,3,3,3+,1 to 5 year old,1,medium,1,mid-rise
sector 111,4.3,2950.0,4,5,3+,1 to 5 year old,1,high,3,mid-rise
sector 110 a,2.2,1615.0,3,3,3,1 to 5 year old,0,high,1,mid-rise
sector 111,4.25,2950.0,4,5,3+,1 to 5 year old,1,high,3,mid-rise
sector 110 a,3.26,2428.0,4,4,3+,1 to 5 year old,1,high,1,mid-rise
sector 82,1.45,2002.2,2,2,3+,5 to 10 year old,0,medium,1,mid-rise
sector 92,1.25,1536.0,3,3,3,1 to 5 year old,0,medium,1,mid-rise
sector 82,5.25,5320.0,5,6,3+,1 to 5 year old,1,medium,2,mid-rise
sector 82,4.4,4890.0,4,6,3+,5 to 10 year old,1,high,2,high-rise
sector 82,3.2,3250.0,4,5,3+,5 to 10 year old,1,medium,2,mid-rise
sector 82,3.9,3500.0,4,6,3+,1 to 5 year old,1,low,0,mid-rise
sector 82,2.39,2300.0,3,5,3+,1 to 5 year old,1,medium,1,mid-rise
sector 82,2.58,2535.0,4,5,3+,1 to 5 year old,1,medium,1,high-rise
sector 82,2.45,2535.0,4,5,3+,1 to 5 year old,1,medium,1,high-rise
sector 82,2.43,2300.0,3,5,3+,1 to 5 year old,1,low,1,mid-rise
sector 82,2.47,2300.0,3,5,3+,1 to 5 year old,1,medium,1,mid-rise
sector 82,1.93,1960.0,3,3,3+,5 to 10 year old,0,medium,1,mid-rise
sector 82,2.53,2535.0,4,5,3+,1 to 5 year old,1,medium,1,high-rise
sector 82,1.9,1790.0,3,4,2,5 to 10 year old,1,medium,1,mid-rise
sector 37d,1.58,1775.0,3,3,3+,1 to 5 year old,0,medium,2,mid-rise
sector 37d,1.62,1800.0,3,3,3+,1 to 5 year old,0,medium,1,mid-rise
sector 37d,1.68,1800.0,3,3,3+,1 to 5 year old,0,high,1,mid-rise
sector 82,1.72,1690.0,3,3,3+,1 to 5 year old,0,medium,1,mid-rise
sector 82,1.97,1960.0,3,3,3,1 to 5 year old,0,high,1,mid-rise
sector 83,2.17,1981.0,3,3,2,5 to 10 year old,1,medium,1,mid-rise
sector 83,1.85,1735.0,3,3,2,5 to 10 year old,0,medium,1,mid-rise
sector 37c,1.58,1790.0,3,3,3,1 to 5 year old,0,medium,0,mid-rise
heritage city,3.55,1860.0,3,4,3,10+ year old,1,medium,1,mid-rise
dlf phase 4,3.5,1777.0,3,4,2,10+ year old,1,high,1,mid-rise
dlf phase 2,4.47,2245.0,4,4,3,10+ year old,1,high,2,mid-rise
dlf phase 4,3.5,1777.0,3,4,2,10+ year old,1,high,1,mid-rise
sector 56,2.8,3408.0,4,4,3+,5 to 10 year old,0,medium,2,mid-rise
sector 82a,4.37,2650.0,3,3,3,0 to 1 year old,1,medium,2,high-rise
sector 99a,1.89,1997.0,3,5,3,1 to 5 year old,1,high,1,mid-rise
sector 66,2.1,1442.0,3,2,3+,5 to 10 year old,0,high,1,mid-rise
sector 49,2.9,1666.0,3,3,1,1 to 5 year old,0,high,2,mid-rise
sector 79,2.7,2150.0,3,4,3,0 to 1 year old,1,medium,0,mid-rise
sohna,1.75,1751.0,3,3,3+,1 to 5 year old,1,high,2,mid-rise
sector 67a,0.76,823.5999999999999,2,2,3,1 to 5 year old,1,high,2,mid-rise
sohna,1.35,1457.0,2,2,3+,1 to 5 year old,0,high,0,mid-rise
sohna,1.34,1457.0,2,2,3+,1 to 5 year old,0,high,2,mid-rise
sector 67a,0.77,822.18,2,2,1,1 to 5 year old,1,high,1,mid-rise
sector 67a,0.75,839.2199999999999,2,2,2,1 to 5 year old,1,high,1,mid-rise
sector 67a,0.765,800.0,2,2,3+,1 to 5 year old,0,high,1,mid-rise
sector 67a,0.77,822.18,2,2,1,1 to 5 year old,0,high,1,mid-rise
sector 66,4.1,1950.0,3,3,2,5 to 10 year old,1,high,2,mid-rise
sector 62,3.3,1508.26,2,2,2,1 to 5 year old,0,medium,1,high-rise
sector 103,1.4,1481.0,2,2,3+,1 to 5 year old,0,high,1,mid-rise
sector 103,1.65,1790.0,3,3,3+,1 to 5 year old,0,high,1,mid-rise
sector 102,2.45,1692.0,3,3,3,1 to 5 year old,0,medium,1,high-rise
sector 102,3.0,2162.0,4,4,3+,1 to 5 year old,0,medium,2,high-rise
sector 104,2.65,2290.0,3,4,3+,5 to 10 year old,1,medium,2,high-rise
sector 104,2.64,2290.0,3,4,3+,5 to 10 year old,1,medium,2,high-rise
sector 111,2.41,2102.0,3,4,3+,0 to 1 year old,1,high,2,mid-rise
sector 108,2.25,2003.0,3,4,3+,5 to 10 year old,1,medium,1,mid-rise
sector 107,1.35,1366.0,2,2,3,1 to 5 year old,0,medium,1,mid-rise
sector 107,2.2,2361.0,3,4,3+,1 to 5 year old,1,high,1,mid-rise
sector 107,1.85,1943.0,3,3,3,1 to 5 year old,0,medium,1,mid-rise
sector 108,1.6,1838.0,3,3,2,5 to 10 year old,0,medium,1,mid-rise
sector 109,2.45,2150.0,3,4,3+,5 to 10 year old,1,medium,2,high-rise
sector 109,2.05,1750.0,3,3,3+,5 to 10 year old,0,medium,2,high-rise
sector 109,2.5,2150.0,3,4,3+,1 to 5 year old,1,medium,1,high-rise
sector 102,2.39,2000.0,3,4,2,1 to 5 year old,1,medium,0,mid-rise
sector 102,2.39,2025.0,3,4,3+,1 to 5 year old,1,medium,1,mid-rise
sector 67a,4.25,2685.0,4,4,3,1 to 5 year old,1,medium,1,mid-rise
sector 69,1.6,1328.0,3,2,2,1 to 5 year old,0,medium,1,mid-rise
sector 69,2.78,2400.0,4,5,2,0 to 1 year old,1,medium,1,mid-rise
sector 111,3.25,1700.0,3,3,3,1 to 5 year old,1,medium,1,mid-rise
sector 109,1.85,1871.0,3,3,3+,1 to 5 year old,0,medium,1,mid-rise
sector 81,3.57,2132.0,3,3,2,0 to 1 year old,1,high,3,high-rise
sector 109,3.2,2375.0,3,4,3+,1 to 5 year old,1,medium,2,mid-rise
sector 102,2.65,1889.0,3,3,3,1 to 5 year old,1,medium,1,high-rise
sector 65,16.5,6351.0,5,7,3+,1 to 5 year old,1,medium,3,high-rise
sector 102,1.8,1349.0,2,2,3+,1 to 5 year old,0,medium,1,high-rise
sector 102,1.9,1650.0,3,3,3,1 to 5 year old,1,medium,1,mid-rise
sector 103,2.16,1900.0,3,3,3+,1 to 5 year old,0,medium,1,mid-rise
sector 104,3.7,3150.0,4,4,3+,1 to 5 year old,1,medium,2,high-rise
sector 109,3.8,2100.0,3,4,3,1 to 5 year old,1,medium,2,mid-rise
sector 103,2.95,2875.0,4,6,3+,1 to 5 year old,1,high,3,mid-rise
sector 65,3.21,1828.0,3,3,3+,0 to 1 year old,0,medium,0,high-rise
sector 65,2.71,1516.0,2,2,3,0 to 1 year old,0,medium,1,high-rise
sector 102,2.55,1852.0,3,3,3,1 to 5 year old,0,medium,1,high-rise
sector 60,4.0,2045.0,3,4,3+,5 to 10 year old,0,high,2,high-rise
sector 60,5.7,2800.0,4,5,3,5 to 10 year old,1,medium,3,high-rise
sector 104,2.45,2290.0,3,4,3+,1 to 5 year old,1,high,0,high-rise
sector 102,3.4,3198.0,4,4,3+,1 to 5 year old,1,high,1,high-rise
sector 103,1.5,1427.0,2,2,3,1 to 5 year old,0,medium,1,mid-rise
sector 112,7.45,4848.0,4,6,3+,1 to 5 year old,1,high,1,high-rise
sector 112,5.8,3763.0,3,5,3+,1 to 5 year old,1,high,1,high-rise
sector 109,2.55,2150.0,3,3,3,1 to 5 year old,1,medium,2,high-rise
sector 109,1.95,1805.0,3,3,3,1 to 5 year old,0,medium,2,mid-rise
sector 102,5.6,4548.0,4,4,3+,1 to 5 year old,1,high,1,high-rise
sector 109,1.82,2165.0,3,4,3+,1 to 5 year old,1,high,1,mid-rise
sector 111,2.35,1874.0,3,3,3,0 to 1 year old,0,medium,2,mid-rise
sector 68,1.65,1260.0,2,2,2,1 to 5 year old,0,medium,5,high-rise
sector 67,0.73,800.0,2,2,1,1 to 5 year old,0,medium,2,mid-rise
sector 65,5.0,2499.0,3,3,3+,1 to 5 year old,1,high,4,high-rise
sector 65,3.5,2004.0,3,3,3,0 to 1 year old,1,high,3,high-rise
sector 85,1.75,1975.0,4,4,3,1 to 5 year old,0,medium,1,mid-rise
sector 92,2.75,2475.0,4,5,3,1 to 5 year old,1,medium,2,mid-rise
sector 82,1.3,3375.0,2,2,2,5 to 10 year old,0,medium,1,low-rise
sector 90,2.1,1744.0,3,3,2,1 to 5 year old,0,medium,0,high-rise
sector 82a,2.7,1799.0,3,3,3+,5 to 10 year old,0,medium,1,high-rise
sector 81,5.5,4200.0,4,6,3+,1 to 5 year old,1,medium,2,high-rise
sector 102,2.5,2000.0,3,4,2,1 to 5 year old,1,high,1,mid-rise
sector 92,2.38,1995.0,3,4,3,1 to 5 year old,1,medium,1,mid-rise
sector 111,4.5,2950.0,4,5,2,1 to 5 year old,1,medium,1,mid-rise
sohna,1.68,1527.0,3,3,2,0 to 1 year old,0,high,1,mid-rise
sector 66,2.25,1457.0,2,2,3,1 to 5 year old,1,medium,2,mid-rise
sector 66,6.5,3307.98,3,5,2,1 to 5 year old,1,medium,1,mid-rise
sector 66,2.8,1895.0,3,4,2,1 to 5 year old,1,medium,1,mid-rise
sector 90,0.45,432.0,1,1,1,1 to 5 year old,0,medium,1,mid-rise
sector 90,0.75,690.0,2,2,1,1 to 5 year old,0,medium,0,mid-rise
sector 48,3.25,1860.0,3,4,3+,1 to 5 year old,1,medium,2,mid-rise
sector 48,2.25,1785.0,3,3,3,5 to 10 year old,0,medium,1,mid-rise
sector 49,2.95,2200.0,4,3,3+,5 to 10 year old,0,high,1,mid-rise
sector 102,2.0,1655.0,3,3,3,5 to 10 year old,0,high,2,mid-rise
sector 84,0.9,1200.0,2,2,3,5 to 10 year old,0,medium,1,mid-rise
sector 91,1.45,1310.0,2,2,3,1 to 5 year old,0,high,2,mid-rise
sector 85,1.05,1115.0,2,2,2,5 to 10 year old,0,medium,1,mid-rise
sector 83,2.7,1900.0,3,4,3,1 to 5 year old,1,medium,0,mid-rise
sector 81,1.4,1560.0,3,3,3,5 to 10 year old,0,high,1,mid-rise
sector 102,1.9,1650.0,3,3,3,1 to 5 year old,1,high,2,mid-rise
sector 104,2.68,2290.0,3,4,3+,1 to 5 year old,1,high,2,high-rise
sushant lok phase 2,4.5,4500.0,4,5,0,0 to 1 year old,1,medium,2,low-rise
sushant lok phase 2,4.5,4005.0,4,5,0,0 to 1 year old,1,medium,2,low-rise
sector 108,1.5,1283.0,2,3,3,1 to 5 year old,1,high,2,mid-rise
block h,4.7,2700.0,4,4,3,0 to 1 year old,1,medium,2,low-rise
sector 37c,1.5,1790.0,3,3,3,1 to 5 year old,0,medium,2,mid-rise
sector 81,1.42,1560.0,3,3,3,5 to 10 year old,0,high,1,mid-rise
sector 111,3.7,2215.0,3,4,3+,1 to 5 year old,1,high,3,mid-rise
sector 112,7.2,4848.0,4,4,3,0 to 1 year old,1,high,3,high-rise
sector 37d,1.63,1800.0,3,3,3+,1 to 5 year old,0,medium,2,mid-rise
sector 37d,1.64,1800.0,3,3,3+,1 to 5 year old,0,medium,2,mid-rise
sector 37c,2.0,2600.0,4,6,3+,1 to 5 year old,1,medium,2,high-rise
sector 37d,1.6,1720.0,3,3,3+,1 to 5 year old,0,medium,2,mid-rise
sector 37d,1.5,1770.0,3,3,3+,1 to 5 year old,0,medium,2,mid-rise
sector 37d,1.63,1775.0,3,3,3+,1 to 5 year old,0,medium,2,mid-rise
sector 66,4.5,2410.0,4,4,3+,5 to 10 year old,1,high,3,mid-rise
sector 102,1.95,1650.0,3,3,3,1 to 5 year old,0,medium,1,mid-rise
sector 37d,1.55,1720.0,3,3,3,1 to 5 year old,0,medium,0,mid-rise
sector 37d,1.61,1800.0,3,3,3+,1 to 5 year old,0,high,0,mid-rise
sector 37d,1.32,1675.0,3,3,3,1 to 5 year old,0,medium,0,mid-rise
sector 37d,1.34,2277.68,3,3,3+,1 to 5 year old,0,medium,0,mid-rise
sector 1a imt manesar,1.6,2230.0,4,4,3,1 to 5 year old,1,medium,0,mid-rise
sector 65,2.88,1450.0,2,2,3,1 to 5 year old,0,medium,1,high-rise
nirvana country,2.7,1877.0,3,4,3,5 to 10 year old,1,high,2,mid-rise
sector 65,3.3,1828.0,3,3,3+,1 to 5 year old,0,high,2,high-rise
dlf phase 5,3.75,1740.0,4,4,2,5 to 10 year old,0,medium,2,mid-rise
sector 104,2.5,1700.0,2,3,3,1 to 5 year old,1,high,1,high-rise
sector 106,3.2,2842.8399999999997,3,4,3+,1 to 5 year old,1,medium,2,high-rise
dlf phase 5,2.95,1550.0,3,3,2,5 to 10 year old,0,medium,2,low-rise
sector 56,3.4,3692.0,4,4,3+,1 to 5 year old,0,medium,2,mid-rise
sector 77,1.77,1822.0,3,3,3,1 to 5 year old,0,high,2,mid-rise
sector 90,0.42,418.0,1,1,1,1 to 5 year old,0,low,1,mid-rise
sector 69,2.35,1578.0,3,3,3,1 to 5 year old,0,high,2,mid-rise
sector 70a,3.8,2350.0,3,4,3+,1 to 5 year old,1,high,2,high-rise
sector 83,2.2,1827.5,3,3,2,1 to 5 year old,0,medium,2,mid-rise
sector 70a,3.6,2150.0,3,3,3+,1 to 5 year old,0,high,2,high-rise
sector 70a,2.7,1565.0,2,2,3+,1 to 5 year old,0,high,2,high-rise
sector 70a,2.9,1703.0,3,3,3+,1 to 5 year old,0,high,2,high-rise
sector 70a,2.2,1475.0,2,2,3+,1 to 5 year old,0,high,4,mid-rise
sector 67,4.7,2433.0,3,3,3+,1 to 5 year old,1,high,4,high-rise
sector 109,1.85,3712.0,4,5,3,5 to 10 year old,0,medium,1,mid-rise
sector 37d,1.54,1775.0,3,3,3,1 to 5 year old,0,medium,0,mid-rise
sector 70a,0.72,980.0,2,2,1,1 to 5 year old,0,high,1,mid-rise
sector 70a,0.69,980.0,2,2,1,1 to 5 year old,0,high,1,mid-rise
gwal pahari,6.5,5800.0,4,6,3+,1 to 5 year old,1,high,2,high-rise
sector 70a,0.69,980.0,2,2,1,1 to 5 year old,0,medium,1,mid-rise
sector 60,2.95,2272.0,2,2,2,5 to 10 year old,1,high,2,high-rise
sector 112,4.62,3978.84,3,3,3,1 to 5 year old,1,medium,2,high-rise
sector 1a imt manesar,1.7,2230.0,4,5,3,5 to 10 year old,1,medium,1,mid-rise
sector 89 a,2.16,1750.0,3,3,3+,0 to 1 year old,0,medium,2,mid-rise
sector 89 a,2.88,2650.0,3,4,3+,0 to 1 year old,1,medium,2,mid-rise
sector 49,2.85,2016.0,4,3,3+,5 to 10 year old,0,medium,1,mid-rise
sector 84,2.85,2272.0,4,4,3+,0 to 1 year old,0,high,2,low-rise
sector 53,27.26,7368.0,5,7,3+,1 to 5 year old,1,high,4,high-rise
sector 91,1.95,1420.0,3,3,3,5 to 10 year old,0,high,1,mid-rise
sector 91,1.95,1862.0,3,3,3+,5 to 10 year old,0,high,1,mid-rise
sector 89 a,2.15,1750.0,3,3,3+,0 to 1 year old,0,medium,2,mid-rise
sector 65,2.75,1516.0,2,2,3,1 to 5 year old,0,medium,1,high-rise
sector 102,2.55,1827.0,3,3,3,1 to 5 year old,0,medium,1,high-rise
sector 65,11.0,3734.0,4,5,3+,1 to 5 year old,1,medium,2,mid-rise
sector 67,4.3,2358.0,3,4,3,1 to 5 year old,1,high,2,mid-rise
sector 89 a,2.5,2150.0,3,4,3+,0 to 1 year old,1,medium,2,mid-rise
sector 60,3.95,2045.0,3,4,3+,1 to 5 year old,1,high,2,mid-rise
sector 66,6.5,3670.0,5,5,3,5 to 10 year old,1,low,3,mid-rise
sector 107,1.3,1366.0,2,2,3+,1 to 5 year old,0,medium,2,mid-rise
sector 102,2.6,1852.0,3,3,3,1 to 5 year old,0,medium,3,high-rise
sector 65,8.6,3510.0,3,4,3+,1 to 5 year old,1,high,3,high-rise
sector 48,6.95,2187.0,3,4,3,1 to 5 year old,1,high,2,mid-rise
sector 89 a,2.86,2650.0,3,4,3+,0 to 1 year old,1,medium,2,mid-rise
sector 67,4.39,2358.0,3,4,3,1 to 5 year old,1,medium,2,mid-rise
sector 67,6.1,3341.0,4,5,3,1 to 5 year old,1,medium,2,mid-rise
sector 81,1.5,1360.0,2,2,3+,1 to 5 year old,0,high,1,mid-rise
sector 107,0.52,778.16,2,2,2,5 to 10 year old,0,low,1,mid-rise
sector 102,2.5,1889.0,3,4,3+,5 to 10 year old,1,medium,1,high-rise
sector 102,3.1,2598.0,3,4,3,1 to 5 year old,1,medium,0,high-rise
sushant lok phase 1,8.8,3300.0,4,5,3+,under construction,0,medium,2,high-rise
sector 37c,2.62,3348.3599999999997,3,4,3+,5 to 10 year old,1,medium,2,mid-rise
sector 69,1.46,1326.0,3,2,2,5 to 10 year old,0,high,2,mid-rise
sector 79,2.64,1815.0,3,4,3+,1 to 5 year old,1,high,2,mid-rise
sector 109,2.38,2150.0,3,4,3+,0 to 1 year old,1,medium,2,high-rise
sector 92,1.85,2093.0,4,4,3,1 to 5 year old,1,medium,1,mid-rise
sector 102,2.7,1889.0,3,4,3+,1 to 5 year old,1,high,1,high-rise
sector 89,3.36,2345.0,3,4,3,under construction,1,medium,2,high-rise
sector 3,2.65,3763.0,4,4,3+,1 to 5 year old,0,high,2,mid-rise
sector 81,1.77,1660.0,3,2,3+,1 to 5 year old,0,high,1,mid-rise
sector 61,2.3,1365.0,2,2,2,5 to 10 year old,0,medium,1,high-rise
sector 102,2.33,1919.84,3,3,3,1 to 5 year old,0,high,2,high-rise
sector 99,2.95,3750.0,4,5,2,1 to 5 year old,1,medium,2,mid-rise
sector 3,1.65,1846.0,2,2,2,under construction,0,medium,0,mid-rise
sector 61,3.05,2000.0,3,3,3,1 to 5 year old,0,high,2,high-rise
sector 37d,1.44,1770.0,3,3,3+,1 to 5 year old,0,medium,1,mid-rise
sector 83,2.65,2698.0,3,3,3,5 to 10 year old,1,high,2,mid-rise
sector 61,3.25,1795.0,3,3,3,5 to 10 year old,0,high,2,high-rise
sector 95a,0.63,808.3208,2,2,2,1 to 5 year old,0,low,2,mid-rise
sector 102,1.45,915.0,2,2,2,1 to 5 year old,0,medium,3,high-rise
sector 67,5.35,3297.0,4,4,3+,1 to 5 year old,1,medium,2,high-rise
sector 102,1.85,1215.0,2,2,2,1 to 5 year old,0,medium,3,high-rise
sector 89 a,2.87,2650.0,3,4,3+,0 to 1 year old,1,medium,2,mid-rise
sector 89 a,2.92,2650.0,3,4,3+,0 to 1 year old,1,medium,2,mid-rise
sector 89 a,2.42,2150.0,3,4,3+,0 to 1 year old,1,medium,2,mid-rise
sector 61,4.15,3000.0,3,4,3,5 to 10 year old,1,medium,2,high-rise
sector 84,4.25,6032.16,4,6,3+,1 to 5 year old,1,medium,2,mid-rise
sector 108,1.85,2496.3599999999997,3,2,3+,1 to 5 year old,0,medium,2,mid-rise
sector 92,2.84,2325.0,4,4,3,0 to 1 year old,1,medium,2,mid-rise
sector 37c,1.4,1379.0,2,2,3,5 to 10 year old,0,medium,1,mid-rise
sector 81,4.5,4927.4,4,4,3+,1 to 5 year old,1,high,2,mid-rise
sector 65,7.5,3117.0,3,4,3+,5 to 10 year old,1,high,2,high-rise
sector 3,2.45,3763.0,4,4,3+,0 to 1 year old,0,medium,2,mid-rise
sector 3,1.35,1444.0,2,2,3,0 to 1 year old,0,medium,1,mid-rise
sector 3,1.3,1444.0,2,2,3,0 to 1 year old,1,medium,1,mid-rise
sector 106,1.75,1760.0,3,4,3+,5 to 10 year old,1,high,2,high-rise
sector 76,5.75,3680.0,4,4,3+,under construction,0,medium,2,high-rise
dlf phase 2,4.6,2855.62,4,4,3,10+ year old,1,high,1,mid-rise
sector 60,3.72,2045.0,3,4,3,1 to 5 year old,1,high,2,mid-rise
sector 60,5.49,2800.0,4,4,3,1 to 5 year old,1,high,2,high-rise
sector 53,8.75,3390.0,4,5,3+,10+ year old,1,high,2,mid-rise
sector 65,6.99,3600.0,4,4,3+,1 to 5 year old,1,high,2,low-rise
sector 83,2.7,2698.0,3,3,3+,1 to 5 year old,1,low,1,mid-rise
sector 106,2.55,1614.54,3,3,2,1 to 5 year old,0,medium,1,mid-rise
sector 49,2.9,2016.0,4,3,3+,5 to 10 year old,0,medium,1,mid-rise
sector 102,2.51,1852.0,3,3,3,0 to 1 year old,0,high,1,high-rise
sector 65,3.73,2804.5,4,4,3+,1 to 5 year old,1,high,2,mid-rise
sector 53,9.5,3850.0,3,4,3+,5 to 10 year old,1,high,2,mid-rise
sector 81,3.7,2132.0,3,3,2,1 to 5 year old,1,medium,2,high-rise
sector 106,2.88,1855.0,3,3,3,1 to 5 year old,0,medium,2,high-rise
sector 67,4.3,2411.0,3,3,3,1 to 5 year old,1,high,2,high-rise
sector 106,3.1,2502.5,3,3,3,0 to 1 year old,1,medium,2,high-rise
sector 85,2.55,1829.0,3,3,3,0 to 1 year old,0,medium,1,high-rise
sector 69,2.31,1704.0,3,3,3+,0 to 1 year old,0,high,1,high-rise
sector 66,4.05,2200.0,3,4,3,5 to 10 year old,1,high,2,mid-rise
sector 66,3.8,1950.0,3,3,2,1 to 5 year old,1,high,2,mid-rise
sector 69,2.41,1704.0,3,3,3+,1 to 5 year old,0,high,1,high-rise
sector 69,2.42,1704.0,3,3,3+,1 to 5 year old,0,high,1,high-rise
nirvana country,2.55,1629.0,3,2,3+,1 to 5 year old,0,medium,2,mid-rise
nirvana country,3.25,2066.0,3,4,2,5 to 10 year old,1,medium,2,mid-rise
sector 85,3.59,2599.0,4,4,3+,0 to 1 year old,0,medium,2,high-rise
sector 104,3.68,3150.0,4,4,3+,1 to 5 year old,1,medium,2,high-rise
sector 104,2.55,2290.0,3,4,3+,1 to 5 year old,1,medium,2,high-rise
sector 65,3.5,1828.0,3,3,3,1 to 5 year old,0,high,2,high-rise
sohna,1.45,1065.0,3,2,3+,0 to 1 year old,0,medium,1,low-rise
sector 36a,4.73,2538.0,3,3,2,0 to 1 year old,0,medium,2,high-rise
sector 22,5.4,3090.0,3,5,3+,1 to 5 year old,1,high,0,mid-rise
sector 36a,0.67,406.0,1,1,1,1 to 5 year old,0,medium,0,mid-rise
sector 86,0.5,475.7,1,1,1,1 to 5 year old,0,low,0,low-rise
sector 103,0.43,513.8696,1,1,2,1 to 5 year old,0,medium,1,mid-rise
sector 103,0.435,568.0,1,1,2,1 to 5 year old,0,medium,1,mid-rise
sector 88a,0.76,917.0928,2,2,2,1 to 5 year old,0,medium,0,mid-rise
sohna,0.6,786.9071999999999,2,2,2,1 to 5 year old,0,low,0,mid-rise
dlf phase 4,2.1,1105.0,2,2,2,5 to 10 year old,0,medium,1,high-rise
sohna,2.0,1457.0,2,2,3,0 to 1 year old,0,medium,2,mid-rise
sector 65,2.1,1020.0,2,2,2,5 to 10 year old,0,medium,1,mid-rise
sector 108,1.5,1283.0,2,3,3,1 to 5 year old,1,high,1,mid-rise
sector 108,1.43,1042.8906,2,3,3,1 to 5 year old,1,medium,2,mid-rise
sector 3,1.48,1444.0,2,2,3+,0 to 1 year old,0,high,1,mid-rise
sector 106,2.0,1366.0,2,2,3+,0 to 1 year old,0,high,1,mid-rise
sector 106,1.98,1366.0,2,2,3+,1 to 5 year old,0,medium,2,high-rise
sector 106,1.95,1160.149656,2,2,3+,1 to 5 year old,0,medium,1,high-rise
sector 90,0.74,690.0,2,2,1,1 to 5 year old,0,medium,1,mid-rise
sector 37c,1.15,1578.0,2,3,3,5 to 10 year old,0,medium,1,high-rise
sector 103,1.4,1315.0,2,2,3,1 to 5 year old,0,high,2,mid-rise
sector 103,1.44,1427.0,2,2,3+,1 to 5 year old,0,medium,2,mid-rise
sector 67a,2.55,1541.0,2,2,3,1 to 5 year old,0,medium,1,mid-rise
sector 66,2.25,1457.0,2,2,2,5 to 10 year old,1,high,2,mid-rise
sector 65,2.33,1261.0,2,2,3,0 to 1 year old,0,medium,2,high-rise
sector 65,2.55,1637.5,2,2,3,0 to 1 year old,0,medium,2,high-rise
sector 65,2.75,1450.0,2,2,3,1 to 5 year old,0,high,2,high-rise
sector 65,2.8,2152.72,2,2,3+,0 to 1 year old,0,medium,2,high-rise
sector 68,1.55,1222.0,2,2,2,0 to 1 year old,0,medium,1,high-rise
sector 68,1.75,1498.1,2,2,2,1 to 5 year old,0,high,1,high-rise
sector 68,1.6,1260.0,2,2,2,1 to 5 year old,0,high,1,high-rise
sector 107,1.45,1534.0,2,2,3,1 to 5 year old,0,high,1,mid-rise
sector 106,1.5,1966.7,2,2,3,0 to 1 year old,0,medium,1,high-rise
sector 106,1.5,1385.0,2,2,3+,1 to 5 year old,1,high,1,high-rise
sector 106,1.5,1385.0,2,2,3+,1 to 5 year old,0,high,1,high-rise
sector 48,2.2,1620.0,2,2,2,10+ year old,1,medium,1,mid-rise
sector 104,1.97,1550.0,2,2,2,1 to 5 year old,0,high,2,high-rise
sector 104,2.0,1550.0,2,2,2,1 to 5 year old,0,medium,2,high-rise
sector 104,2.34,1700.0,2,3,3,1 to 5 year old,1,medium,1,high-rise
sector 70a,0.69,839.4329999999999,2,2,1,1 to 5 year old,0,medium,1,mid-rise
sector 70a,0.695,900.0,2,2,1,1 to 5 year old,0,medium,1,mid-rise
sector 76,0.73,991.16,2,2,1,0 to 1 year old,0,medium,1,mid-rise
sector 70a,0.675,1000.0,2,2,1,1 to 5 year old,0,high,1,mid-rise
sector 70a,0.66,980.0,2,2,1,1 to 5 year old,0,medium,1,mid-rise
sector 70a,0.7,980.0,2,2,1,1 to 5 year old,0,medium,1,mid-rise
sector 70a,0.72,980.0,2,2,1,1 to 5 year old,0,medium,1,mid-rise
sector 70a,0.7,980.0,2,2,1,1 to 5 year old,0,medium,1,mid-rise
sector 70a,0.72,980.0,2,2,1,1 to 5 year old,0,medium,2,mid-rise
sector 67a,0.75,900.0,2,2,2,1 to 5 year old,0,medium,1,mid-rise
sector 67a,0.815,900.0,2,2,2,1 to 5 year old,0,high,1,mid-rise
sector 108,1.2,1422.0,2,2,2,1 to 5 year old,0,medium,1,mid-rise
sector 108,1.15,1467.0,2,2,2,1 to 5 year old,0,high,1,mid-rise
sector 108,1.15,1506.0,2,2,2,1 to 5 year old,0,high,2,mid-rise
sector 37d,1.15,1310.0,2,2,3,1 to 5 year old,0,medium,1,mid-rise
sector 37d,1.25,1380.0,2,2,3,1 to 5 year old,0,medium,1,mid-rise
sector 95,0.65,863.2605999999998,2,2,1,5 to 10 year old,0,medium,1,mid-rise
sector 103,1.05,1450.0,2,3,3+,1 to 5 year old,1,high,1,mid-rise
sector 102,1.7,1420.0,2,2,3,1 to 5 year old,0,medium,2,high-rise
sector 102,1.82,1215.0,2,2,3,1 to 5 year old,0,high,1,high-rise
sector 102,2.0,1368.0,2,2,3,0 to 1 year old,0,high,1,mid-rise
sector 102,2.0,1368.0,2,2,3,0 to 1 year old,0,high,1,mid-rise
sector 102,1.4,915.0,2,2,2,1 to 5 year old,0,medium,0,high-rise
sector 102,1.39,915.0,2,2,2,0 to 1 year old,0,high,1,high-rise
sector 67,0.77,738.4,2,2,1,1 to 5 year old,0,medium,2,mid-rise
sector 103,0.62,900.0,2,2,1,1 to 5 year old,0,medium,1,mid-rise
sector 107,0.55,1000.0,2,2,1,1 to 5 year old,0,low,3,mid-rise
sector 95a,0.62,914.1818,2,2,2,1 to 5 year old,0,medium,0,mid-rise
sector 84,1.6,1610.0,2,2,3,0 to 1 year old,0,medium,2,mid-rise
sector 84,1.65,1610.0,2,2,3,0 to 1 year old,0,medium,0,mid-rise
sector 84,1.43,1425.0,2,2,3,5 to 10 year old,0,high,2,mid-rise
sector 91,1.37,1404.0,2,2,3,1 to 5 year old,0,high,1,mid-rise
nirvana country,2.5,1795.0,2,2,3,5 to 10 year old,0,high,2,mid-rise
sector 82,1.54,1428.08,2,2,2,5 to 10 year old,0,high,2,mid-rise
sector 102,2.25,1689.0,3,3,2,5 to 10 year old,0,medium,0,high-rise
sector 102,2.55,1889.0,3,3,3,1 to 5 year old,1,medium,2,high-rise
sector 102,3.1,2579.0,3,4,3+,1 to 5 year old,1,medium,0,high-rise
sector 70a,3.6,2150.0,3,3,3,0 to 1 year old,0,medium,2,high-rise
sector 70a,3.4,2150.0,3,3,3,0 to 1 year old,1,high,2,high-rise
ardee city,3.7,2040.0,3,4,3+,1 to 5 year old,1,medium,1,mid-rise
sector 109,2.4,1745.0,3,3,3,1 to 5 year old,0,high,1,high-rise
sector 109,2.1,1750.0,3,3,3+,1 to 5 year old,0,medium,2,high-rise
sector 109,2.04,1750.0,3,3,3+,1 to 5 year old,0,medium,0,high-rise
sector 109,2.14,1750.0,3,3,3+,1 to 5 year old,0,high,1,high-rise
sector 104,2.6,2290.0,3,4,3+,1 to 5 year old,1,medium,2,high-rise
sector 104,2.65,2290.0,3,4,3+,1 to 5 year old,1,high,2,high-rise
sector 79,2.92,2015.0,3,3,3,0 to 1 year old,0,medium,0,mid-rise
sector 49,2.95,1759.0,3,4,3+,5 to 10 year old,0,medium,1,mid-rise
sector 49,3.18,1859.0,3,4,3+,5 to 10 year old,1,high,1,mid-rise
sector 48,3.0,1776.0,3,3,3+,5 to 10 year old,1,medium,1,mid-rise
sector 48,3.16,1815.0,3,3,3+,5 to 10 year old,1,high,2,mid-rise
sector 37d,2.2,2200.0,3,3,3+,1 to 5 year old,0,high,1,mid-rise
sector 37d,1.98,1895.0,3,3,3,1 to 5 year old,0,high,1,mid-rise
sector 109,2.6,2177.0,3,3,1,5 to 10 year old,0,medium,0,mid-rise
sector 70a,2.45,1976.0,3,3,3,1 to 5 year old,1,high,1,mid-rise
sector-33 sohna,4.45,2300.0,3,3,2,under construction,0,medium,5,low-rise
sector 109,2.2,1590.0,3,3,3,1 to 5 year old,1,high,1,mid-rise
sector 109,2.2,1590.0,3,3,3,1 to 5 year old,1,high,1,mid-rise
sector 59,5.85,2188.0,3,3,2,1 to 5 year old,0,high,2,high-rise
sector 59,5.5,2595.0,3,3,2,1 to 5 year old,1,high,2,high-rise
sector 102,2.95,2149.0,3,4,3+,1 to 5 year old,1,medium,2,high-rise
sector 102,3.05,2149.0,3,4,3+,1 to 5 year old,1,medium,1,high-rise
dhorka,1.21,1326.0,3,2,2,0 to 1 year old,0,medium,2,mid-rise
sector 90,1.88,1930.0,3,3,3+,1 to 5 year old,1,medium,1,mid-rise
sector 90,1.97,1720.0,3,3,3,1 to 5 year old,0,medium,1,high-rise
sector 82a,2.83,2086.0,3,4,3+,1 to 5 year old,1,medium,1,high-rise
sector 81,3.7,2100.0,3,4,3+,1 to 5 year old,1,medium,3,high-rise
sector 106,4.8,2450.0,3,3,2,under construction,0,high,2,high-rise
sector 102,1.8,1650.0,3,3,3,1 to 5 year old,1,high,1,mid-rise
sector 102,1.78,1650.0,3,3,3,1 to 5 year old,1,medium,2,mid-rise
sector 102,1.95,1650.0,3,3,3+,1 to 5 year old,1,high,0,mid-rise
sector 102,2.4,2000.0,3,4,2,1 to 5 year old,1,high,2,mid-rise
sector 102,2.4,2025.0,3,4,1,1 to 5 year old,1,high,1,mid-rise
sector 102,2.6,2025.0,3,4,1,1 to 5 year old,1,high,1,mid-rise
sector 65,2.5,1350.0,3,3,3,5 to 10 year old,0,medium,1,mid-rise
sector 65,2.55,1980.9,3,2,2,1 to 5 year old,1,high,2,mid-rise
sector 65,3.23,2000.0,3,3,3,5 to 10 year old,1,medium,2,mid-rise
sector 83,2.23,1900.0,3,3,3,1 to 5 year old,1,medium,1,mid-rise
sector 108,1.82,1400.7022,3,3,3+,1 to 5 year old,1,medium,2,mid-rise
sector 108,1.8,1988.0,3,3,3+,1 to 5 year old,1,medium,2,mid-rise
sector 108,1.85,1400.7022,3,3,3+,1 to 5 year old,1,high,1,mid-rise
sector 112,4.75,2802.0,3,3,3,0 to 1 year old,1,high,2,high-rise
sector 49,4.4,2556.0,3,3,3,under construction,0,low,0,high-rise
sector 3,1.99,2080.0,3,3,3,0 to 1 year old,1,medium,1,mid-rise
sector 106,2.8,1573.299224,3,3,3+,1 to 5 year old,0,medium,2,high-rise
sector 106,2.81,1855.0,3,3,3+,0 to 1 year old,0,high,2,high-rise
sector 106,2.9,1885.0,3,3,3+,0 to 1 year old,0,high,1,high-rise
sector 70,2.7,2150.0,3,4,3,5 to 10 year old,1,high,1,mid-rise
sector 70,2.78,2150.0,3,4,3,1 to 5 year old,1,high,2,mid-rise
sector 70,2.82,2190.0,3,4,3,1 to 5 year old,1,high,1,mid-rise
sector 37c,1.62,1790.0,3,3,3,0 to 1 year old,1,medium,1,mid-rise
sector 37c,1.8,2106.0,3,4,2,under construction,1,medium,1,mid-rise
sector 103,1.8,1790.0,3,3,3+,1 to 5 year old,0,medium,2,mid-rise
sector 103,2.2,1850.0,3,3,3+,1 to 5 year old,0,high,2,mid-rise
sector 103,2.25,1889.0,3,3,3+,1 to 5 year old,0,medium,1,mid-rise
sector 67a,3.1,2636.94,3,3,3,1 to 5 year old,0,medium,1,mid-rise
sector 67,4.5,2385.0,3,3,3,5 to 10 year old,1,high,2,high-rise
sector 67,4.4,2527.0,3,3,3,5 to 10 year old,1,high,2,high-rise
sector 70,2.5,2125.0,3,4,3+,0 to 1 year old,1,high,1,high-rise
sector 113,2.39,1579.0,3,2,2,0 to 1 year old,0,high,3,high-rise
sector 113,2.41,1579.0,3,2,2,0 to 1 year old,0,high,0,high-rise
sector 113,3.05,2216.0,3,4,3+,1 to 5 year old,1,medium,3,high-rise
sector 113,4.05,2691.0,3,3,3+,0 to 1 year old,1,medium,2,high-rise
sector 113,4.2,2691.0,3,3,3+,0 to 1 year old,1,high,2,high-rise
sector 111,3.1,1825.0,3,3,3,under construction,0,medium,1,high-rise
sector 65,3.35,1828.0,3,3,3,0 to 1 year old,0,medium,1,high-rise
sector 65,3.38,2595.76,3,3,3,0 to 1 year old,0,medium,2,high-rise
sector 65,3.8,2054.0,3,3,3+,1 to 5 year old,1,medium,1,high-rise
sector 68,2.65,1945.4,3,3,3,1 to 5 year old,0,high,1,high-rise
sector 77,2.85,2025.0,3,3,3,1 to 5 year old,1,medium,1,high-rise
sushant lok 2,2.5,2210.0,4,4,3+,10+ year old,0,medium,2,mid-rise
sector 113,1.95,1276.0,2,2,2,1 to 5 year old,0,medium,1,mid-rise
sector 109,2.5,2545.0,3,3,3,1 to 5 year old,1,high,2,mid-rise
sector 106,1.75,1760.0,3,4,3+,1 to 5 year old,1,high,2,high-rise
sector 103,1.5,1481.0,2,2,3,1 to 5 year old,0,high,2,mid-rise
sector 111,4.72,2950.0,4,5,3+,5 to 10 year old,1,medium,1,mid-rise
sector 112,8.25,4848.0,4,6,3+,1 to 5 year old,1,high,2,high-rise
sector 111,3.6,2200.0,3,4,2,0 to 1 year old,1,medium,2,mid-rise
sector 37d,1.15,1310.0,2,2,3,1 to 5 year old,0,medium,1,mid-rise
sector 90,2.0,1737.0,3,3,3+,1 to 5 year old,0,high,3,high-rise
sector 86,2.35,1929.0,3,3,3,5 to 10 year old,0,medium,1,mid-rise
sector 81,4.5,3470.0,4,6,2,1 to 5 year old,1,high,2,high-rise
sector 67,5.9,3230.0,4,4,3,5 to 10 year old,1,medium,0,high-rise
sector 68,1.6,1270.0,2,2,3,0 to 1 year old,0,high,2,mid-rise
sector 104,3.55,3150.0,4,4,3+,1 to 5 year old,1,high,3,high-rise
garauli khurd,1.65,1800.0,3,3,3+,1 to 5 year old,0,medium,3,mid-rise
sector 71,4.15,4900.0,5,4,3+,5 to 10 year old,1,medium,4,mid-rise
sector 113,1.9,1662.5,2,2,2,0 to 1 year old,0,medium,1,mid-rise
sector 95a,0.61,730.2633999999999,2,2,2,1 to 5 year old,0,medium,1,mid-rise
sector 103,1.57,1970.0,3,4,3+,0 to 1 year old,1,medium,1,mid-rise
sector 65,3.01,1433.0,2,2,3,1 to 5 year old,0,high,2,high-rise
sector 102,3.0,2149.0,3,4,3+,1 to 5 year old,1,high,3,high-rise
sector 102,1.85,1846.0,3,4,3,1 to 5 year old,0,high,2,mid-rise
sector 47,3.25,2027.0,3,4,3+,10+ year old,1,high,2,mid-rise
sector 66,4.1,1950.0,3,3,2,1 to 5 year old,1,high,2,mid-rise
dlf phase 2,4.6,2245.0,4,4,3,10+ year old,1,medium,1,mid-rise
sector 90,2.0,1930.0,3,3,3,5 to 10 year old,1,high,1,mid-rise
sector 106,1.65,1760.0,3,4,3+,1 to 5 year old,1,high,1,high-rise
sector 113,2.6,1973.75,3,3,3,1 to 5 year old,0,medium,2,mid-rise
sector 81,4.0,2100.0,3,4,3+,1 to 5 year old,1,medium,2,high-rise
sector 90,2.65,2225.0,4,4,3,1 to 5 year old,0,medium,0,high-rise
sector 90,2.05,1744.0,3,3,2,1 to 5 year old,0,medium,2,high-rise
sector 88a,2.1,1565.0,3,2,3+,0 to 1 year old,0,medium,1,high-rise
sector 79,2.46,2050.0,3,3,2,0 to 1 year old,0,medium,1,mid-rise
sector 108,2.7,1961.02,2,2,2,1 to 5 year old,0,medium,2,high-rise
sector 108,2.7,1381.0,2,2,2,0 to 1 year old,0,medium,2,high-rise
sector 108,2.2,2003.0,3,4,3+,1 to 5 year old,1,medium,2,mid-rise
sector 108,2.7,1961.02,2,2,2,1 to 5 year old,0,medium,2,high-rise
sector 79,2.49,2150.0,3,4,2,0 to 1 year old,1,medium,1,mid-rise
sector 107,1.75,1943.0,3,3,3,1 to 5 year old,0,medium,0,mid-rise
sector 108,1.95,1758.0,3,4,3,1 to 5 year old,1,medium,1,mid-rise
nirvana country,3.45,2050.0,3,4,2,10+ year old,1,high,2,mid-rise
sector 57,3.7,2587.0,3,4,3+,5 to 10 year old,1,high,2,mid-rise
sector 37d,1.61,1775.0,3,3,3+,1 to 5 year old,0,medium,2,mid-rise
sector 47,2.7,2200.0,3,4,3+,10+ year old,1,medium,1,mid-rise
nirvana country,2.0,1418.0,2,2,3+,10+ year old,0,medium,1,mid-rise
nirvana country,2.6,1815.0,3,3,3+,10+ year old,1,medium,1,mid-rise
nirvana country,2.7,1877.0,3,4,3+,10+ year old,1,medium,1,mid-rise
sector 45,2.6,2751.96,3,3,3+,10+ year old,1,medium,1,mid-rise
sector 59,5.0,2974.8999999999996,3,4,3+,1 to 5 year old,0,medium,2,high-rise
sector 65,16.0,6335.0,4,6,3+,5 to 10 year old,1,medium,2,high-rise
sector 85,2.45,2560.0,4,5,3+,1 to 5 year old,1,medium,2,mid-rise
sector 65,3.22,1650.0,3,3,3,5 to 10 year old,1,high,2,low-rise
sector 67a,2.15,1540.0,2,2,3+,5 to 10 year old,0,medium,1,mid-rise
sector 37d,1.7,1800.0,3,3,3,1 to 5 year old,0,high,2,mid-rise
sector 37d,1.42,1675.0,3,3,3+,0 to 1 year old,0,high,2,mid-rise
sector 103,0.91,644.54,3,2,3,1 to 5 year old,0,low,1,mid-rise
sector 104,2.65,2290.0,3,4,3+,5 to 10 year old,1,medium,1,high-rise
sector 99,3.35,2750.0,3,4,3+,1 to 5 year old,1,high,2,mid-rise
sector 102,3.2,2579.0,3,3,3,1 to 5 year old,1,high,2,high-rise
sector 104,1.95,1550.0,2,2,2,1 to 5 year old,0,medium,2,high-rise
sector 102,3.55,3198.0,4,5,3+,1 to 5 year old,0,medium,1,high-rise
sector 65,3.9,2004.0,3,3,3,0 to 1 year old,1,medium,2,high-rise
sector 62,3.35,1508.26,2,2,2,1 to 5 year old,0,medium,2,high-rise
sector 59,4.95,2295.0,3,3,3,1 to 5 year old,1,high,2,high-rise
sector 65,7.0,2979.0,3,3,3+,1 to 5 year old,1,medium,2,high-rise
sector 65,9.25,3799.0,3,3,3+,1 to 5 year old,1,medium,2,mid-rise
sector 70a,2.55,1830.0,3,3,3+,1 to 5 year old,1,high,1,mid-rise
sector 70a,1.85,1420.0,2,2,3,1 to 5 year old,0,high,1,mid-rise
sector 112,8.0,6525.0,5,5,3+,0 to 1 year old,0,medium,0,high-rise
sector 65,8.5,4366.0,4,5,3,1 to 5 year old,1,high,2,high-rise
sector 65,5.8,2979.0,3,3,1,1 to 5 year old,1,high,2,high-rise
sector 65,6.2,2979.0,3,3,3,1 to 5 year old,1,high,2,high-rise
sector 60,3.9,2403.0,3,4,3+,1 to 5 year old,1,high,2,mid-rise
sector 67,5.0,2606.0,3,3,3,1 to 5 year old,1,high,2,high-rise
sector 99,2.25,2365.0,4,4,3+,0 to 1 year old,1,high,2,mid-rise
sector 68,1.7,1260.0,2,2,2,1 to 5 year old,0,high,2,mid-rise
sector 56,2.35,1850.0,3,3,3,1 to 5 year old,0,medium,1,mid-rise
sector 56,1.49,1349.0,2,2,1,5 to 10 year old,0,medium,1,mid-rise
sector 82,2.87,2425.0,4,4,3,1 to 5 year old,1,high,1,mid-rise
sector 95a,0.575,730.2633999999999,2,2,2,1 to 5 year old,0,medium,1,mid-rise
sector 92,1.2,1326.0,3,2,3,1 to 5 year old,0,medium,1,mid-rise
dlf phase 5,4.0,1740.0,4,4,3,10+ year old,0,high,1,mid-rise
sector 99,4.2,3345.0,4,4,3,0 to 1 year old,1,high,2,mid-rise
sector 72,4.75,2625.0,4,5,3+,1 to 5 year old,1,high,2,high-rise
sector 65,2.5,1350.0,3,3,3+,1 to 5 year old,1,medium,1,mid-rise
sector 65,12.45,5160.0,4,4,3+,1 to 5 year old,1,medium,3,high-rise
sector 79,2.6,2150.0,3,4,3+,0 to 1 year old,1,high,1,mid-rise
sector 102,3.2,2400.0,4,4,3+,0 to 1 year old,0,medium,2,high-rise
sector 66,3.9,2410.0,4,5,3,0 to 1 year old,1,medium,4,mid-rise
sector 109,3.0,2100.0,3,4,2,0 to 1 year old,1,medium,1,mid-rise
sohna,2.2,2122.0,3,4,3+,0 to 1 year old,1,high,1,mid-rise
sector 68,1.85,1584.0,2,2,3+,1 to 5 year old,0,high,2,mid-rise
sector 68,2.35,1746.0,3,3,3,1 to 5 year old,0,high,2,high-rise
sector 65,3.4,1828.0,3,3,3,0 to 1 year old,0,high,1,high-rise
sector 65,15.9,6171.0,4,4,3+,1 to 5 year old,1,high,3,high-rise
sector 66,4.25,2410.0,4,5,3+,1 to 5 year old,1,medium,2,mid-rise
sector 54,14.25,4200.0,4,4,3,5 to 10 year old,1,medium,3,high-rise
chakkarpur,4.1,3200.0,4,4,3+,10+ year old,0,medium,2,mid-rise
dlf phase 5,8.5,2575.0,4,4,3,1 to 5 year old,1,medium,2,mid-rise
sector 65,6.1,2979.0,3,3,3,5 to 10 year old,0,medium,2,high-rise
dlf phase 5,12.5,3979.0,4,4,2,5 to 10 year old,1,medium,3,mid-rise
sector 72,5.5,3300.0,4,5,3,5 to 10 year old,1,high,2,high-rise
sector 58,7.85,2864.0,4,5,3+,5 to 10 year old,1,high,2,high-rise
sector 106,1.95,1875.0,2,2,3,0 to 1 year old,0,medium,0,high-rise
sector 82a,3.3,1799.0,3,3,3+,1 to 5 year old,0,high,1,high-rise
sector 82,1.75,1390.0,3,4,3,1 to 5 year old,0,high,1,low-rise
sector 68,1.6,1245.0,2,2,3,1 to 5 year old,0,medium,1,high-rise
sector 108,3.48,1711.0,3,3,2,1 to 5 year old,0,high,1,mid-rise
sector 108,3.4,1711.0,3,3,3,1 to 5 year old,0,high,1,mid-rise
sector 68,1.69,1483.0,3,2,3,0 to 1 year old,0,medium,2,high-rise
sector-33 sohna,3.6,2600.0,4,4,3,1 to 5 year old,1,medium,2,mid-rise
sector-33 sohna,2.6,1789.0,3,3,3,0 to 1 year old,0,high,1,mid-rise
sector 68,1.76,1483.0,3,2,3,0 to 1 year old,0,medium,2,high-rise
sector 68,2.55,1999.0,3,4,3+,0 to 1 year old,1,medium,2,high-rise
sohna,1.7,1527.0,3,3,2,1 to 5 year old,0,medium,1,mid-rise
sector 68,1.5,1245.0,2,2,3,0 to 1 year old,0,high,1,high-rise
tikri,3.78,1418.0,2,2,3,5 to 10 year old,0,medium,2,mid-rise
sector 60,3.9,2403.0,3,3,3,1 to 5 year old,1,high,2,high-rise
sohna,1.2,1512.5,3,2,3,1 to 5 year old,0,medium,1,low-rise
nirvana country,4.4,2605.0,3,3,3,5 to 10 year old,1,high,2,mid-rise
sector 57,3.33,2293.0,3,4,3+,5 to 10 year old,1,high,2,mid-rise
sector 65,2.8,1892.5,2,2,3,0 to 1 year old,0,high,2,high-rise
sector 65,3.75,2054.0,3,4,2,0 to 1 year old,1,medium,2,high-rise
sector 82,1.5,1430.0,2,2,2,1 to 5 year old,0,high,2,mid-rise
sector 82,1.39,1300.0,2,2,2,1 to 5 year old,0,high,2,mid-rise
sector 82,1.55,1430.0,2,2,2,1 to 5 year old,0,high,2,mid-rise
sector 82,2.15,1880.0,3,3,3,1 to 5 year old,0,high,2,mid-rise
sector 82,2.29,2160.0,3,3,3,1 to 5 year old,1,high,2,mid-rise
sector 67a,2.55,1920.0,3,4,2,1 to 5 year old,1,medium,2,mid-rise
sector 99,2.07,2150.0,3,3,1,1 to 5 year old,1,high,2,mid-rise
sector 99,1.82,1970.0,3,4,2,1 to 5 year old,1,high,2,mid-rise
sector 99,1.82,1970.0,3,4,2,1 to 5 year old,1,high,2,mid-rise
sohna,1.32,1457.0,2,2,3,1 to 5 year old,0,medium,1,mid-rise
sector 67a,2.35,1727.0,3,3,2,1 to 5 year old,0,high,2,mid-rise
sector 57,3.7,2587.0,3,4,3+,5 to 10 year old,1,high,2,mid-rise
sector 106,3.18,2002.0,3,4,3+,0 to 1 year old,0,medium,2,high-rise
sector 106,3.19,2002.0,3,4,3+,0 to 1 year old,0,medium,2,high-rise
sector 102,2.5,2025.0,3,4,1,1 to 5 year old,1,medium,2,mid-rise
sector 110,4.78,3400.0,4,5,3,1 to 5 year old,1,medium,2,mid-rise
nawada fatehpur,2.3,1930.0,3,3,1,1 to 5 year old,0,high,2,mid-rise
sector 91,2.15,1862.0,3,3,2,1 to 5 year old,0,medium,2,mid-rise
sector 66,8.0,5269.62,5,5,3+,1 to 5 year old,1,high,0,mid-rise
sector 67,5.95,3200.0,4,4,2,5 to 10 year old,1,high,2,mid-rise
sector 109,2.59,1955.0,3,4,3+,1 to 5 year old,1,medium,2,mid-rise
sector 109,2.9,2100.0,3,4,3,1 to 5 year old,1,medium,2,mid-rise
sector 104,3.79,3150.0,4,4,3+,1 to 5 year old,1,high,2,high-rise
sector 104,2.5,2290.0,3,3,3+,1 to 5 year old,1,high,2,high-rise
sector 109,2.4,2150.0,3,4,3+,1 to 5 year old,1,high,2,high-rise
sector 106,1.69,1760.0,3,4,3+,1 to 5 year old,1,high,2,high-rise
sector 109,3.2,2375.0,3,4,3+,1 to 5 year old,1,medium,2,mid-rise
sector 102,5.9,4548.0,4,4,3+,1 to 5 year old,1,medium,4,high-rise
sector 109,2.06,1750.0,3,3,3+,1 to 5 year old,0,medium,2,high-rise
sector 102,2.5,1827.0,3,3,3+,1 to 5 year old,0,high,2,high-rise
sector 66,4.2,3044.0,4,4,3,1 to 5 year old,1,medium,2,mid-rise
sector 83,2.4,2442.4,3,3,3,5 to 10 year old,1,high,2,mid-rise
sector 56,3.25,3763.0,3,3,3+,10+ year old,1,medium,2,mid-rise
sector 69,2.37,1704.0,3,3,3+,0 to 1 year old,0,medium,1,high-rise
sector 66,2.8,1920.0,3,4,3,1 to 5 year old,1,high,1,mid-rise
sector 70a,0.67,887.5,2,2,2,1 to 5 year old,0,medium,3,mid-rise
sector 70a,0.68,836.0,2,2,1,1 to 5 year old,0,medium,0,mid-rise
nirvana country,4.8,2605.0,3,3,3,5 to 10 year old,1,high,3,mid-rise
sector 57,3.35,2293.0,3,4,3+,5 to 10 year old,1,high,2,mid-rise
sector 84,1.45,1725.0,3,3,3+,1 to 5 year old,0,medium,1,mid-rise
sector 86,2.2,1930.0,3,3,1,1 to 5 year old,0,medium,2,mid-rise
sector 86,1.94,1930.0,3,4,3+,1 to 5 year old,1,medium,1,mid-rise
sector 90,1.96,1755.0,3,3,3+,1 to 5 year old,0,medium,1,mid-rise
sector 90,2.0,1930.0,3,3,3+,1 to 5 year old,1,medium,1,mid-rise
sector 86,2.0,1930.0,3,4,3+,1 to 5 year old,1,medium,1,mid-rise
sector 91,1.96,2232.0553999999997,3,3,3+,1 to 5 year old,0,medium,1,mid-rise
sector 91,1.4,1993.68,2,2,3,1 to 5 year old,0,medium,1,mid-rise
sector 91,2.95,2724.0,4,4,3+,1 to 5 year old,1,high,1,mid-rise
sector 91,1.9,1862.0,3,3,3+,1 to 5 year old,0,high,1,mid-rise
sector 85,1.8,1640.0,2,2,3+,1 to 5 year old,0,medium,1,high-rise
sector 107,1.49,1534.0,2,2,3+,1 to 5 year old,0,high,1,mid-rise
sector 111,4.6,2950.0,4,5,3+,1 to 5 year old,1,medium,2,mid-rise
sector 102,1.88,1650.0,3,4,3,1 to 5 year old,1,high,1,mid-rise
sector 99a,2.55,1997.0,3,5,3,1 to 5 year old,1,high,1,mid-rise
sector 99a,1.95,1300.72,2,2,3,1 to 5 year old,0,high,2,mid-rise
sector 68,1.98,1483.0,3,2,3,1 to 5 year old,0,medium,1,high-rise
sector 99,2.48,2365.0,4,4,3+,1 to 5 year old,1,high,1,mid-rise
sector 99,2.54,2425.0,4,4,1,1 to 5 year old,1,high,2,mid-rise
sector 84,1.65,1534.0,2,2,3+,1 to 5 year old,0,medium,1,high-rise
sector 99,2.38,2365.0,4,4,3+,1 to 5 year old,1,high,1,mid-rise
sector 37d,2.15,1811.0,3,3,3,1 to 5 year old,0,medium,1,mid-rise
sector 81,1.82,2225.0,4,5,3,5 to 10 year old,1,medium,1,mid-rise
sohna,1.8,1730.0,3,3,3+,1 to 5 year old,0,high,2,mid-rise
sector 86,2.3,1929.0,3,3,3+,1 to 5 year old,0,high,2,mid-rise
sector 72a,6.25,4062.5,4,4,3+,0 to 1 year old,1,high,2,low-rise
sector 37d,1.86,1640.0,3,2,3,1 to 5 year old,0,medium,1,mid-rise
sector 92,1.2,1326.0,3,2,2,1 to 5 year old,0,medium,1,mid-rise
chakkarpur,4.1,3200.0,4,4,3+,10+ year old,0,medium,1,mid-rise
sector 60,2.86,1583.0,2,2,2,1 to 5 year old,0,medium,1,high-rise
sector 59,5.05,2295.0,3,3,3+,0 to 1 year old,0,high,1,high-rise
sector 67,6.2,3154.0,4,4,3+,5 to 10 year old,1,medium,2,mid-rise
sohna,1.82,1730.0,3,3,3+,1 to 5 year old,0,high,2,mid-rise
sector 59,6.49,3684.9,3,4,2,1 to 5 year old,1,medium,0,high-rise
sector 60,2.9,1365.0,2,2,2,5 to 10 year old,0,high,1,high-rise
sector 103,1.55,1481.0,2,2,3,1 to 5 year old,0,medium,1,mid-rise
sector 104,3.35,2450.0,3,4,3+,1 to 5 year old,1,medium,2,high-rise
sector 102,1.82,1650.0,3,3,3,1 to 5 year old,0,medium,2,mid-rise
sector 103,2.8,2875.0,4,6,3+,1 to 5 year old,1,medium,2,mid-rise
sector 104,3.75,3150.0,4,4,3+,1 to 5 year old,1,medium,2,high-rise
sector 107,1.73,1943.0,3,3,3,1 to 5 year old,0,medium,2,mid-rise
sector 95,0.36,519.8335999999999,1,1,1,1 to 5 year old,0,medium,0,mid-rise
sector 102,1.95,1650.0,3,3,3,1 to 5 year old,1,high,2,mid-rise
sector 56,2.22,2147.0,2,3,3,10+ year old,0,medium,2,mid-rise
sector 104,2.65,2290.0,3,4,3+,5 to 10 year old,1,medium,2,high-rise
sector 42,8.25,2755.0,3,4,3+,10+ year old,1,medium,0,mid-rise
sector-33 sohna,3.85,2600.0,4,4,3+,1 to 5 year old,1,high,2,mid-rise
sector 37d,1.18,1310.0,2,2,3,5 to 10 year old,0,medium,1,mid-rise
sector 92,2.25,2120.0,3,4,3+,1 to 5 year old,1,high,1,mid-rise
sector 37c,1.3,1578.0,2,3,3+,0 to 1 year old,0,medium,2,high-rise
sector 102,2.38,1669.0,3,3,3,1 to 5 year old,0,high,2,high-rise
sector 67,6.0,3337.0,3,3,3,5 to 10 year old,1,high,3,mid-rise
sector 99,3.95,3360.0,4,4,3+,0 to 1 year old,1,high,2,mid-rise
sector 81,5.2,4200.0,4,6,3,1 to 5 year old,1,high,3,high-rise
sector 88b,1.5,1350.0,2,2,3,1 to 5 year old,1,high,1,low-rise
sector 79,2.5,1960.0,3,4,2,1 to 5 year old,1,medium,1,high-rise
sector 79,2.3,1815.0,3,4,3,1 to 5 year old,1,high,1,high-rise
sector 79,1.79,1490.0,3,3,3,1 to 5 year old,0,high,1,high-rise
sector 65,3.95,2414.0,4,4,3,5 to 10 year old,0,medium,2,mid-rise
sector 65,3.25,2343.0,3,3,3,1 to 5 year old,0,medium,2,mid-rise
sector 112,6.05,3725.0,3,5,2,1 to 5 year old,1,medium,3,high-rise
sector 104,2.35,1700.0,2,3,3,1 to 5 year old,1,medium,1,high-rise
sector 108,1.85,1758.0,3,2,3,1 to 5 year old,1,medium,1,mid-rise
sector 104,2.0,1550.0,2,2,2,1 to 5 year old,0,medium,1,high-rise
sector 111,2.99,1700.0,3,3,1,1 to 5 year old,0,medium,1,mid-rise
sector 108,3.25,1711.0,3,3,2,1 to 5 year old,0,medium,0,high-rise
sector 68,1.52,1245.0,2,2,3,0 to 1 year old,0,medium,1,high-rise
sector 106,2.78,2318.75,3,3,3,0 to 1 year old,0,medium,2,high-rise
sector 67a,2.05,1484.0,2,2,3,1 to 5 year old,0,high,1,mid-rise
sector 37d,2.65,2191.0,4,4,3+,1 to 5 year old,1,medium,1,mid-rise
sector 82,1.95,1790.0,3,4,3,1 to 5 year old,1,high,1,mid-rise
sector 28,3.75,2750.0,5,4,3+,10+ year old,1,medium,1,mid-rise
sector 102,3.8,3198.0,4,4,3+,1 to 5 year old,1,high,1,high-rise
sector 70a,3.45,2150.0,3,3,3,0 to 1 year old,0,high,4,high-rise
sector 62,3.99,1996.0,3,3,3+,1 to 5 year old,1,high,1,mid-rise
sector 62,3.99,1996.0,3,3,3,1 to 5 year old,1,high,2,high-rise
sector 59,5.14,2095.0,3,4,3+,1 to 5 year old,1,high,2,high-rise
sector 84,3.4,3434.0,4,4,3+,1 to 5 year old,1,medium,2,high-rise
sector 58,5.25,2164.0,3,4,1,1 to 5 year old,1,medium,2,high-rise
sector 58,5.2,2164.0,3,4,3,1 to 5 year old,1,medium,2,high-rise
sector 67,3.2,1935.0,3,3,3+,5 to 10 year old,1,high,1,mid-rise
sector 104,2.45,1700.0,2,3,3,1 to 5 year old,1,medium,2,high-rise
sector 106,0.95,1000.0,2,2,2,1 to 5 year old,0,medium,2,low-rise
sector 85,3.5,2599.0,4,4,3+,0 to 1 year old,1,high,2,high-rise
sector 77,1.85,1575.0,3,3,3,5 to 10 year old,1,medium,1,mid-rise
sector 85,2.9,2129.0,3,3,3+,0 to 1 year old,1,high,2,high-rise
sector 106,3.5,2352.080048,4,5,3+,0 to 1 year old,1,medium,2,high-rise
sector 65,11.5,5219.0,4,4,3+,0 to 1 year old,1,high,2,high-rise
sector 67,4.6,2427.0,3,4,3,1 to 5 year old,1,high,2,mid-rise
sohna,1.47,1730.0,3,2,3+,1 to 5 year old,1,high,2,mid-rise
sohna,1.15,1210.0,2,2,3+,1 to 5 year old,0,high,2,mid-rise
sohna,1.17,1269.0,2,2,3+,1 to 5 year old,1,high,2,mid-rise
sohna,1.13,1264.0,2,2,3,1 to 5 year old,1,high,2,mid-rise
sector 67a,0.76,852.0,2,2,3+,1 to 5 year old,1,high,1,mid-rise
sector 67a,0.755,839.2199999999999,2,2,3+,1 to 5 year old,0,high,2,mid-rise
sector 79,3.08,2125.0,3,3,3+,under construction,0,medium,0,high-rise
sector 92,1.05,1569.1,2,2,2,0 to 1 year old,0,medium,1,low-rise
sector 111,1.75,1478.0,2,2,2,1 to 5 year old,0,medium,1,mid-rise
sector 102,2.39,2025.0,3,4,3,1 to 5 year old,1,medium,1,mid-rise
sector 102,2.39,2000.0,3,4,3,1 to 5 year old,1,medium,1,mid-rise
sector 108,1.85,1758.0,3,3,3+,1 to 5 year old,1,medium,1,mid-rise
sector 109,3.8,3150.0,4,5,3+,1 to 5 year old,1,medium,2,high-rise
sector 112,6.5,3800.0,3,5,3+,1 to 5 year old,1,high,2,high-rise
sector 99,2.25,2365.0,4,4,3+,1 to 5 year old,0,medium,2,mid-rise
sector 103,2.75,2875.0,4,6,3+,1 to 5 year old,1,high,1,mid-rise
sector 103,1.9,2000.0,3,3,3+,1 to 5 year old,1,high,1,mid-rise
sector 104,2.75,2290.0,3,3,3,1 to 5 year old,1,medium,1,high-rise
sector 106,2.9,1855.0,3,3,3,0 to 1 year old,0,high,1,high-rise
sector 104,3.55,3150.0,4,4,3+,1 to 5 year old,1,high,1,high-rise
sector 103,1.8,1900.0,3,3,3+,1 to 5 year old,0,high,1,mid-rise
sector 104,3.75,3150.0,4,4,3+,1 to 5 year old,1,medium,2,high-rise
sector 109,1.7,2177.0,3,3,2,1 to 5 year old,1,high,1,mid-rise
sector 85,4.5,3950.0,4,6,3,1 to 5 year old,1,high,5,high-rise
sector 109,2.28,1745.0,3,3,3,1 to 5 year old,0,medium,1,high-rise
sector 68,1.45,1245.0,2,2,3,0 to 1 year old,0,medium,1,high-rise
sector 65,3.44,2911.0,3,3,3,1 to 5 year old,1,medium,0,high-rise
sector 65,2.5,1433.0,2,2,3,0 to 1 year old,0,high,4,high-rise
sector 65,7.5,3799.0,3,3,3,5 to 10 year old,1,high,3,mid-rise
sector 65,3.19,1932.0,3,3,2,0 to 1 year old,1,medium,0,high-rise
sector 65,7.5,3844.0,3,4,3+,5 to 10 year old,1,high,3,mid-rise
sector 37d,1.8,1640.0,3,2,3,1 to 5 year old,0,high,2,mid-rise
sector 72,4.35,2185.0,3,4,3+,1 to 5 year old,1,medium,3,high-rise
sector 61,3.15,1795.0,3,3,3,1 to 5 year old,0,high,1,high-rise
sector 92,2.72,2325.0,4,4,2,1 to 5 year old,1,medium,2,mid-rise
sector 86,2.3,1929.0,3,3,1,1 to 5 year old,0,medium,1,mid-rise
sector 65,7.2,2875.0,4,5,3+,1 to 5 year old,1,high,1,high-rise
sector 111,3.1,1700.0,3,3,1,1 to 5 year old,0,high,2,mid-rise
sector 108,2.28,2003.0,3,4,3+,1 to 5 year old,0,high,2,mid-rise
sector 42,13.0,4684.0,4,4,3+,10+ year old,0,medium,0,mid-rise
sector 108,2.75,1381.0,2,2,2,1 to 5 year old,0,medium,1,high-rise
sector 90,2.4,2475.0,4,5,2,0 to 1 year old,1,medium,2,mid-rise
sector 66,2.85,1920.0,3,4,2,1 to 5 year old,1,medium,1,mid-rise
sector 66,2.85,1920.0,3,4,2,1 to 5 year old,1,medium,1,mid-rise
sector 66,4.5,2200.0,3,4,3+,5 to 10 year old,1,high,2,mid-rise
sector 67,4.35,2685.0,4,5,3+,5 to 10 year old,1,medium,2,mid-rise
sector 50,1.7,1040.0,2,2,1,10+ year old,0,high,2,mid-rise
sector 47,3.25,2027.0,3,4,3+,10+ year old,1,medium,2,mid-rise
sector 48,4.1,2195.0,4,4,3+,1 to 5 year old,1,high,1,mid-rise
sector 70,1.45,1137.0,3,2,2,5 to 10 year old,0,medium,1,mid-rise
sector 48,2.9,2285.0,3,3,3+,5 to 10 year old,1,high,1,mid-rise
sector 48,2.9,2285.0,3,3,3+,10+ year old,1,medium,2,mid-rise
sector 48,2.6,1945.0,3,3,3,5 to 10 year old,0,high,1,mid-rise
sector 48,2.6,1945.0,3,3,3+,10+ year old,0,medium,2,mid-rise
block c,5.75,3618.0,4,4,2,0 to 1 year old,1,medium,3,low-rise
sector 81,4.1,3185.0,4,5,2,1 to 5 year old,1,high,2,mid-rise
sector 50,1.68,1040.0,2,2,1,5 to 10 year old,0,medium,2,mid-rise
sector 83,1.08,1050.0,2,2,3,5 to 10 year old,0,high,1,mid-rise
sector 37d,1.1,1380.0,2,2,3,1 to 5 year old,0,high,2,mid-rise
sector 66,4.3,2410.0,4,5,3+,5 to 10 year old,1,high,3,mid-rise
sector 95a,0.585,730.2633999999999,2,2,2,1 to 5 year old,0,medium,0,mid-rise
sector 79,2.45,2015.0,3,3,2,0 to 1 year old,0,medium,1,mid-rise
sector 84,1.5,2025.0,3,3,3+,5 to 10 year old,1,medium,1,mid-rise
sector 84,1.81,1750.0,3,3,3+,5 to 10 year old,0,medium,1,mid-rise
sector 84,2.2,2275.0,3,3,3+,5 to 10 year old,1,high,1,mid-rise
sector 92,1.9,2226.0,4,4,2,1 to 5 year old,1,medium,2,mid-rise
sector 92,1.95,2093.0,4,4,3,1 to 5 year old,1,medium,1,mid-rise
sector 83,1.1,1161.25,2,2,2,5 to 10 year old,0,medium,0,low-rise
sector 92,1.4,1882.92,3,2,2,0 to 1 year old,0,high,1,mid-rise
sector 92,1.5,2162.66,3,3,3+,0 to 1 year old,0,medium,1,mid-rise
sector 92,1.51,2162.66,3,3,3+,0 to 1 year old,0,high,1,mid-rise
sector 104,3.6,2450.0,3,4,3+,1 to 5 year old,1,high,2,high-rise
sector 106,2.3,2355.0,4,6,3+,1 to 5 year old,1,high,2,high-rise
sector 102,2.55,1889.0,3,4,3,1 to 5 year old,1,high,2,high-rise
sector 102,2.5,2025.0,3,4,3+,1 to 5 year old,1,high,2,mid-rise
sector 110,5.0,3400.0,4,5,3+,1 to 5 year old,1,medium,3,mid-rise
sector 66,5.4,2410.0,4,4,3,5 to 10 year old,1,high,3,mid-rise
sector 108,1.9,1758.0,3,4,3+,1 to 5 year old,1,high,2,mid-rise
sector 108,1.95,1758.0,3,3,3+,1 to 5 year old,1,high,2,mid-rise
sector 107,1.85,1943.0,3,3,3+,1 to 5 year old,0,high,2,mid-rise
sector 107,2.15,2361.0,3,4,3+,1 to 5 year old,1,high,2,mid-rise
sector 66,4.45,2410.0,4,4,3+,5 to 10 year old,1,high,3,mid-rise
sector 65,12.75,4995.0,4,6,3+,1 to 5 year old,1,high,2,mid-rise
sector 109,2.1,1750.0,3,3,3+,1 to 5 year old,0,medium,2,high-rise
sector 72,5.0,2550.0,3,3,3+,1 to 5 year old,1,high,2,high-rise
sector 57,3.7,2587.0,3,4,3,1 to 5 year old,1,high,3,mid-rise
sector 70,2.6,1950.0,3,4,3,0 to 1 year old,1,medium,0,mid-rise
sector 65,11.03,5625.0,4,5,3,5 to 10 year old,1,medium,3,mid-rise
dlf phase 4,3.45,2125.0,3,3,2,10+ year old,1,medium,2,mid-rise
sector 82,1.6,1428.08,2,2,2,1 to 5 year old,0,medium,1,mid-rise
sector 51,3.2,2450.0,4,4,3+,5 to 10 year old,0,medium,2,mid-rise
sector 56,2.23,2050.0,2,3,3+,10+ year old,1,medium,2,mid-rise
sector 86,2.15,1480.0,3,3,3,1 to 5 year old,0,high,1,mid-rise
sector 110,5.75,3880.0,5,5,3+,1 to 5 year old,1,high,3,mid-rise
sector 56,2.5,2300.0,3,5,3+,10+ year old,1,medium,2,mid-rise
sector 110,5.28,3880.0,5,5,3+,1 to 5 year old,1,high,0,mid-rise
sector 90,2.75,2727.0,4,4,3+,5 to 10 year old,1,high,3,mid-rise
sector 113,3.15,2217.0,3,3,3,1 to 5 year old,1,medium,1,high-rise
sector 77,1.85,1450.0,3,4,3,1 to 5 year old,1,medium,1,mid-rise
sector 79,2.55,2050.0,3,3,2,0 to 1 year old,0,medium,1,mid-rise
sector 70,4.22,2845.0,4,6,3+,1 to 5 year old,1,high,2,mid-rise
sector 86,2.3,1929.0,3,3,1,1 to 5 year old,0,high,2,mid-rise
sector 77,2.75,2025.0,3,3,3,1 to 5 year old,1,high,1,high-rise
sector 77,2.2,2000.0,3,4,3+,1 to 5 year old,1,high,1,mid-rise
sector 1a imt manesar,1.65,2359.0,4,5,3,1 to 5 year old,1,high,1,mid-rise
sector 65,2.8,1516.0,2,2,3,5 to 10 year old,0,medium,1,high-rise
sector 65,3.77,2040.0,3,4,3,1 to 5 year old,1,medium,1,high-rise
sector 65,3.88,2040.0,3,4,3,5 to 10 year old,1,medium,0,high-rise
sector 65,3.57,1932.0,3,3,2,5 to 10 year old,1,medium,1,high-rise
sector 65,3.47,1850.0,3,3,3,5 to 10 year old,0,medium,1,high-rise
sector 72,6.0,3300.0,4,4,3+,1 to 5 year old,1,medium,2,mid-rise
sector 65,8.5,3898.0,4,4,3+,1 to 5 year old,1,medium,2,high-rise
sector 86,2.1,1930.0,3,3,3,5 to 10 year old,1,high,1,mid-rise
sector 66,3.05,1920.0,3,4,3,1 to 5 year old,1,high,1,mid-rise
sector 37d,1.05,1310.0,2,2,3,1 to 5 year old,0,medium,1,mid-rise
sector 86,2.33,1929.0,3,3,1,1 to 5 year old,0,medium,2,mid-rise
sector 102,2.5,1852.0,3,3,3,1 to 5 year old,0,medium,0,high-rise
sector 102,1.75,1215.0,2,2,3,1 to 5 year old,0,medium,0,high-rise
sector 56,2.85,3479.0,4,3,3+,5 to 10 year old,0,medium,2,mid-rise
palam vihar,1.55,1874.4,3,2,1,0 to 1 year old,0,medium,2,low-rise
sector 77,2.79,2025.0,3,3,3,1 to 5 year old,1,medium,1,high-rise
sector 77,2.4,2000.0,3,4,3+,1 to 5 year old,1,medium,1,mid-rise
sector 106,3.1,1855.0,3,3,3+,1 to 5 year old,0,high,1,high-rise
sector 102,2.65,1852.0,3,3,3,1 to 5 year old,0,medium,2,high-rise
sector 60,5.89,2800.0,4,4,3,5 to 10 year old,1,medium,0,high-rise
sector 102,2.95,2162.0,4,4,3+,1 to 5 year old,0,medium,2,high-rise
sector 106,2.75,2318.75,3,3,3,0 to 1 year old,0,medium,1,mid-rise
sector 102,2.46,2025.0,3,3,3+,1 to 5 year old,1,high,1,mid-rise
nirvana country,3.25,2050.0,3,4,2,5 to 10 year old,1,high,2,mid-rise
sector 106,1.42,1385.0,2,2,3+,1 to 5 year old,0,high,2,high-rise
sector 70a,0.69,1000.0,2,2,1,1 to 5 year old,0,medium,1,mid-rise
sector 65,2.3,1250.0,2,2,3,1 to 5 year old,0,high,1,high-rise
sector 22,7.16,3976.0,4,6,3+,1 to 5 year old,1,medium,2,mid-rise
sector 68,2.4,1750.0,3,3,3,1 to 5 year old,0,high,2,high-rise
sector 110 a,1.99,1615.0,3,3,3,1 to 5 year old,0,high,1,mid-rise
sector 70a,2.65,1830.0,3,3,3+,5 to 10 year old,1,high,1,mid-rise
sector 65,3.75,1932.0,3,3,3+,0 to 1 year old,1,high,1,high-rise
sector 49,2.45,1773.0,3,3,3+,5 to 10 year old,0,medium,1,mid-rise
sector 86,2.0,1930.0,3,3,3,1 to 5 year old,1,medium,2,mid-rise
sector 86,2.35,2364.0,4,4,3,1 to 5 year old,1,medium,3,mid-rise
sector 102,1.88,2343.0,3,3,3,1 to 5 year old,0,medium,2,mid-rise
sector 102,3.15,2982.0,4,4,3+,1 to 5 year old,0,medium,2,high-rise
sector 63a,4.25,2557.0,3,4,3,0 to 1 year old,1,medium,2,low-rise
sector 91,1.8,1862.0,3,3,3+,1 to 5 year old,0,high,1,mid-rise
sector 85,1.72,1975.0,4,4,3,5 to 10 year old,0,medium,2,mid-rise
sector 47,2.26,2360.0,4,4,3+,10+ year old,0,medium,2,mid-rise
sector 37d,1.7,1775.0,3,3,3,1 to 5 year old,0,medium,2,mid-rise
sector 93,0.62,856.26,2,2,2,1 to 5 year old,0,medium,1,mid-rise
sector 107,1.2,1366.0,2,2,3+,1 to 5 year old,0,medium,1,mid-rise
sector 86,0.65,814.4268,2,2,1,0 to 1 year old,0,medium,3,mid-rise
sector 81,3.78,2660.0,3,4,3+,1 to 5 year old,1,high,2,high-rise
sector 70a,3.75,2525.0,4,5,3,5 to 10 year old,1,high,2,mid-rise
sector 37d,2.1,1811.0,3,3,3,1 to 5 year old,0,high,1,mid-rise
sector 48,3.85,1418.0,2,2,1,5 to 10 year old,0,medium,1,mid-rise
sector 81,1.5,1360.0,2,2,3+,1 to 5 year old,0,high,1,mid-rise
sector 112,5.8,2873.0,3,5,2,1 to 5 year old,1,medium,3,high-rise
sector 37c,1.63,2035.0,3,5,3+,0 to 1 year old,1,medium,2,high-rise
sector 109,4.7,5000.0,5,7,3+,5 to 10 year old,1,medium,4,mid-rise
sector 109,1.9,1880.0,3,2,3,5 to 10 year old,0,high,1,mid-rise
suncity,4.15,1836.0,3,4,3,0 to 1 year old,1,high,1,mid-rise
sector 104,4.7,3150.0,4,5,3+,1 to 5 year old,1,high,1,high-rise
sector 66,4.3,2415.0,4,4,3,5 to 10 year old,1,high,1,mid-rise
sector 59,5.3,2295.0,3,3,3+,1 to 5 year old,1,medium,2,high-rise
sector 37d,1.15,1380.0,2,2,3,1 to 5 year old,0,medium,1,mid-rise
sector 70a,0.725,887.5,2,2,2,1 to 5 year old,0,medium,1,mid-rise
sector 81,1.55,1360.0,2,2,2,1 to 5 year old,0,high,1,mid-rise
sector 103,2.9,2875.0,4,5,3+,1 to 5 year old,1,medium,2,mid-rise
sector 112,4.0,2441.0,2,2,2,1 to 5 year old,0,medium,1,high-rise
sector 77,7.59,4000.0,4,4,3+,under construction,0,medium,3,high-rise
sector 102,3.0,2149.0,3,4,3+,1 to 5 year old,1,high,4,high-rise
sector 83,1.85,1775.0,3,3,2,1 to 5 year old,0,high,1,low-rise
sector 65,2.98,1600.0,3,3,3,1 to 5 year old,0,medium,1,low-rise
sector 68,1.85,1584.0,3,2,3+,1 to 5 year old,0,high,2,mid-rise
sector 65,2.43,1261.0,2,2,2,0 to 1 year old,0,high,1,high-rise
sector 92,1.29,1523.0,3,3,3,0 to 1 year old,0,medium,1,mid-rise
sector 86,2.33,1930.0,3,3,3,1 to 5 year old,1,high,2,mid-rise
sector 54,2.78,1850.0,3,2,3,10+ year old,0,medium,2,mid-rise
sector 107,1.7,1943.0,3,3,3,1 to 5 year old,0,high,1,mid-rise
sector 65,1.9,1020.0,2,2,2,1 to 5 year old,0,low,3,mid-rise
sector 66,3.05,2062.0,4,3,3+,5 to 10 year old,1,high,1,mid-rise
sector 68,1.6,1450.0,2,2,3,1 to 5 year old,0,high,1,mid-rise
sector 82a,2.85,1818.0,3,3,3+,5 to 10 year old,0,medium,1,high-rise
sector 108,3.05,1711.0,3,3,2,1 to 5 year old,0,high,1,mid-rise
sector 67,5.09,2527.0,3,3,3,5 to 10 year old,1,high,2,mid-rise
sector 112,3.5,2575.0,3,4,3,1 to 5 year old,1,medium,4,mid-rise
sector 92,1.37,1523.0,3,3,3,0 to 1 year old,0,medium,2,mid-rise
sector 84,1.18,1350.0,2,2,3,1 to 5 year old,0,medium,1,mid-rise
sector 109,1.8,2177.0,3,3,3+,1 to 5 year old,1,high,2,mid-rise
sector 81,3.6,2132.0,3,3,2,1 to 5 year old,0,medium,2,high-rise
sector 60,3.98,2045.0,3,4,3+,1 to 5 year old,1,medium,2,high-rise
sector 65,3.25,1850.0,3,3,3,0 to 1 year old,0,medium,2,high-rise
sector 68,1.85,1483.0,3,2,3,0 to 1 year old,0,high,3,high-rise
sector 61,4.5,2600.0,4,4,3+,1 to 5 year old,1,high,2,high-rise
sector 66,4.2,2410.0,4,4,3+,1 to 5 year old,1,medium,2,mid-rise
sector 65,3.2,1828.0,3,3,3,0 to 1 year old,0,high,1,high-rise
sector 104,2.0,1550.0,2,2,3,1 to 5 year old,0,high,2,high-rise
sector 77,1.72,1450.0,3,4,3,0 to 1 year old,1,high,1,mid-rise
sector-33 sohna,1.78,2328.7999999999997,3,2,3+,0 to 1 year old,0,high,2,high-rise
sector-33 sohna,1.79,2372.8199999999997,3,2,3+,0 to 1 year old,0,high,2,mid-rise
sector 99,2.05,1865.0,3,3,3,1 to 5 year old,0,medium,1,mid-rise
sector 66,2.78,1920.0,3,4,2,5 to 10 year old,1,high,1,mid-rise
sector 59,6.0,2595.0,3,3,2,0 to 1 year old,1,high,2,high-rise
sector 37d,1.35,1604.0,3,3,3+,0 to 1 year old,0,high,2,mid-rise
sector 85,1.8,1996.52,2,2,2,0 to 1 year old,0,high,1,high-rise
sector 85,2.6,2634.1,3,3,3+,0 to 1 year old,0,high,2,high-rise
sector 85,3.6,3690.58,4,4,3+,0 to 1 year old,1,high,2,high-rise
sector 37d,1.7,1775.0,3,3,3+,1 to 5 year old,0,medium,1,mid-rise
sector 37d,1.55,1800.0,3,3,3+,0 to 1 year old,0,high,2,mid-rise
sector 108,3.2,1711.0,3,3,2,0 to 1 year old,0,high,2,high-rise
sector 102,1.95,1368.0,2,2,3,1 to 5 year old,0,medium,1,high-rise
sector 109,2.01,1750.0,3,3,3+,1 to 5 year old,0,medium,0,high-rise
sector 103,2.85,2875.0,4,6,3+,1 to 5 year old,1,medium,2,mid-rise
sector 83,1.08,1050.0,2,2,3,1 to 5 year old,0,high,1,mid-rise
sector 82,1.68,1430.0,3,3,3+,1 to 5 year old,0,high,1,high-rise
sector 106,2.22,1366.0,2,2,3+,0 to 1 year old,0,medium,1,high-rise
sector 106,2.75,1665.0,3,3,3+,0 to 1 year old,0,medium,0,high-rise
sector 89 a,1.87,1950.0,3,3,2,0 to 1 year old,0,medium,1,mid-rise
sector 66,6.5,3322.0,3,3,3+,1 to 5 year old,1,high,2,mid-rise
sector 70a,2.65,1920.0,3,3,3+,1 to 5 year old,1,medium,1,mid-rise
nirvana country,4.35,2480.0,3,4,3+,5 to 10 year old,1,high,2,mid-rise
sector 90,0.47,418.0,1,1,1,1 to 5 year old,0,high,1,mid-rise
sector 112,4.99,2802.0,3,3,3+,1 to 5 year old,1,medium,0,high-rise
sector 37d,1.68,1800.0,3,3,3+,1 to 5 year old,0,high,3,mid-rise
sector 62,18.9,5514.0,5,7,3+,1 to 5 year old,1,high,7,high-rise
sector 89,1.21,1378.75,2,2,2,0 to 1 year old,0,high,1,low-rise
sector 90,2.11,1737.0,3,3,3,1 to 5 year old,0,medium,0,high-rise
sector 104,3.4,2450.0,3,4,3+,0 to 1 year old,1,high,2,high-rise
sector 108,4.8,2343.0,3,3,3+,0 to 1 year old,1,high,1,high-rise
sector 109,3.35,2375.0,3,4,3+,1 to 5 year old,1,high,2,mid-rise
sector 109,8.25,4498.0,4,5,3+,1 to 5 year old,1,high,1,low-rise
sector 106,1.55,1385.0,2,2,2,1 to 5 year old,0,medium,1,mid-rise
sector 104,3.6,3150.0,4,4,3+,1 to 5 year old,1,high,2,high-rise
sector 91,2.05,1930.0,3,3,3+,5 to 10 year old,1,medium,1,mid-rise
sector 56,2.65,2840.0,3,3,2,10+ year old,0,medium,1,mid-rise
sector 107,2.2,2361.0,3,4,3+,1 to 5 year old,1,high,1,mid-rise
sector 49,4.3,2560.0,4,5,3+,5 to 10 year old,1,medium,2,mid-rise
sector 102,2.42,2025.0,3,4,1,1 to 5 year old,1,high,2,mid-rise
sector 67,5.7,3154.0,4,4,3+,1 to 5 year old,1,high,2,mid-rise
sector 70a,0.672,835.0,2,2,1,1 to 5 year old,0,medium,0,mid-rise
sector 62,3.6,2141.3599999999997,2,2,3,1 to 5 year old,0,medium,1,high-rise
sector 99a,1.99,1997.0,3,3,3,0 to 1 year old,1,high,1,mid-rise
sector-33 sohna,3.22,2407.0,4,4,3+,1 to 5 year old,1,high,2,mid-rise
sector 65,2.72,1433.0,2,2,3,0 to 1 year old,0,medium,1,high-rise
sector 69,3.17,2010.0,4,4,2,1 to 5 year old,1,medium,1,mid-rise
sector 107,1.45,1534.0,2,2,3+,5 to 10 year old,0,medium,1,mid-rise
sector 107,2.6,2768.0,4,5,3+,1 to 5 year old,1,medium,2,mid-rise
sector 77,1.8,1450.0,3,4,3,1 to 5 year old,1,high,2,mid-rise
sector 86,2.27,1929.0,3,4,3+,1 to 5 year old,0,high,2,mid-rise
sector 85,2.72,2408.0,3,4,3,1 to 5 year old,1,high,1,high-rise
sector 85,3.11,2812.0,4,5,3+,1 to 5 year old,0,high,2,high-rise
sector 86,2.3,1929.0,3,3,1,1 to 5 year old,0,high,2,mid-rise
sector 65,3.35,1828.0,3,3,2,1 to 5 year old,0,high,2,high-rise
sector 106,1.7,1760.0,3,4,3+,5 to 10 year old,1,high,2,high-rise
sector 109,3.0,2100.0,3,4,3,1 to 5 year old,1,high,2,mid-rise
sector 86,2.2,1929.0,3,3,1,1 to 5 year old,0,medium,2,mid-rise
sector 81,3.79,2092.0,3,4,3+,1 to 5 year old,1,medium,2,high-rise
sector 81,4.1,3185.0,4,5,3+,1 to 5 year old,1,high,2,mid-rise
sector 113,3.55,2560.0,3,4,3,1 to 5 year old,1,medium,2,mid-rise
sector 67,6.3,3154.0,4,4,3,1 to 5 year old,1,medium,2,mid-rise
sector 67,6.28,3267.0,4,4,3+,5 to 10 year old,1,medium,2,mid-rise
sector 59,5.5,2295.0,3,3,3+,0 to 1 year old,1,medium,2,high-rise
sector 103,1.54,1482.0,2,2,3,0 to 1 year old,0,medium,2,mid-rise
sector 83,0.995,1050.0,2,2,3,1 to 5 year old,0,high,1,mid-rise
gwal pahari,7.55,5800.0,4,6,3+,1 to 5 year old,1,medium,0,high-rise
sector 37c,1.95,2771.0,3,4,3+,0 to 1 year old,0,high,2,mid-rise
sector 70,4.25,2845.0,4,6,3+,5 to 10 year old,1,medium,2,mid-rise
sector-33 sohna,2.8,2134.0,3,3,3,1 to 5 year old,1,medium,1,mid-rise
sector-33 sohna,2.54,1789.0,3,3,3+,0 to 1 year old,0,medium,1,mid-rise
sector 107,1.79,1943.0,3,3,3+,1 to 5 year old,0,high,1,mid-rise
sector 79,3.5,2675.0,4,5,3+,0 to 1 year old,1,medium,2,mid-rise
sector 81,4.7,3470.0,4,6,3+,1 to 5 year old,1,medium,2,mid-rise
sector 81,4.15,3185.0,4,5,2,1 to 5 year old,1,medium,2,mid-rise
sector 82a,3.55,2096.0,3,3,3+,1 to 5 year old,1,high,2,high-rise
sector 102,1.89,1650.0,3,3,3,1 to 5 year old,1,high,1,mid-rise
sector 79,3.4,2710.0,4,5,3,1 to 5 year old,1,high,1,high-rise
sector 79,1.8,1490.0,3,3,3,1 to 5 year old,0,low,1,high-rise
sector 60,4.5,2045.0,3,4,3+,10+ year old,0,high,2,high-rise
sector 107,0.54,786.68,2,2,2,1 to 5 year old,0,medium,1,mid-rise
sector 107,1.45,1534.0,2,2,3+,1 to 5 year old,0,medium,1,mid-rise
sector 69,2.34,1704.0,3,3,3+,1 to 5 year old,0,high,1,high-rise
sector 69,2.64,2400.0,4,5,3+,1 to 5 year old,1,high,2,mid-rise
sector 69,2.35,1704.0,3,3,3,0 to 1 year old,0,high,1,high-rise
sector 1a imt manesar,1.4,2287.0,3,3,3+,5 to 10 year old,1,low,1,mid-rise
sector 84,1.5,1725.0,3,3,3+,1 to 5 year old,0,medium,1,mid-rise
sector 49,4.25,2562.0,4,5,3,1 to 5 year old,1,high,2,mid-rise
nirvana country,3.35,2050.0,3,4,2,5 to 10 year old,1,high,0,mid-rise
sector 43,2.65,1900.0,3,3,3,10+ year old,1,medium,2,mid-rise
sector 86,3.6,2285.0,3,4,3+,1 to 5 year old,1,medium,2,mid-rise
sector 103,2.75,2875.0,4,6,3+,5 to 10 year old,1,high,2,high-rise
sector 103,1.2,1450.0,2,3,3+,1 to 5 year old,1,high,2,mid-rise
sector 113,2.55,1580.0,2,2,2,1 to 5 year old,0,medium,2,high-rise
sector 104,2.6,2290.0,3,3,3+,1 to 5 year old,0,high,2,high-rise
sector 102,1.85,1650.0,3,3,3,1 to 5 year old,1,medium,1,mid-rise
sector 102,2.4,1689.0,3,3,3,1 to 5 year old,0,medium,3,high-rise
sector 102,2.4,2000.0,3,4,2,1 to 5 year old,1,high,2,mid-rise
sector 108,4.05,2590.0,3,3,2,0 to 1 year old,0,medium,2,high-rise
nirvana country,2.8,1877.0,3,4,3+,1 to 5 year old,1,medium,2,mid-rise
sector 70a,0.69,980.0,2,2,1,1 to 5 year old,0,medium,2,mid-rise
sector 66,3.1,2062.0,4,3,3+,5 to 10 year old,0,high,1,mid-rise
sector 84,1.6,1534.0,2,2,3,1 to 5 year old,0,medium,1,high-rise
sector 65,3.7,2130.0,3,3,3,1 to 5 year old,0,medium,2,high-rise
sector 65,3.5,1988.0,3,3,2,1 to 5 year old,0,medium,2,high-rise
sector 84,1.62,1534.0,2,2,3,1 to 5 year old,0,medium,1,high-rise
sector 108,1.4,1285.0,2,3,3,1 to 5 year old,1,medium,1,mid-rise
sector 106,5.64,3075.0,4,5,3+,under construction,0,high,2,high-rise
sector 106,1.75,1760.0,3,4,3+,1 to 5 year old,1,medium,2,high-rise
sector 37d,1.4,1604.0,3,3,3+,1 to 5 year old,0,medium,1,mid-rise
sector 102,3.3,2400.0,4,4,3+,1 to 5 year old,1,medium,2,high-rise
sector 102,1.85,1198.0,2,2,3,1 to 5 year old,0,medium,1,high-rise
sector 102,1.5,903.0,2,2,3,1 to 5 year old,0,medium,1,high-rise
sector 65,3.9,2054.0,3,3,2,1 to 5 year old,1,high,2,high-rise
sector-33 sohna,1.5,1100.0,2,2,3,1 to 5 year old,0,high,1,low-rise
sector 65,4.1,2468.75,4,4,3,1 to 5 year old,1,high,1,mid-rise
sector 61,2.3,1300.0,2,3,2,1 to 5 year old,0,medium,2,high-rise
sector 61,2.35,1300.0,2,3,2,1 to 5 year old,1,medium,2,high-rise
sector 65,2.8,1516.0,2,2,2,1 to 5 year old,1,high,2,high-rise
sector 65,2.62,1420.0,2,2,2,1 to 5 year old,1,high,2,high-rise
sector 65,2.4,1310.0,2,2,2,1 to 5 year old,1,high,2,high-rise
dlf phase 3,16.55,8000.0,5,6,3,1 to 5 year old,1,high,3,mid-rise
sector 65,3.67,1932.0,3,3,2,1 to 5 year old,0,medium,4,high-rise
sector 65,2.62,1310.0,2,2,2,5 to 10 year old,0,medium,4,high-rise
sector 59,8.65,3395.0,4,4,3,1 to 5 year old,1,high,2,high-rise
sector 65,3.38,1828.0,3,3,3,1 to 5 year old,1,high,2,high-rise
sector 65,2.46,1310.0,2,2,2,1 to 5 year old,0,high,2,high-rise
sector 82a,3.65,2576.0,4,4,3+,1 to 5 year old,1,high,2,high-rise
sector 82a,2.91,1818.0,3,3,3+,1 to 5 year old,1,high,3,high-rise
sohna,0.53,950.0,2,2,2,1 to 5 year old,0,medium,1,mid-rise
sector 81,4.9,2995.0,4,4,3+,1 to 5 year old,1,high,3,high-rise
sector 82,2.35,2160.0,3,3,3,5 to 10 year old,1,high,1,mid-rise
sector 107,1.68,1943.0,3,3,3,1 to 5 year old,0,high,1,mid-rise
sector 52,2.65,1700.0,4,4,3+,1 to 5 year old,0,medium,2,mid-rise
sector 52,2.45,1350.0,3,2,1,1 to 5 year old,0,medium,2,mid-rise
sector 52,2.35,1350.0,3,3,3,1 to 5 year old,0,medium,0,mid-rise
sector 59,6.25,2595.0,3,3,2,1 to 5 year old,1,medium,3,high-rise
sector 111,4.65,2950.0,4,5,3+,1 to 5 year old,1,medium,2,mid-rise
sector 102,2.45,2025.0,3,3,3,1 to 5 year old,1,high,0,mid-rise
sector 67a,2.3,1727.0,3,3,2,5 to 10 year old,0,medium,2,mid-rise
sector 67a,1.75,1296.0,2,2,2,5 to 10 year old,0,medium,1,mid-rise
sector 106,2.85,1815.0,3,3,3,0 to 1 year old,0,medium,1,high-rise
sector 74,3.65,2000.0,3,3,3+,0 to 1 year old,1,medium,2,high-rise
sector 1 imt manesar,1.4,2050.0,3,3,2,5 to 10 year old,0,medium,1,mid-rise
sector 67,5.95,3192.0,4,5,3+,10+ year old,1,medium,0,high-rise
sector 67,3.23,1935.0,3,4,3+,5 to 10 year old,1,medium,1,mid-rise
sector 91,1.33,1404.0,2,2,3+,1 to 5 year old,0,medium,1,mid-rise
sector 85,0.67,839.4329999999999,2,2,1,0 to 1 year old,0,medium,1,mid-rise
sector 70,1.5,1137.0,3,2,2,5 to 10 year old,0,medium,1,mid-rise
naurangpur,2.3,2289.0,3,4,3+,1 to 5 year old,1,medium,2,mid-rise
sector 82a,2.8,1818.0,3,3,3+,1 to 5 year old,0,medium,1,high-rise
sector-33 sohna,4.1,2610.0,4,4,3+,1 to 5 year old,1,medium,3,mid-rise
sector-33 sohna,4.0,2570.0,4,4,3+,1 to 5 year old,1,medium,2,mid-rise
sector 59,6.6,2595.0,3,3,2,1 to 5 year old,0,high,1,high-rise
sector 84,2.25,2244.0,3,3,3,1 to 5 year old,1,high,2,high-rise
sector 86,2.32,1929.0,3,3,3,1 to 5 year old,0,high,3,mid-rise
sector 37d,1.33,1675.0,3,3,3+,1 to 5 year old,0,high,0,mid-rise
sector 82,2.4,2535.0,4,5,3+,1 to 5 year old,1,high,3,high-rise
sector 37d,1.36,1675.0,3,3,3+,1 to 5 year old,0,medium,0,mid-rise
sector 37d,1.39,1675.0,3,3,3+,1 to 5 year old,0,medium,0,mid-rise
sector 37d,1.65,1720.0,3,3,3,1 to 5 year old,0,medium,0,mid-rise
sector 37d,1.56,1775.0,3,3,3,1 to 5 year old,0,medium,0,mid-rise
sector 67a,2.44,1727.0,3,3,2,0 to 1 year old,0,high,4,mid-rise
sector 67a,1.96,1484.0,2,2,2,0 to 1 year old,0,high,2,mid-rise
sector 37d,1.3,1675.0,3,3,3+,1 to 5 year old,0,medium,0,mid-rise
sector 37d,1.43,1675.0,3,3,3+,1 to 5 year old,0,high,0,mid-rise
sector 37d,1.53,1775.0,3,3,3,1 to 5 year old,0,high,0,mid-rise
sector 82a,2.9,1799.0,3,3,3+,1 to 5 year old,0,high,2,high-rise
sector 59,6.1,2595.0,3,3,3+,0 to 1 year old,1,high,2,high-rise
sector 37d,1.65,1800.0,3,3,3+,1 to 5 year old,0,high,2,mid-rise
sector 37d,1.38,1675.0,3,3,3+,1 to 5 year old,0,medium,1,mid-rise
sector 37d,1.4,1675.0,3,3,3+,1 to 5 year old,0,medium,1,mid-rise
sector 67a,1.89,1484.0,2,2,2,0 to 1 year old,0,high,2,mid-rise
sector 104,3.47,3150.0,4,4,3+,1 to 5 year old,1,high,3,high-rise
sector 82a,4.0,2300.0,4,4,3+,1 to 5 year old,0,high,2,mid-rise
sector 90,2.5,2364.0,4,4,3+,1 to 5 year old,1,medium,2,mid-rise
sector 86,2.75,2285.0,3,4,3+,1 to 5 year old,1,medium,2,mid-rise
sector 61,3.1,2250.0,3,3,2,1 to 5 year old,0,medium,0,high-rise
sector 61,4.11,2400.0,3,5,3,5 to 10 year old,1,medium,2,high-rise
sector 90,0.7,690.0,2,1,1,1 to 5 year old,0,medium,1,mid-rise
sector 90,2.34,2364.0,4,4,3,5 to 10 year old,1,medium,2,mid-rise
nirvana country,2.75,1877.0,3,4,3+,10+ year old,1,medium,1,mid-rise
nirvana country,2.65,1877.0,3,4,3+,10+ year old,1,medium,1,mid-rise
sector 90,1.91,1726.0,3,3,2,1 to 5 year old,0,medium,1,high-rise
sector 88b,1.81,1550.0,3,3,3+,1 to 5 year old,1,high,2,low-rise
sector 70,2.4,1950.0,3,5,3,1 to 5 year old,1,medium,1,mid-rise
sector 49,4.25,2444.0,3,4,3+,1 to 5 year old,1,high,2,mid-rise
sector 89 a,1.99,2195.0,3,4,3,0 to 1 year old,1,medium,2,mid-rise
sector 99,4.01,3360.0,4,4,3,0 to 1 year old,1,high,2,mid-rise
sector 99,3.25,2780.0,3,3,2,0 to 1 year old,1,high,2,mid-rise
sector 89 a,2.49,2505.0,4,4,3,0 to 1 year old,1,high,2,mid-rise
sector 89 a,1.84,1960.0,3,3,2,0 to 1 year old,1,high,2,mid-rise
sector 92,2.35,1995.0,3,4,3+,1 to 5 year old,1,high,1,mid-rise
sector 79,2.48,2015.0,3,3,2,1 to 5 year old,0,high,1,mid-rise
sector 81,5.25,4200.0,4,6,3+,1 to 5 year old,1,high,2,high-rise
sector 81,5.26,4200.0,4,6,3+,1 to 5 year old,1,high,2,high-rise
sector 81,4.4,3185.0,4,5,2,1 to 5 year old,1,high,2,mid-rise
sector 81,3.5,2660.0,3,4,3+,1 to 5 year old,1,high,2,mid-rise
sector 81,2.0,1790.0,3,3,3+,1 to 5 year old,0,high,1,mid-rise
sector 81,1.77,1660.0,3,2,3+,1 to 5 year old,0,high,1,mid-rise
sector 81,5.25,2872.0,4,4,3+,1 to 5 year old,1,high,3,high-rise
sector 81,3.6,2100.0,3,4,3+,1 to 5 year old,1,high,2,high-rise
sector 81,4.53,3470.0,4,6,2,1 to 5 year old,1,high,2,mid-rise
sector 81,4.11,3185.0,4,5,2,1 to 5 year old,1,high,2,mid-rise
sector 81,3.56,2660.0,3,4,3+,1 to 5 year old,1,high,2,mid-rise
sector 81,3.56,2660.0,3,4,3+,1 to 5 year old,1,high,2,mid-rise
sector 102,1.96,1650.0,3,3,3,5 to 10 year old,1,medium,1,mid-rise
sector 102,1.97,1650.0,3,3,3,5 to 10 year old,1,high,1,mid-rise
sector 92,2.32,1920.0,3,3,2,1 to 5 year old,0,high,2,mid-rise
sector 92,2.44,2120.0,3,4,3+,1 to 5 year old,1,high,2,mid-rise
sector 86,2.22,1929.0,3,3,1,1 to 5 year old,0,high,1,mid-rise
sector 81,5.3,4200.0,4,6,3+,1 to 5 year old,1,high,2,high-rise
sector 81,3.51,2660.0,3,4,3+,1 to 5 year old,1,high,2,mid-rise
sector 81,4.0,3185.0,4,5,2,1 to 5 year old,1,high,2,mid-rise
sector 81,4.42,3470.0,4,6,2,1 to 5 year old,1,high,2,mid-rise
sector 81,2.05,1790.0,3,3,3+,1 to 5 year old,0,high,1,mid-rise
sector 81,2.1,1810.0,3,3,3+,1 to 5 year old,0,high,1,mid-rise
sector 84,1.7,2095.0,4,4,3+,1 to 5 year old,0,medium,1,mid-rise
sector 91,1.35,1404.0,2,2,3+,1 to 5 year old,0,medium,1,mid-rise
sector 108,2.7,1961.02,2,3,2,0 to 1 year old,0,medium,1,mid-rise
sector 3,2.1,2080.0,3,3,3,0 to 1 year old,0,medium,1,mid-rise
sector 92,1.65,2040.0,4,4,3,0 to 1 year old,1,medium,1,mid-rise
sector 65,1.93,1020.0,2,2,2,1 to 5 year old,0,high,1,mid-rise
sector 70,2.45,1950.0,3,5,3,0 to 1 year old,1,medium,2,mid-rise
sector 59,7.1,2985.0,3,5,3,0 to 1 year old,1,high,1,high-rise
sector 72,5.2,2905.0,4,5,3+,0 to 1 year old,1,high,2,high-rise
sector 103,2.85,2875.0,4,6,3+,1 to 5 year old,1,medium,2,mid-rise
sector 84,0.95,1200.0,2,2,2,1 to 5 year old,0,medium,1,mid-rise
sector 84,1.09,1350.0,2,2,2,1 to 5 year old,0,medium,1,mid-rise
sector 58,3.3,1375.0,2,2,1,1 to 5 year old,0,high,2,high-rise
sector 58,3.1,1632.0,2,2,1,1 to 5 year old,0,medium,2,mid-rise
sector 60,4.49,2045.0,3,4,3,1 to 5 year old,1,high,2,mid-rise
sector 60,3.81,2045.0,3,4,3,1 to 5 year old,1,high,2,mid-rise
sector 60,2.5,1374.0,2,2,2,1 to 5 year old,1,high,3,mid-rise
sector 92,1.56,1900.0,4,3,2,1 to 5 year old,0,medium,1,mid-rise
sector 68,1.55,1222.0,2,2,2,1 to 5 year old,0,high,1,high-rise
sector 90,1.1,1919.84,2,2,3,1 to 5 year old,0,medium,1,mid-rise
sector 37d,2.4,1811.0,3,3,3,0 to 1 year old,0,high,2,mid-rise
sector 48,4.75,1869.0,3,3,3,5 to 10 year old,0,medium,1,mid-rise
sector 48,3.75,1418.0,2,2,3,5 to 10 year old,0,high,1,mid-rise
sector 48,7.0,2187.0,3,3,3,5 to 10 year old,1,high,1,mid-rise
sector 67,5.9,3154.0,4,5,3+,1 to 5 year old,1,high,2,mid-rise
sector 48,3.85,1418.0,2,2,3,5 to 10 year old,0,high,1,mid-rise
sector 48,5.0,1869.0,3,3,3,5 to 10 year old,0,medium,1,mid-rise
sector 59,5.85,2188.0,3,3,3,1 to 5 year old,0,medium,0,high-rise
sector 80,2.35,2262.0,3,4,2,5 to 10 year old,0,high,2,mid-rise
sector 30,6.75,2807.0,3,3,3,10+ year old,1,medium,1,high-rise
sector 60,3.05,2193.9,2,2,3,1 to 5 year old,1,medium,1,high-rise
sector 60,2.85,1550.0,2,2,2,5 to 10 year old,1,high,1,high-rise
sector 65,3.18,1895.0,2,2,3,0 to 1 year old,0,medium,1,high-rise
sector 107,2.1,3393.7999999999997,3,3,2,5 to 10 year old,1,high,3,mid-rise
sector 107,2.0,2361.0,3,4,3+,5 to 10 year old,1,high,1,mid-rise
sector 67a,2.25,2107.2799999999997,3,2,2,5 to 10 year old,1,high,3,mid-rise
sector 65,3.47,2595.76,3,3,2,0 to 1 year old,0,high,2,high-rise
sector 81,4.95,2995.0,4,5,3,1 to 5 year old,1,high,2,high-rise
sector 81,3.79,2092.0,3,4,3+,1 to 5 year old,1,high,2,high-rise
sector 86,1.98,1845.0,3,4,3,1 to 5 year old,1,high,1,mid-rise
sector 82a,2.95,1799.0,3,3,3+,1 to 5 year old,0,high,2,high-rise
sector 81,3.72,2103.0,3,4,3+,1 to 5 year old,1,medium,2,high-rise
sector 81,3.7,2103.0,3,4,3+,5 to 10 year old,1,medium,2,high-rise
sector 82a,2.74,1799.0,3,3,3+,5 to 10 year old,0,medium,1,high-rise
sector 82a,2.7,1799.0,3,3,3+,5 to 10 year old,1,medium,1,high-rise
sector 82a,3.37,2092.0,3,4,3+,5 to 10 year old,1,medium,1,high-rise
sector 82a,3.3,2100.0,3,4,3+,5 to 10 year old,1,medium,1,high-rise
sector 82a,3.35,2103.0,3,4,3+,5 to 10 year old,1,medium,1,high-rise
sohna,1.37,1500.0,2,2,3,1 to 5 year old,0,medium,1,mid-rise
sector 58,4.95,2156.0,3,3,3,5 to 10 year old,1,high,2,high-rise
sector 58,3.2,1632.0,2,2,1,5 to 10 year old,0,high,1,mid-rise
sector 58,5.45,2427.0,3,4,2,5 to 10 year old,1,high,2,mid-rise
sector 60,3.71,2045.0,3,4,3,1 to 5 year old,1,high,2,mid-rise
sector 82a,3.4,2103.0,3,3,3+,5 to 10 year old,1,medium,1,high-rise
sector 67a,2.39,1727.0,3,3,3,1 to 5 year old,0,medium,2,mid-rise
sector 83,1.86,1785.0,3,3,3,5 to 10 year old,0,medium,1,mid-rise
sector 82,1.35,1298.05,2,2,2,1 to 5 year old,0,medium,1,mid-rise
sector 82,1.55,1428.0,2,2,2,1 to 5 year old,0,high,1,mid-rise
sector 72,4.25,2185.0,3,4,3+,0 to 1 year old,1,high,2,high-rise
sector 72,6.1,3300.0,4,5,3,1 to 5 year old,1,high,2,high-rise
sector 72,5.4,2905.0,4,5,3+,1 to 5 year old,1,high,2,high-rise
sector 62,3.8,1508.26,2,2,2,1 to 5 year old,0,high,1,high-rise
sector 83,1.35,1340.0,3,3,3,1 to 5 year old,0,high,1,mid-rise
sector 59,5.5,2595.0,3,3,3,1 to 5 year old,1,high,2,high-rise
sector 82,1.98,1790.0,3,4,2,1 to 5 year old,1,high,1,mid-rise
sector 72,4.88,2550.0,3,3,3+,0 to 1 year old,1,high,2,high-rise
sector 72,4.9,2550.0,3,3,3,0 to 1 year old,1,high,2,high-rise
sector 72,6.35,3300.0,4,5,3,0 to 1 year old,1,high,2,high-rise
sector 72,5.2,2905.0,4,4,3+,0 to 1 year old,1,high,2,high-rise
sector 65,3.68,2040.0,3,3,2,0 to 1 year old,1,medium,2,high-rise
sector 109,2.9,2100.0,3,4,3,0 to 1 year old,1,medium,1,mid-rise
sector 70,4.23,3090.0,4,5,2,1 to 5 year old,1,high,2,high-rise
sector 53,8.0,3110.0,4,6,3+,5 to 10 year old,1,high,2,mid-rise
sector 99,1.9,1970.0,3,4,2,5 to 10 year old,1,high,2,mid-rise
sector 99,1.7,1770.0,3,3,2,1 to 5 year old,0,high,2,mid-rise
sector 112,4.05,2441.0,2,2,2,1 to 5 year old,1,high,2,high-rise
sector 112,6.35,3600.0,3,5,2,1 to 5 year old,1,high,2,high-rise
sector 109,2.94,1955.0,3,4,3+,0 to 1 year old,1,medium,1,mid-rise
sector 109,2.38,1590.0,3,3,3,0 to 1 year old,0,medium,1,mid-rise
nirvana country,3.1,1897.0,3,3,3,5 to 10 year old,0,medium,2,mid-rise
nirvana country,3.17,1983.0,3,3,3,10+ year old,0,medium,0,mid-rise
dlf phase 5,7.9,2804.0,4,4,3+,5 to 10 year old,1,high,2,mid-rise
sector 81,1.8,1645.0,3,2,3+,5 to 10 year old,0,medium,1,mid-rise
sector 66,4.35,2410.0,4,5,3,5 to 10 year old,1,high,2,mid-rise
sector 88a,2.15,1850.0,3,3,3,1 to 5 year old,0,medium,2,mid-rise
sushant lok phase 3,2.5,2200.0,4,3,3,10+ year old,0,high,1,low-rise
sector 95a,0.61,730.2633999999999,2,2,2,1 to 5 year old,0,medium,2,mid-rise
sector 95a,0.68,808.3208,2,2,2,1 to 5 year old,0,medium,2,mid-rise
sector 81,1.8,1660.0,3,2,3+,1 to 5 year old,0,high,1,mid-rise
sector 36 sohna,1.05,1448.4,2,2,2,0 to 1 year old,0,medium,1,low-rise
sector 89,1.55,1494.0,3,3,3+,0 to 1 year old,1,medium,2,low-rise
sector 67,5.9,3154.0,4,4,3,1 to 5 year old,1,medium,3,mid-rise
dlf phase 4,3.7,1777.0,3,3,2,10+ year old,1,medium,1,mid-rise
sector 88a,2.72,2175.0,3,5,3+,0 to 1 year old,1,medium,2,high-rise
sector 65,4.0,2004.0,3,3,3,1 to 5 year old,1,medium,2,high-rise
nirvana country,3.8,2711.0,3,4,2,10+ year old,1,medium,2,mid-rise
sector 67,5.5,2668.0,3,3,3,5 to 10 year old,0,high,1,mid-rise
sector 88a,1.88,1565.0,3,2,3+,0 to 1 year old,0,high,2,high-rise
sector 89 a,2.44,2150.0,3,4,3+,0 to 1 year old,1,medium,2,mid-rise
sector 88a,1.87,1565.0,3,2,3+,0 to 1 year old,0,high,2,high-rise
sector 85,2.25,1704.0,2,2,2,1 to 5 year old,1,medium,1,mid-rise
sector-33 sohna,1.32,1533.6,2,2,3+,1 to 5 year old,0,medium,2,low-rise
sector 86,2.35,1929.0,3,3,3,1 to 5 year old,0,medium,2,mid-rise
sohna road,2.0,1755.0,2,2,2,5 to 10 year old,0,medium,1,mid-rise
sector 61,2.3,1385.0,2,2,3,5 to 10 year old,1,high,1,high-rise
sector 91,1.99,1862.0,3,3,3+,1 to 5 year old,0,high,1,mid-rise
sector 108,4.65,2343.0,3,5,2,1 to 5 year old,1,high,2,high-rise
sector 108,3.7,2003.0,3,4,2,1 to 5 year old,0,high,1,high-rise
sector 99,2.3,2425.0,4,4,3+,1 to 5 year old,1,high,0,mid-rise
sector 90,2.15,1967.0,3,3,3,5 to 10 year old,0,high,1,high-rise
sector 91,1.45,1310.0,2,2,2,5 to 10 year old,0,high,1,mid-rise
sector 67,5.99,3297.0,4,4,3,1 to 5 year old,0,medium,2,mid-rise
sector 102,2.4,1669.0,3,3,3,1 to 5 year old,0,medium,2,high-rise
sector 91,2.25,2320.0,3,4,3+,1 to 5 year old,1,high,1,mid-rise
sector 67,4.19,2411.0,3,3,3,1 to 5 year old,1,medium,2,high-rise
sector 65,12.0,4944.0,4,4,2,1 to 5 year old,1,high,2,high-rise
sector 65,10.25,4010.0,3,3,2,1 to 5 year old,1,high,2,high-rise
sector 65,8.66,3464.0,3,4,2,1 to 5 year old,1,high,2,high-rise
sector 85,3.5,3690.58,4,4,3+,0 to 1 year old,1,high,2,high-rise
sector 89,4.09,2765.0,3,3,3,under construction,0,low,2,high-rise
dlf phase 4,5.5,2150.0,3,4,3+,10+ year old,1,high,2,mid-rise
sector 65,2.4,1261.0,2,3,3,1 to 5 year old,0,high,2,high-rise
sector 61,3.01,1795.0,3,3,3,1 to 5 year old,0,high,2,high-rise
sector 65,2.47,1261.0,2,2,3,1 to 5 year old,0,high,1,high-rise
sector 106,2.9,1990.6,3,3,2,0 to 1 year old,0,medium,1,high-rise
sector 70,1.41,1137.0,3,2,2,5 to 10 year old,0,high,1,mid-rise
sector 84,1.1,1350.0,2,2,2,1 to 5 year old,0,medium,1,mid-rise
sector 37d,1.29,2005.0,3,3,3,1 to 5 year old,0,high,0,mid-rise
sector 112,4.2,2802.0,3,3,2,0 to 1 year old,1,high,2,high-rise
sector 69,2.38,1704.0,3,3,3+,0 to 1 year old,0,high,1,high-rise
sector 69,2.35,1704.0,3,3,3+,1 to 5 year old,0,high,1,high-rise
sector 108,5.1,2343.0,4,4,2,0 to 1 year old,1,medium,2,high-rise
sector 99a,1.7,1550.0,2,2,3,1 to 5 year old,0,medium,1,mid-rise
sector 102,2.53,1852.0,3,3,3+,1 to 5 year old,0,high,2,high-rise
sector 62,3.57,1508.0,2,2,3,1 to 5 year old,0,high,1,high-rise
sector 81,1.79,1660.0,3,2,3+,5 to 10 year old,0,medium,1,mid-rise
sector 83,0.99,1250.0,2,2,2,1 to 5 year old,0,medium,1,low-rise
sector 67,5.9,3548.0,3,3,3+,1 to 5 year old,1,high,2,mid-rise
sector 67,4.6,2358.0,3,4,3,1 to 5 year old,1,high,2,mid-rise
sector 70,2.7,1950.0,3,5,3,1 to 5 year old,1,medium,2,mid-rise
sector 89 a,2.18,1750.0,3,3,3+,0 to 1 year old,0,medium,2,mid-rise
sector 108,2.28,2414.0,3,3,3+,1 to 5 year old,1,medium,2,mid-rise
sector 102,3.59,3198.0,4,5,3+,1 to 5 year old,1,medium,2,high-rise
sector 66,7.5,4050.0,4,5,3,1 to 5 year old,1,medium,2,mid-rise
sector 65,3.78,2804.5,4,4,3+,1 to 5 year old,1,high,1,mid-rise
sector 49,4.25,2562.0,4,5,3,5 to 10 year old,1,high,2,mid-rise
sector 81,5.05,2872.0,4,4,3+,1 to 5 year old,1,medium,3,high-rise
sector 36a,4.5,2538.0,3,3,3,0 to 1 year old,1,medium,2,high-rise
sector 59,4.8,2095.0,3,3,2,0 to 1 year old,1,high,1,high-rise
sector 60,3.75,2045.0,3,4,3,1 to 5 year old,1,high,2,mid-rise
sector 112,5.25,3763.0,3,3,2,0 to 1 year old,1,high,2,high-rise
sector 84,2.2,2595.0,4,4,3+,1 to 5 year old,1,medium,0,mid-rise
sector 108,4.2,2072.0,3,3,3,1 to 5 year old,0,high,2,high-rise
sector 86,2.3,1480.0,3,2,3,10+ year old,0,medium,1,mid-rise
sector 60,3.0,2193.9,2,2,2,1 to 5 year old,1,high,2,high-rise
sector 95a,0.78,890.3399999999999,3,2,2,1 to 5 year old,0,medium,1,mid-rise
sector 77,2.0,2077.0,3,4,3+,1 to 5 year old,1,medium,0,mid-rise
sector 81,3.55,2660.0,3,4,3+,5 to 10 year old,1,high,2,high-rise
sector 112,5.9,3763.0,3,5,2,1 to 5 year old,1,medium,2,high-rise
sector 67,3.7,2047.0,3,3,3+,0 to 1 year old,0,high,2,mid-rise
sector 37d,1.48,1770.0,3,3,3+,1 to 5 year old,0,medium,1,mid-rise
sector 66,3.3,1872.0,3,3,3,5 to 10 year old,1,high,2,mid-rise
sector 102,2.5,2629.8399999999997,3,3,3+,1 to 5 year old,0,medium,2,high-rise
sector 90,2.03,1930.0,3,4,3,5 to 10 year old,1,high,0,mid-rise
sector 69,2.35,1704.0,3,3,3+,1 to 5 year old,0,high,1,high-rise
sector 99,2.4,2435.2999999999997,4,4,3+,1 to 5 year old,1,medium,3,mid-rise
sector 65,8.0,3474.0,3,3,2,5 to 10 year old,1,medium,2,high-rise
sector 67,4.55,2358.0,3,4,3,1 to 5 year old,1,high,2,mid-rise
sector 58,3.0,1631.0,2,2,1,1 to 5 year old,0,high,2,high-rise
sector 69,2.35,1578.0,3,3,2,1 to 5 year old,0,high,1,mid-rise
sector 104,2.62,2290.0,3,4,3+,1 to 5 year old,1,high,2,high-rise
sector 65,2.88,1450.0,2,2,3,1 to 5 year old,0,medium,2,high-rise
sector 108,2.7,1381.0,2,2,2,1 to 5 year old,0,high,1,high-rise
sector 65,3.67,2040.0,3,3,3+,0 to 1 year old,1,high,1,high-rise
sector 111,3.65,2237.0,3,4,3,1 to 5 year old,1,medium,1,mid-rise
sector 72,4.35,2145.0,3,3,3,1 to 5 year old,1,high,2,high-rise
sector 72,4.35,2185.0,3,3,3+,5 to 10 year old,1,medium,1,high-rise
sector 93,1.9,2105.0,3,4,3,5 to 10 year old,1,high,2,mid-rise
sector 69,2.62,2285.0,3,4,3+,1 to 5 year old,1,medium,2,mid-rise
sector 108,4.21,2072.9,3,4,2,0 to 1 year old,0,medium,3,high-rise
sector 108,4.08,2072.0,3,3,3,1 to 5 year old,0,high,1,high-rise
sector 72a,4.33,2185.0,3,4,3+,1 to 5 year old,1,high,2,mid-rise
sector 67,5.15,2358.0,3,3,3+,5 to 10 year old,1,medium,2,mid-rise
sector 37d,1.86,1640.0,3,2,3+,1 to 5 year old,0,medium,2,mid-rise
sector 66,3.8,1950.0,3,3,2,5 to 10 year old,1,high,2,mid-rise
sector 108,2.65,1381.0,2,2,2,0 to 1 year old,0,high,2,high-rise
sector 95a,0.61,808.3208,2,2,2,1 to 5 year old,0,medium,1,mid-rise
sector-33 sohna,2.75,2134.0,3,3,2,0 to 1 year old,1,high,1,mid-rise
sector 37d,1.49,1770.0,3,3,3+,1 to 5 year old,0,medium,1,mid-rise
sector 53,8.75,3530.0,3,4,3+,10+ year old,1,high,1,mid-rise
sector 53,8.65,3530.0,3,4,3+,5 to 10 year old,1,high,2,mid-rise
sector-33 sohna,2.85,2134.0,3,3,3,1 to 5 year old,1,medium,2,mid-rise
sector-33 sohna,4.0,2407.0,4,4,3+,1 to 5 year old,1,medium,0,mid-rise
sector 48,7.7,2719.0,3,5,3+,1 to 5 year old,1,high,2,mid-rise
sector 88a,2.6,1910.0,3,3,3+,0 to 1 year old,0,high,1,high-rise
nirvana country,2.8,1815.0,3,3,3+,5 to 10 year old,1,high,2,mid-rise
sector 84,2.85,2726.3999999999996,4,4,3+,0 to 1 year old,1,high,2,low-rise
sector 82a,3.98,2606.0,4,4,3+,1 to 5 year old,1,high,2,mid-rise
sector 86,2.7,1895.0,3,4,3+,0 to 1 year old,1,medium,0,mid-rise
sector 77,1.9,1822.0,3,3,3,1 to 5 year old,0,high,1,mid-rise
sector 91,1.45,1310.0,2,2,2,1 to 5 year old,0,medium,1,mid-rise
sector 91,1.9,1862.0,3,3,3+,1 to 5 year old,0,medium,2,mid-rise
sector 65,3.55,1932.0,3,2,3,0 to 1 year old,1,high,1,high-rise
sector 65,3.3,1828.0,3,3,3,0 to 1 year old,0,high,1,high-rise
sector 65,3.35,1828.0,3,3,3,0 to 1 year old,0,high,2,high-rise
sector 49,2.85,2016.0,4,3,3+,5 to 10 year old,0,medium,1,mid-rise
sector 49,2.75,2016.0,4,3,3+,5 to 10 year old,0,medium,1,mid-rise
sector 89 a,2.57,2150.0,3,4,3+,1 to 5 year old,1,medium,1,mid-rise
sector 65,9.0,3702.0,3,4,3,1 to 5 year old,1,high,2,mid-rise
sector 48,4.59,2336.0,4,4,3+,10+ year old,1,medium,2,mid-rise
sector 49,3.5,2061.0,3,4,3,1 to 5 year old,0,high,2,mid-rise
sector 37c,1.28,1565.0,3,3,3,1 to 5 year old,0,high,2,mid-rise
sector 88a,1.89,1565.0,3,2,3+,0 to 1 year old,0,high,2,high-rise
sector 89 a,2.2,1950.0,3,3,3,0 to 1 year old,0,medium,1,mid-rise
dlf phase 3,15.0,7000.0,4,5,3,5 to 10 year old,1,high,4,mid-rise
dlf phase 4,6.0,3836.84,5,5,3,10+ year old,1,medium,2,mid-rise
sector 66,4.3,1950.0,3,3,2,5 to 10 year old,1,medium,1,mid-rise
sector 79,2.5,1542.0,2,2,2,under construction,0,low,1,high-rise
sector 59,8.75,3395.0,4,4,2,1 to 5 year old,1,high,2,high-rise
sector 112,7.45,4848.0,4,4,3,0 to 1 year old,1,high,3,high-rise
sector 65,3.15,2062.5,3,3,3,1 to 5 year old,1,high,1,low-rise
sector 65,3.73,2468.75,4,4,3+,1 to 5 year old,1,high,2,low-rise
sector 52,2.9,2800.0,4,3,3+,5 to 10 year old,1,medium,2,mid-rise
sector 28,3.95,2850.0,3,3,3+,10+ year old,1,medium,2,mid-rise
sector 65,4.2,1950.0,3,3,2,5 to 10 year old,0,high,1,low-rise
sector 99a,2.1,1997.0,3,5,3,0 to 1 year old,1,medium,1,mid-rise
sector 84,1.85,2000.0,3,3,2,1 to 5 year old,1,high,1,low-rise
sector 69,2.35,1704.0,3,3,3+,0 to 1 year old,0,high,1,high-rise
sector 111,4.8,2950.0,4,5,3+,5 to 10 year old,1,medium,2,mid-rise
sector 104,3.6,3150.0,4,4,3+,1 to 5 year old,1,high,2,high-rise
sector 88a,2.25,1910.0,3,3,3+,1 to 5 year old,0,high,2,high-rise
sector 69,2.62,2400.0,4,5,3+,1 to 5 year old,1,high,2,mid-rise
sector 81,1.82,1660.0,3,2,3,5 to 10 year old,0,medium,2,mid-rise
sector 55,2.9,2125.0,3,3,3,10+ year old,1,medium,3,mid-rise
sector 99,1.83,1865.0,3,3,2,1 to 5 year old,0,medium,1,mid-rise
sector 61,3.2,1700.0,3,3,3,5 to 10 year old,0,medium,2,high-rise
sector 85,2.25,1741.0,2,2,3,1 to 5 year old,0,medium,2,high-rise
sector 67,4.29,2411.0,3,3,3,1 to 5 year old,1,medium,2,high-rise
sector 77,1.85,2059.0,3,3,3,1 to 5 year old,1,high,1,mid-rise
sector 3,2.68,3763.0,4,4,3+,0 to 1 year old,0,high,2,mid-rise
sector 67,5.7,2831.0,4,4,3,5 to 10 year old,0,high,2,mid-rise
sector 61,2.85,1700.0,3,3,3,5 to 10 year old,0,medium,1,high-rise
sector 107,1.75,1943.0,3,3,3,1 to 5 year old,0,medium,1,mid-rise
sector 104,2.45,1700.0,2,3,3,1 to 5 year old,1,high,2,high-rise
sector 65,9.5,4096.0,4,4,2,1 to 5 year old,1,medium,0,high-rise
sector 60,3.75,2045.0,3,4,3+,1 to 5 year old,0,medium,3,mid-rise
sector 82,5.5,5320.0,5,6,3+,1 to 5 year old,1,high,2,mid-rise
sector 69,2.75,2400.0,4,5,3+,1 to 5 year old,1,medium,2,mid-rise
sector 104,3.68,3150.0,4,4,3+,1 to 5 year old,1,high,2,high-rise
sector 80,3.15,3163.0,4,4,3+,5 to 10 year old,1,medium,2,mid-rise
sector 48,7.4,2464.0,3,4,3,5 to 10 year old,1,high,2,mid-rise
sector 49,3.1,1805.0,3,3,3,5 to 10 year old,0,high,1,mid-rise
sector 106,3.1,1855.0,3,3,2,0 to 1 year old,0,high,2,high-rise
sector 89,2.05,2200.0,3,3,3+,1 to 5 year old,1,medium,2,mid-rise
sector 81,4.85,2831.0,4,4,3+,1 to 5 year old,1,medium,3,high-rise
sector 81,3.8,2103.0,3,3,3+,1 to 5 year old,1,medium,2,high-rise
sector 81,3.69,2132.0,3,3,2,1 to 5 year old,1,medium,2,high-rise
sector 57,3.68,3673.54,3,4,3,1 to 5 year old,1,high,3,mid-rise
sector 67,4.25,2685.0,4,5,3+,5 to 10 year old,1,high,2,mid-rise
sector 86,3.55,2285.0,3,4,3+,1 to 5 year old,1,high,2,mid-rise
sector 92,2.32,2698.0,3,3,3,0 to 1 year old,1,medium,1,mid-rise
sector 67,3.75,2350.0,4,4,3+,5 to 10 year old,1,high,2,mid-rise
sector 74,3.65,2074.0,3,3,3+,1 to 5 year old,0,medium,1,high-rise
sector 37c,2.14,2600.0,4,5,3+,0 to 1 year old,1,medium,3,high-rise
sector 52,5.99,6000.0,5,6,3+,5 to 10 year old,1,high,2,mid-rise
sector 99,2.18,2150.0,3,3,3+,1 to 5 year old,1,high,1,mid-rise
sector 84,2.8,3193.0,3,4,3+,1 to 5 year old,1,medium,2,mid-rise
sector 91,1.9,1862.0,3,3,3,1 to 5 year old,0,medium,2,mid-rise
sector 95a,0.6,730.2633999999999,2,2,2,1 to 5 year old,0,medium,1,mid-rise
sector 107,2.18,2361.0,3,4,3+,1 to 5 year old,1,medium,2,mid-rise
sector 77,1.84,1822.0,3,3,3,1 to 5 year old,0,medium,1,mid-rise
sector 70a,2.2,1262.0,2,2,3,1 to 5 year old,0,high,2,high-rise
sector-33 sohna,2.65,1789.0,3,3,3+,0 to 1 year old,1,medium,2,mid-rise
sector 84,1.45,1725.0,3,3,3+,1 to 5 year old,0,medium,1,mid-rise
sector 66,2.1,1442.0,3,3,3,1 to 5 year old,0,high,1,mid-rise
sector 68,1.55,1245.0,2,2,3,1 to 5 year old,0,medium,2,high-rise
sector 53,13.51,4503.0,5,7,3,1 to 5 year old,1,high,3,high-rise
sector 88a,2.72,2175.0,3,5,3+,0 to 1 year old,1,medium,2,high-rise
sector 88a,1.95,1565.0,3,2,3+,0 to 1 year old,0,high,1,high-rise
sector 60,4.5,2045.0,3,4,3,5 to 10 year old,1,high,2,high-rise
sector 99,3.5,2780.0,3,3,3,0 to 1 year old,1,medium,2,mid-rise
sector 88a,2.7,2175.0,3,5,3+,1 to 5 year old,1,high,2,high-rise
sector 65,4.05,2054.0,3,3,3+,0 to 1 year old,1,medium,1,high-rise
sector 89,1.59,2020.66,3,3,2,0 to 1 year old,0,medium,1,low-rise
sector 86,2.35,1929.0,3,3,3+,1 to 5 year old,0,medium,0,mid-rise
sector 82a,3.65,2086.0,3,4,3+,1 to 5 year old,1,high,2,high-rise
sector 111,3.6,2200.0,3,4,2,1 to 5 year old,1,medium,0,mid-rise
sector 81,4.9,2872.0,4,4,3+,1 to 5 year old,1,medium,3,high-rise
sector 81,3.65,2100.0,3,4,3+,1 to 5 year old,1,medium,2,high-rise
nirvana country,4.7,3309.0,4,4,3,1 to 5 year old,1,high,2,mid-rise
sector 81,4.8,2864.0,4,4,3+,1 to 5 year old,1,high,3,high-rise
sector 82a,3.48,2098.0,3,4,3+,1 to 5 year old,1,medium,2,high-rise
sector 82a,2.95,1818.0,3,3,3+,1 to 5 year old,0,medium,1,high-rise
sector 37d,2.85,2310.0,4,3,3+,5 to 10 year old,0,medium,2,mid-rise
sector 102,2.1,1359.0,2,2,2,0 to 1 year old,0,high,2,mid-rise
sector 68,1.58,1225.0,2,2,3,1 to 5 year old,0,high,2,high-rise
sector 104,2.55,2290.0,3,4,3+,1 to 5 year old,1,medium,2,high-rise
sector 102,3.35,2579.0,3,3,3,1 to 5 year old,1,medium,2,high-rise
sector 112,4.24,2802.0,3,3,2,0 to 1 year old,1,high,2,high-rise
sector 82a,2.85,1818.0,3,3,3+,1 to 5 year old,0,medium,1,high-rise
sector 81,4.45,3470.0,4,6,2,1 to 5 year old,1,high,3,mid-rise
sector 102,2.52,1852.0,3,3,3,0 to 1 year old,0,high,1,high-rise
sector 81,3.49,2660.0,3,4,3+,1 to 5 year old,1,high,2,mid-rise
sector 106,2.07,1707.5,2,2,3,0 to 1 year old,0,medium,1,mid-rise
sector 108,3.1,1711.0,3,3,2,1 to 5 year old,0,high,1,high-rise
gwal pahari,2.25,1445.3908,3,3,2,1 to 5 year old,0,medium,2,low-rise
sector 102,2.6,2629.8399999999997,3,3,2,1 to 5 year old,0,medium,2,high-rise
sector-33 sohna,2.65,2134.0,3,3,2,0 to 1 year old,0,medium,2,mid-rise
sector 81,3.6,2660.0,3,4,3+,5 to 10 year old,1,high,2,mid-rise
sector 82,1.98,1790.0,3,4,3,1 to 5 year old,1,high,2,mid-rise
sector 65,3.75,2916.68,3,3,2,0 to 1 year old,1,medium,0,high-rise
sector 30,5.25,2368.0,3,5,3+,10+ year old,1,high,2,mid-rise
sector 81,1.85,1660.0,3,2,2,5 to 10 year old,0,medium,1,mid-rise
dlf phase 4,2.11,1150.0,2,2,2,10+ year old,0,high,1,high-rise
sector 62,3.55,1508.0,2,2,1,1 to 5 year old,0,high,1,high-rise
wazirabad,2.98,2675.0,4,4,3+,5 to 10 year old,0,medium,2,mid-rise
sector 102,2.39,2025.0,3,4,1,1 to 5 year old,1,medium,2,mid-rise
sector 102,1.72,1198.0,2,2,3,0 to 1 year old,0,medium,2,high-rise
sector 86,2.6,2356.0,4,4,3+,5 to 10 year old,1,high,2,mid-rise
sector 91,3.0,2740.0,4,4,3,0 to 1 year old,1,medium,1,mid-rise
sector 108,2.75,1562.0,2,2,3,1 to 5 year old,0,medium,2,high-rise
sector 109,2.88,1955.0,3,3,3,1 to 5 year old,0,medium,2,mid-rise
sector 79,1.95,1510.0,3,3,3,1 to 5 year old,0,medium,0,high-rise
sector 37c,1.25,1578.0,2,2,3+,1 to 5 year old,0,high,2,high-rise
sector 65,2.3,1261.0,2,2,3,1 to 5 year old,0,high,2,high-rise
sector 53,8.75,3390.0,4,6,3+,1 to 5 year old,0,medium,2,mid-rise
sector 83,2.25,1720.0,3,3,3,1 to 5 year old,1,high,1,mid-rise
sector 93,1.95,2105.0,3,4,3+,1 to 5 year old,1,high,2,mid-rise
sector 86,2.0,2051.0,3,3,3+,5 to 10 year old,1,high,2,mid-rise
sector 84,1.88,1890.0,3,3,3+,5 to 10 year old,1,high,2,mid-rise
sector 93,0.8,917.036,3,3,2,1 to 5 year old,0,medium,1,mid-rise
sector 63a,2.99,2017.0,3,3,2,1 to 5 year old,1,medium,2,low-rise
sector 102,2.01,1368.0,2,2,3,0 to 1 year old,0,medium,1,high-rise
sector 102,2.49,1852.0,3,3,3,0 to 1 year old,0,medium,2,high-rise
sector 103,3.0,2875.0,4,4,3,1 to 5 year old,1,high,1,mid-rise
sector 68,1.65,1274.0,2,2,3+,0 to 1 year old,0,high,2,mid-rise
sector 65,3.02,2272.0,3,3,3,1 to 5 year old,0,high,1,low-rise
sector 65,2.99,2272.0,3,3,3,1 to 5 year old,0,medium,1,low-rise
sector 3,1.95,2078.0,3,3,3+,1 to 5 year old,0,medium,1,mid-rise
sector 65,2.44,1433.0,2,2,3,0 to 1 year old,0,high,3,high-rise
sector 91,2.0,2320.0,3,4,3+,1 to 5 year old,1,high,1,mid-rise
sector 68,1.7,1260.0,2,2,2,1 to 5 year old,0,medium,2,mid-rise
pocket h nirvana country,2.78,1836.0,3,3,3+,5 to 10 year old,0,high,2,mid-rise
tikri,7.8,2464.0,3,3,3,5 to 10 year old,1,high,3,mid-rise
sector 82a,2.89,1818.0,3,3,3,1 to 5 year old,0,high,2,high-rise
sector 68,1.49,1245.0,2,2,3,0 to 1 year old,1,high,2,high-rise
sector 68,1.48,1245.0,2,2,3,0 to 1 year old,1,high,2,high-rise
sector 66,4.0,3044.0,4,4,3,1 to 5 year old,1,high,2,mid-rise
sector 61,3.6,2060.0,3,4,3,1 to 5 year old,1,medium,4,high-rise
sector 85,2.6,2408.0,3,4,3,1 to 5 year old,1,medium,1,mid-rise
sector 36a,4.75,2538.0,3,3,2,0 to 1 year old,0,medium,1,high-rise
sector 95a,0.58,730.2633999999999,2,2,2,1 to 5 year old,0,low,2,mid-rise
dlf phase 4,3.6,1777.0,3,3,2,10+ year old,1,medium,1,mid-rise
dlf phase 4,3.2,1550.0,3,3,2,10+ year old,0,high,1,mid-rise
nirvana country,2.85,2066.0,3,4,2,5 to 10 year old,1,high,2,mid-rise
dlf phase 4,3.55,2521.92,3,3,3,10+ year old,1,medium,1,mid-rise
sector 84,1.73,1750.0,3,3,3+,5 to 10 year old,0,high,2,mid-rise
sector 108,1.39,1283.0,2,2,3,1 to 5 year old,1,high,0,mid-rise
sector 65,3.4,1828.0,3,3,3,1 to 5 year old,1,high,1,high-rise
sector 112,4.54,2802.0,3,3,2,0 to 1 year old,1,high,2,high-rise
sector 112,7.5,4848.0,4,4,3,0 to 1 year old,1,high,3,high-rise
sector 37d,1.6,1800.0,3,3,3,0 to 1 year old,0,medium,2,mid-rise
sector 37d,1.59,1770.0,3,3,3+,1 to 5 year old,0,high,1,mid-rise
sector 99,2.05,2150.0,3,3,2,0 to 1 year old,1,medium,1,mid-rise
sector 37c,1.48,1790.0,3,3,3,0 to 1 year old,0,high,2,high-rise
sector 37c,1.5,1820.0,3,3,3,0 to 1 year old,0,high,2,high-rise
sector 56,2.75,2100.0,4,3,3+,10+ year old,0,medium,2,mid-rise
sector 102,2.51,1852.0,3,3,3,0 to 1 year old,0,medium,2,high-rise
sector 37d,1.32,1600.0,3,3,3,1 to 5 year old,0,medium,1,mid-rise
sector 67,4.35,2411.0,3,3,2,1 to 5 year old,1,high,2,high-rise
sector 37d,1.37,1675.0,3,3,3+,1 to 5 year old,0,high,0,mid-rise
sector 37d,1.34,1675.0,3,3,3,1 to 5 year old,0,medium,0,mid-rise
sector 37d,1.66,1800.0,3,3,3+,1 to 5 year old,0,high,2,mid-rise
sector 37d,1.55,1775.0,3,3,3,1 to 5 year old,0,high,0,mid-rise
sector 104,2.6,3251.7999999999997,3,3,3+,1 to 5 year old,1,medium,3,high-rise
sector 60,3.85,2045.0,3,4,3+,5 to 10 year old,1,high,2,mid-rise
sector 53,5.5,2895.0,3,4,3+,5 to 10 year old,1,high,1,mid-rise
sector 86,2.65,1929.0,3,3,1,1 to 5 year old,0,medium,2,mid-rise
sector 68,1.75,1483.0,3,2,3,0 to 1 year old,1,high,2,high-rise
sohna,1.72,1845.0,3,3,3+,1 to 5 year old,1,high,2,mid-rise
sector 81,1.6,1360.0,2,2,3,5 to 10 year old,0,high,1,mid-rise
sector 86,2.24,1929.0,3,3,1,1 to 5 year old,0,high,2,mid-rise
sector 3,2.5,2650.0,4,4,3+,0 to 1 year old,1,medium,2,mid-rise
sector 3,1.96,2950.76,3,3,3+,0 to 1 year old,0,medium,0,mid-rise
sector 3,1.91,2078.0,3,3,3,0 to 1 year old,0,medium,1,mid-rise
sector 60,3.9,2045.0,3,4,3+,5 to 10 year old,1,high,2,mid-rise
sector 60,3.8,2045.0,3,4,3+,5 to 10 year old,1,high,2,mid-rise
sector 60,4.8,2045.0,3,4,3,5 to 10 year old,1,high,2,mid-rise
sector 3,2.0,2078.0,3,3,3,0 to 1 year old,0,medium,1,mid-rise
sector 82a,2.92,1818.0,3,3,3,1 to 5 year old,0,high,2,high-rise
sector 59,4.9,2095.0,3,3,3,1 to 5 year old,0,high,2,high-rise
sector 3,1.44,1444.0,2,2,3,0 to 1 year old,0,medium,1,mid-rise
sector-33 sohna,3.8,2600.0,4,4,3+,1 to 5 year old,1,medium,1,mid-rise
sector-33 sohna,3.0,2134.0,3,3,3+,1 to 5 year old,1,medium,1,mid-rise
sector-33 sohna,2.5,1789.0,3,3,3+,1 to 5 year old,0,medium,1,mid-rise
sector 48,7.5,2719.0,3,3,3+,5 to 10 year old,1,medium,1,mid-rise
sector 48,7.5,2187.0,3,3,2,5 to 10 year old,1,high,1,mid-rise
sector 48,7.85,2464.0,3,3,3+,5 to 10 year old,1,medium,1,mid-rise
sector 70a,3.05,2150.0,3,4,3+,5 to 10 year old,1,medium,1,mid-rise
sector 59,5.3,2295.0,3,3,2,0 to 1 year old,1,high,1,high-rise
pocket h nirvana country,2.69,1836.0,3,3,3,1 to 5 year old,0,high,1,mid-rise
sector 49,3.85,2061.0,3,3,3,10+ year old,1,medium,1,mid-rise
sector 65,3.4,1828.0,3,3,3,1 to 5 year old,0,medium,1,high-rise
sector 77,2.0,1450.0,3,4,3,1 to 5 year old,1,medium,2,mid-rise
sector 67a,3.28,1966.0,3,3,3+,1 to 5 year old,1,medium,1,mid-rise
sector 37d,1.45,1800.0,3,3,3+,1 to 5 year old,0,medium,1,mid-rise
sector 92,2.35,1920.0,3,3,3+,1 to 5 year old,0,high,1,mid-rise
sector 99,2.37,2365.0,4,4,3+,0 to 1 year old,1,medium,2,mid-rise
sector 99,2.15,2118.0,3,3,1,0 to 1 year old,1,medium,0,mid-rise
sohna,2.0,1200.0,2,2,3,0 to 1 year old,0,medium,2,mid-rise
sector 49,4.55,1421.882352,3,3,3,under construction,0,low,0,high-rise
sector 62,5.85,2588.0,3,3,3+,1 to 5 year old,1,high,2,high-rise
nirvana country,4.4,2605.0,3,4,3+,5 to 10 year old,1,medium,2,mid-rise
nirvana country,3.33,1836.0,3,3,3,5 to 10 year old,0,high,1,mid-rise
sector 93,1.9,1530.0,3,3,0,under construction,0,medium,0,low-rise
sector 102,5.0,2860.0,4,4,3+,1 to 5 year old,1,medium,0,high-rise
sector 37d,3.14,2163.0,3,3,3+,under construction,1,medium,2,high-rise
sector 84,1.5,1725.0,3,3,3,5 to 10 year old,0,medium,1,mid-rise
sector 53,10.25,3165.18,4,4,3,under construction,0,medium,0,high-rise
sector 93,1.9,2124.3199999999997,3,2,2,under construction,0,medium,2,low-rise
sector 86,0.8,887.5,2,2,1,5 to 10 year old,0,low,2,mid-rise
sector 70a,1.75,1614.54,3,2,2,1 to 5 year old,0,high,1,low-rise
sector 37c,0.55,950.0,2,2,1,1 to 5 year old,0,medium,2,mid-rise
sohna,1.21,1454.08,2,2,2,0 to 1 year old,0,low,1,low-rise
sector 72,2.0,1755.0,2,2,2,5 to 10 year old,0,medium,0,mid-rise
sector 48,4.0,2982.0,4,4,3,5 to 10 year old,0,low,2,mid-rise
sector 91,2.3,2740.6,3,3,3,5 to 10 year old,1,medium,1,mid-rise
sector 77,1.3,1342.0,2,2,2,1 to 5 year old,0,medium,1,mid-rise
sector 3,2.9,3763.0,4,4,3+,under construction,0,medium,2,mid-rise
sector 106,2.11,1760.0,3,3,2,1 to 5 year old,1,medium,1,high-rise
sector 103,1.88,1900.0,3,3,3+,1 to 5 year old,0,medium,1,mid-rise
sector 68,2.1,1650.0,3,3,3,1 to 5 year old,0,medium,1,high-rise
sector 84,2.01,2595.0,4,4,3,1 to 5 year old,1,medium,2,mid-rise
sector 37d,1.2,1079.0,2,2,3+,1 to 5 year old,0,medium,2,mid-rise
sector 69,2.35,1578.0,3,3,2,1 to 5 year old,0,medium,2,mid-rise
sector 65,2.5,1358.0,2,2,3,0 to 1 year old,0,medium,1,high-rise
sector 83,2.55,1850.0,3,3,3,under construction,0,medium,1,high-rise
sector 69,3.22,2010.0,4,4,2,1 to 5 year old,0,medium,2,mid-rise
sector 90,0.68,626.0,2,2,2,0 to 1 year old,0,medium,1,mid-rise
sector 111,1.8,1455.0,2,2,3,under construction,0,medium,1,mid-rise
sector 70,2.7,2150.0,3,4,3,10+ year old,1,medium,1,mid-rise
sector 68,1.75,1364.0,2,2,3,1 to 5 year old,0,medium,0,high-rise
sector 106,1.5,1385.0,2,2,3+,1 to 5 year old,0,medium,2,high-rise
sector 113,1.8,1276.0,2,2,3,1 to 5 year old,0,medium,1,high-rise
sector 107,1.5,2178.2799999999997,2,2,3+,1 to 5 year old,0,high,1,mid-rise
sector 102,0.6,597.0,2,2,1,1 to 5 year old,0,medium,1,mid-rise
sector 47,6.7,3125.0,4,6,3+,1 to 5 year old,1,medium,2,mid-rise
sector 70a,0.695,839.4329999999999,2,2,1,1 to 5 year old,0,low,1,mid-rise
sector 70a,0.69,849.9125999999999,2,2,1,1 to 5 year old,0,low,0,mid-rise
sector 70a,0.6955,839.4329999999999,2,2,1,1 to 5 year old,0,low,1,mid-rise
sector 65,3.91,2054.0,3,3,2,0 to 1 year old,1,high,2,high-rise
sector 66,4.6,3344.1,3,3,3,under construction,0,low,2,high-rise
sector 65,2.62,1743.75,3,3,2,1 to 5 year old,1,medium,2,mid-rise
sector 45,3.2,2101.0,4,3,3,10+ year old,0,medium,2,low-rise
sector 36a,1.01,860.52,2,2,2,1 to 5 year old,0,medium,1,mid-rise
sector 90,3.3,2225.0,4,4,3+,1 to 5 year old,0,medium,2,mid-rise
sector 69,2.5,1704.0,3,3,3,under construction,0,medium,0,high-rise
sector 104,0.58,743.157,2,2,1,1 to 5 year old,0,medium,0,mid-rise
sector 37d,3.89,2623.0,3,4,3,under construction,1,medium,2,high-rise
sector 79,1.79,2201.0,3,3,2,under construction,0,medium,2,low-rise
sector 37d,4.0,2623.0,3,3,3,under construction,0,medium,0,high-rise
sector 63a,5.9,5062.5,4,6,3+,0 to 1 year old,1,high,2,low-rise
sector 107,0.65,820.6748,2,2,2,1 to 5 year old,0,medium,1,mid-rise
sector 102,0.62,597.0,2,2,1,1 to 5 year old,0,medium,1,mid-rise
sector 74,3.5,2865.56,3,3,3,0 to 1 year old,0,medium,2,high-rise
sector 50,1.6,1207.0,2,2,1,10+ year old,0,high,1,mid-rise
sector 79,3.85,2675.0,4,5,2,0 to 1 year old,1,medium,2,mid-rise
sector 62,4.5,2124.17,3,3,3,under construction,0,medium,1,high-rise
sector 79,3.8,2675.0,4,5,2,0 to 1 year old,1,medium,2,mid-rise
sector 91,2.5,2364.0,4,4,3+,5 to 10 year old,1,medium,1,mid-rise
sector 81,1.5,1711.1,3,2,3,under construction,0,medium,1,low-rise
sector 103,2.25,1900.0,3,3,3+,5 to 10 year old,0,medium,1,mid-rise
sector 109,2.3,1590.0,3,3,3,0 to 1 year old,0,medium,2,mid-rise
sector 89,1.85,2121.48,3,3,2,under construction,0,medium,1,low-rise
sector 104,1.95,1972.38,3,2,3,under construction,0,medium,0,high-rise
sector 104,1.95,1972.38,3,2,3,under construction,0,medium,0,high-rise
sector 65,2.95,3412.26,3,2,3+,1 to 5 year old,0,high,2,low-rise
sector 49,3.11,1805.0,3,3,3,5 to 10 year old,0,medium,1,mid-rise
sector 52,3.6,3195.0,3,3,3,10+ year old,0,medium,2,mid-rise
sector 112,6.2,5178.74,4,4,3+,1 to 5 year old,1,medium,2,mid-rise
sector 108,1.79,1758.0,3,3,3+,1 to 5 year old,0,high,1,mid-rise
dlf phase 5,2.93,1550.0,3,3,2,5 to 10 year old,0,medium,2,low-rise
dlf phase 4,3.15,1370.0,3,3,1,5 to 10 year old,0,medium,2,mid-rise
dlf phase 5,2.98,1430.0,3,3,2,5 to 10 year old,0,high,0,mid-rise
sector 70a,0.73,1080.0,2,2,1,0 to 1 year old,0,medium,0,mid-rise
dlf phase 5,7.9,2810.0,4,4,3,1 to 5 year old,1,high,2,mid-rise
dlf phase 5,3.25,1600.0,3,3,2,5 to 10 year old,1,medium,2,mid-rise
sector 65,3.5,1828.0,3,3,3,0 to 1 year old,0,medium,2,high-rise
sector 85,1.65,1640.0,2,2,3,1 to 5 year old,0,medium,1,high-rise
sector 72,2.51,2085.0,3,4,3+,1 to 5 year old,1,medium,1,mid-rise
sector 72,2.51,2085.0,3,4,3+,1 to 5 year old,1,medium,1,mid-rise
sector 72,2.52,2085.0,3,4,3+,1 to 5 year old,1,medium,1,mid-rise
sector 89,4.1,2384.0,3,4,3+,under construction,1,medium,2,high-rise
sector 67a,0.85,900.0,2,2,2,1 to 5 year old,0,medium,1,mid-rise
sector 67a,0.8,900.0,2,2,2,1 to 5 year old,0,medium,1,mid-rise
sector 67a,0.81,994.0,2,2,2,1 to 5 year old,0,medium,1,mid-rise
sector 57,2.95,1897.0632,4,3,1,1 to 5 year old,0,low,3,low-rise
sector 72,3.22,2597.0,4,5,3+,1 to 5 year old,1,medium,1,mid-rise
sector 57,3.95,2370.0,3,4,3,10+ year old,1,medium,3,mid-rise
sector 76,2.25,1672.0,3,4,3,under construction,1,medium,2,low-rise
sector 88a,2.75,2066.0,3,3,3+,1 to 5 year old,0,medium,1,mid-rise
sector 93,0.61,950.0,2,2,2,1 to 5 year old,0,medium,1,mid-rise
sector 91,1.28,1310.0,2,2,2,1 to 5 year old,0,medium,2,mid-rise
sector 111,2.62,2102.0,3,3,3+,0 to 1 year old,1,high,2,mid-rise
sector 79,1.47,1171.0,2,2,2,under construction,0,low,1,low-rise
sector 111,2.35,1874.0,3,3,3,0 to 1 year old,0,high,1,mid-rise
sector 71,0.53,465.76,1,1,2,1 to 5 year old,0,medium,1,low-rise
sector 61,2.93,1713.0,3,3,2,0 to 1 year old,0,low,0,low-rise
sector 86,2.17,2364.0,4,4,3+,1 to 5 year old,1,medium,2,mid-rise
sector 106,2.03,1366.0,2,2,2,1 to 5 year old,0,high,1,high-rise
sector 106,2.8,1855.0,3,3,3,1 to 5 year old,0,medium,1,high-rise
sector 70a,0.7,839.4329999999999,2,2,1,1 to 5 year old,0,medium,1,mid-rise
sector 102,1.45,915.0,2,2,2,1 to 5 year old,0,medium,2,high-rise
sector 70a,0.69,839.4329999999999,2,2,1,1 to 5 year old,0,low,1,mid-rise
sector 86,0.75,900.0,2,2,2,1 to 5 year old,0,low,1,mid-rise
sohna,1.5,1425.0,2,2,2,0 to 1 year old,0,medium,1,mid-rise
sector 69,3.0,1764.0,3,3,3,under construction,0,medium,1,high-rise
sector 76,2.4,1672.0,3,3,2,under construction,0,medium,2,low-rise
sector 37d,1.25,1380.0,2,2,3,5 to 10 year old,0,medium,1,mid-rise
sector 85,0.65,821.1433999999999,2,2,1,0 to 1 year old,0,medium,0,mid-rise
sector 86,1.91,1930.0,3,3,3,1 to 5 year old,1,medium,1,mid-rise
sector 61,3.16,1679.0,3,3,2,0 to 1 year old,0,medium,1,low-rise
sector 85,0.63,839.4329999999999,2,2,1,0 to 1 year old,0,medium,0,mid-rise
sector 103,0.682,859.2278,2,2,1,1 to 5 year old,0,low,1,mid-rise
sector 85,1.72,1772.0,2,3,3,0 to 1 year old,0,medium,1,high-rise
sector 70,1.2,913.983,3,2,1,under construction,0,medium,1,mid-rise
sector 61,6.1,2750.0,4,4,0,under construction,0,low,0,high-rise
sector 85,3.44,3148.14,3,3,3+,under construction,0,medium,2,high-rise
sector 72,5.3,2185.0,3,4,3+,0 to 1 year old,0,medium,0,high-rise
sector 99,1.7,1770.0,3,3,3,1 to 5 year old,0,medium,2,mid-rise
sector 113,4.25,3035.96,3,3,2,under construction,0,low,0,high-rise
sector 102,3.3,2579.0,3,3,3,1 to 5 year old,1,high,2,mid-rise
sector 84,0.82,1125.0,2,2,2,0 to 1 year old,0,medium,1,mid-rise
sector 103,0.95,915.9,3,2,3,1 to 5 year old,0,low,1,mid-rise
sector 77,3.0,2062.5,3,4,3,1 to 5 year old,1,medium,1,mid-rise
sector 106,4.1,2720.0,4,4,3+,0 to 1 year old,1,high,1,high-rise
sector 68,1.85,1530.0,2,2,0,1 to 5 year old,0,medium,0,mid-rise
sector 106,2.55,1625.0,3,3,3,1 to 5 year old,0,high,1,high-rise
sector 108,3.9,2003.0,3,4,2,1 to 5 year old,0,high,2,high-rise
sohna,1.3,1425.0,2,2,3,1 to 5 year old,0,high,2,mid-rise
sector 103,1.95,2000.0,3,3,3+,1 to 5 year old,0,medium,2,mid-rise
sector 104,4.1,3150.0,4,4,3+,1 to 5 year old,1,medium,2,high-rise
sector 60,4.0,2045.0,3,3,2,1 to 5 year old,1,medium,2,mid-rise
sector 62,4.5,2122.64,3,3,3,under construction,0,medium,2,mid-rise
sector 70a,1.82,1420.0,2,2,3,1 to 5 year old,0,medium,1,mid-rise
sector 113,2.53,1579.0,3,2,2,1 to 5 year old,0,medium,2,high-rise
sector 61,2.55,1700.0,3,3,3,1 to 5 year old,0,medium,1,high-rise
sector 103,6.5,6100.0,4,5,3+,1 to 5 year old,1,high,2,mid-rise
sector 79,1.6,1383.0,2,2,3,1 to 5 year old,0,medium,2,mid-rise
sector 49,4.0,1809.0,3,3,2,under construction,0,low,1,high-rise
sector 81,1.5,1136.0,3,2,3,0 to 1 year old,0,medium,1,low-rise
sector 68,1.95,1574.0,2,2,3,1 to 5 year old,0,medium,1,high-rise
sector 104,1.85,1359.0,3,2,2,under construction,0,medium,1,high-rise
sector 89,3.7,4031.0,5,6,3+,5 to 10 year old,1,medium,3,mid-rise
sector 95a,0.72,807.9799999999999,2,2,2,1 to 5 year old,0,medium,1,mid-rise
sector 106,1.9,1366.0,2,2,3,1 to 5 year old,0,high,1,high-rise
sector 111,2.95,1700.0,3,3,1,1 to 5 year old,0,high,1,mid-rise
sector 66,3.8,1951.0,3,3,2,1 to 5 year old,0,high,2,mid-rise
sector 49,2.73,1667.0,3,3,3+,1 to 5 year old,0,high,2,mid-rise
sector 85,2.75,2408.0,3,4,3+,0 to 1 year old,0,high,2,high-rise
nirvana country,2.1,1418.0,2,2,2,5 to 10 year old,1,medium,3,mid-rise
garauli kalan,1.46,1875.0,3,3,3+,0 to 1 year old,0,medium,2,mid-rise
sector 66,3.5,2062.0,4,4,3+,5 to 10 year old,1,medium,1,mid-rise
sector 71,0.525,520.4016,1,1,2,1 to 5 year old,0,medium,1,low-rise
sector 43,4.09,2700.0,4,4,3+,10+ year old,1,medium,1,mid-rise
sector 103,0.426,511.2,1,1,2,1 to 5 year old,0,medium,0,mid-rise
sector 71,0.82,639.0,2,2,1,1 to 5 year old,0,medium,1,mid-rise
sector 71,0.81,639.0,2,2,1,1 to 5 year old,0,medium,1,mid-rise
sector 65,3.5,2343.0,3,3,3,5 to 10 year old,1,high,2,mid-rise
sector 65,3.1,1278.0,2,2,2,0 to 1 year old,1,medium,2,high-rise
sector 71,0.51,520.4016,1,1,2,1 to 5 year old,0,medium,1,mid-rise
sector 53,7.09,3715.0,3,4,3,under construction,1,medium,1,high-rise
sector 61,6.45,3437.5,4,4,3,under construction,1,medium,2,high-rise
sector 66,4.1,1950.0,3,3,2,5 to 10 year old,1,medium,2,mid-rise
sector 63,9.9,3950.0,4,6,3,under construction,1,medium,2,high-rise
sector 53,10.68,3684.0,4,5,3,under construction,1,medium,2,high-rise
sector 81,4.25,2103.0,3,3,3,1 to 5 year old,1,medium,0,high-rise
sector 1a imt manesar,1.6,1936.0,3,4,2,5 to 10 year old,1,medium,2,mid-rise
sector 79,1.5,1615.9599999999998,2,2,2,under construction,0,low,0,low-rise
sector 63a,2.5,1700.0,3,3,2,under construction,1,medium,1,low-rise
sector 79,1.75,1688.75,2,2,3,1 to 5 year old,0,medium,1,mid-rise
sector 111,2.95,1665.0,3,3,3,under construction,0,medium,1,high-rise
sector 85,2.6,2560.0,4,5,3+,1 to 5 year old,1,medium,2,mid-rise
b1 block sector 57,2.2,1600.0,3,3,2,1 to 5 year old,0,low,1,low-rise
sector 89,1.36,1566.26,2,3,2,under construction,0,medium,2,low-rise
nirvana country,3.35,1981.0,3,3,3+,5 to 10 year old,0,high,1,mid-rise
sector 81,0.66,657.0,2,2,1,1 to 5 year old,0,medium,2,mid-rise
sector 103,1.85,1900.0,3,3,3+,5 to 10 year old,0,medium,2,mid-rise
sector 93,2.0,1224.0,3,3,2,under construction,0,low,0,low-rise
sector 81,0.65,617.0,2,2,1,1 to 5 year old,0,medium,0,mid-rise
sector 106,1.65,1385.0,2,2,3,0 to 1 year old,0,medium,1,mid-rise
sector 37d,4.33,2623.0,3,4,3,under construction,1,low,2,high-rise
sector 36 sohna,1.5,951.4,3,2,3,0 to 1 year old,0,medium,1,low-rise
sector 72,9.5,6105.0,4,4,3+,1 to 5 year old,1,high,0,low-rise
nirvana country,3.3,2066.0,3,4,1,10+ year old,1,medium,1,mid-rise
sector 36a,4.75,2503.0,3,3,2,0 to 1 year old,1,medium,3,high-rise
sector 36a,2.76,1479.0,2,2,3+,0 to 1 year old,0,high,1,high-rise
gwal pahari,8.25,4750.0,4,4,3+,under construction,1,high,2,high-rise
sector 108,2.66,1381.0,2,2,2,0 to 1 year old,0,medium,1,mid-rise
sector 65,3.5,1900.0,3,3,2,1 to 5 year old,1,high,2,high-rise
sector 108,4.1,2072.0,3,3,2,1 to 5 year old,0,medium,2,high-rise
sector 108,4.05,2003.0,3,4,2,0 to 1 year old,0,medium,2,mid-rise
sector 69,2.3,1704.0,3,3,3+,0 to 1 year old,0,medium,1,high-rise
sector 104,4.15,3150.0,4,4,3,1 to 5 year old,1,medium,2,high-rise
sector 108,3.75,2003.0,3,4,2,0 to 1 year old,0,medium,1,mid-rise
sector 108,3.45,1711.0,3,3,2,0 to 1 year old,0,medium,1,mid-rise
sector 108,5.15,2343.0,4,4,2,0 to 1 year old,0,medium,2,high-rise
sector 108,3.82,2003.0,3,4,2,1 to 5 year old,1,high,2,mid-rise
sector 108,4.2,2072.0,3,4,2,0 to 1 year old,0,medium,2,high-rise
sector 99,2.3,2425.0,4,4,3,1 to 5 year old,1,medium,3,mid-rise
sector 108,4.93,2343.0,3,4,2,0 to 1 year old,1,medium,2,high-rise
sector 89,3.2,1178.6504,3,3,3,under construction,0,high,1,high-rise
sector 66,6.07,3035.0,3,3,3,under construction,1,low,0,high-rise
sector 108,3.8,2003.0,3,4,2,1 to 5 year old,0,medium,1,mid-rise
sector 108,2.72,1381.0,2,2,2,0 to 1 year old,0,medium,1,high-rise
sector 65,3.78,2040.0,3,3,2,1 to 5 year old,1,high,1,high-rise
sector 108,4.1,2072.0,3,3,2,1 to 5 year old,0,high,2,high-rise
sector 65,2.46,1261.0,2,2,3,0 to 1 year old,0,high,0,high-rise
sector 65,2.75,1450.0,2,2,3,0 to 1 year old,0,high,2,high-rise
sector 58,5.45,2427.0,3,4,2,5 to 10 year old,1,medium,2,high-rise
sector 108,3.25,1745.0,3,3,2,0 to 1 year old,0,medium,1,mid-rise
sector 108,3.75,2003.0,3,4,2,1 to 5 year old,0,high,1,high-rise
sector 70a,1.65,1685.54,2,2,2,1 to 5 year old,1,medium,1,low-rise
sector 108,4.45,2343.0,4,4,3,1 to 5 year old,1,high,3,high-rise
sector 65,2.48,1250.0,2,2,3,0 to 1 year old,0,high,2,high-rise
sector 108,2.65,1381.0,2,2,2,1 to 5 year old,0,high,1,high-rise
sector 67,4.85,2400.0,3,4,3,5 to 10 year old,0,medium,2,mid-rise
sector 65,3.4,1828.0,3,3,3,0 to 1 year old,0,high,2,high-rise
sector 70,4.3,3090.0,4,4,2,under construction,0,low,2,high-rise
sector 72,6.2,3250.0,4,5,3+,1 to 5 year old,1,high,2,low-rise
sector 81,4.78,2872.0,4,4,3+,1 to 5 year old,1,high,2,high-rise
sector 66,3.7,2410.0,4,5,3+,1 to 5 year old,1,medium,2,mid-rise
sector 108,3.25,1711.0,3,3,2,1 to 5 year old,0,high,1,high-rise
sector 66,4.9,3145.2999999999997,4,4,3,1 to 5 year old,0,medium,0,mid-rise
sector 36a,4.8,2538.0,3,3,1,0 to 1 year old,0,medium,1,high-rise
sector 86,3.5,2285.0,3,4,3+,1 to 5 year old,1,medium,1,mid-rise
sector 81,1.69,2228.75,3,3,3+,5 to 10 year old,1,medium,1,mid-rise
sector 65,3.4,1828.0,3,3,3,1 to 5 year old,0,high,2,high-rise
sector 65,3.35,1828.0,3,3,3,0 to 1 year old,1,high,3,high-rise
sector 37d,1.62,1775.0,3,3,3+,1 to 5 year old,0,medium,2,mid-rise
sector 1 imt manesar,1.35,2050.0,3,3,3,5 to 10 year old,0,medium,1,mid-rise
sector 3,2.5,2078.0,3,4,3+,1 to 5 year old,0,medium,1,mid-rise
sector 66,4.1,1950.0,3,3,2,5 to 10 year old,1,high,2,mid-rise
sector 69,2.3,1704.0,3,3,2,0 to 1 year old,0,high,0,high-rise
sector 37d,1.59,1720.0,3,3,3,1 to 5 year old,0,medium,0,mid-rise
sector 54,14.25,2686.0,3,5,3,1 to 5 year old,1,medium,2,high-rise
sector 58,3.4,1631.0,2,2,1,5 to 10 year old,0,high,1,mid-rise
sector 102,2.25,1689.0,3,3,3,1 to 5 year old,0,medium,3,high-rise
sector 1 imt manesar,1.15,2080.2999999999997,3,2,2,5 to 10 year old,0,low,0,mid-rise
sector 36a,2.75,1479.0,2,2,2,0 to 1 year old,0,high,1,high-rise
sector 108,4.15,2072.0,3,4,2,0 to 1 year old,0,medium,2,high-rise
sector 108,4.1,2003.0,3,4,2,0 to 1 year old,0,medium,1,mid-rise
sector 108,4.15,2631.0,4,4,3,1 to 5 year old,1,high,2,mid-rise
sector 81,3.55,2660.0,3,4,3+,1 to 5 year old,1,high,2,mid-rise
sector 69,2.3,1704.0,3,3,3+,0 to 1 year old,0,high,1,high-rise
sector 56,2.65,2250.0,4,3,3+,10+ year old,0,medium,2,mid-rise
sector 37d,1.64,1800.0,3,3,3,1 to 5 year old,0,medium,2,mid-rise
sector 99,1.52,1550.0,3,2,2,1 to 5 year old,0,medium,1,mid-rise
sector 66,4.9,2200.0,3,4,2,5 to 10 year old,1,medium,1,mid-rise
dlf phase 5,3.3,1343.0,3,3,2,10+ year old,0,medium,0,mid-rise
sector 79,2.0,2155.56,3,3,1,0 to 1 year old,0,medium,1,low-rise
sector 65,2.55,1310.0,2,2,2,0 to 1 year old,0,high,2,high-rise
sector 65,3.95,2000.0,4,3,3,5 to 10 year old,0,medium,2,low-rise
sector 65,2.48,1310.0,2,2,3,1 to 5 year old,0,medium,1,high-rise
sector 72,4.55,2185.0,3,3,3+,5 to 10 year old,1,high,2,high-rise
sector 1a imt manesar,1.4,1845.0,3,4,2,1 to 5 year old,1,high,1,mid-rise
sector 1a imt manesar,1.45,1966.0,3,3,3+,5 to 10 year old,1,medium,1,mid-rise
sector 48,8.9,2464.0,3,3,3,5 to 10 year old,1,high,3,mid-rise
sector 104,3.4,2450.0,3,4,3+,1 to 5 year old,1,medium,2,high-rise
sector 108,4.9,2343.0,3,4,2,1 to 5 year old,1,medium,2,high-rise
sector 36a,3.9,1967.0,3,2,2,1 to 5 year old,0,medium,1,high-rise
sector 54,6.0,1677.0,2,2,2,1 to 5 year old,1,medium,2,high-rise
sector 104,3.55,3150.0,4,4,3+,1 to 5 year old,1,medium,2,high-rise
sector 112,7.42,4848.0,4,4,3,0 to 1 year old,1,high,3,high-rise
sector 112,5.46,3763.0,3,3,3,0 to 1 year old,1,high,2,high-rise
sector 112,5.42,3763.0,3,3,3,0 to 1 year old,1,high,2,high-rise
sector 72,5.2,2550.0,3,3,3+,1 to 5 year old,1,high,2,high-rise
sector 90,2.0,1760.0,3,3,3,5 to 10 year old,0,medium,2,high-rise
sector 86,4.75,3060.0,4,5,3+,1 to 5 year old,1,medium,2,mid-rise
sector 37c,0.61,810.0,2,2,2,1 to 5 year old,0,medium,2,mid-rise
sector 102,3.8,3198.0,4,5,3+,1 to 5 year old,1,medium,3,high-rise
gwal pahari,2.1,2030.6,3,3,2,0 to 1 year old,0,low,1,low-rise
sector 37d,1.6,1800.0,3,3,3,1 to 5 year old,0,medium,1,mid-rise
sector 109,4.1,3150.0,4,5,3+,1 to 5 year old,1,medium,2,high-rise
sector 3,1.45,2050.48,2,2,3+,0 to 1 year old,0,high,1,mid-rise
sector 3,2.01,2950.76,3,3,3+,0 to 1 year old,0,high,1,mid-rise
sector 65,3.35,1828.0,3,3,3,1 to 5 year old,0,medium,2,high-rise
sector 66,8.5,3711.0,4,5,3+,5 to 10 year old,1,medium,3,mid-rise
sector 49,4.85,3000.0,4,4,2,5 to 10 year old,1,medium,3,mid-rise
sector 91,2.0,1862.0,3,3,3+,5 to 10 year old,0,high,2,mid-rise
sector 93,4.5,4260.0,4,5,2,5 to 10 year old,1,medium,3,mid-rise
sector 37d,1.58,1800.0,3,3,3,1 to 5 year old,0,medium,2,mid-rise
sector 104,3.39,2450.0,3,4,3+,0 to 1 year old,1,medium,2,high-rise
sector 69,2.75,2400.0,4,5,3+,1 to 5 year old,1,medium,2,mid-rise
sector 61,2.96,1795.0,3,3,3,5 to 10 year old,0,high,1,high-rise
sector 102,3.3,2149.0,3,4,3+,5 to 10 year old,1,high,2,high-rise
sector 84,2.0,1918.0,3,4,3+,1 to 5 year old,0,medium,1,mid-rise
sector 37d,1.18,1237.5,2,2,3,0 to 1 year old,0,medium,1,low-rise
sector 84,1.6,1610.0,2,2,3,1 to 5 year old,1,medium,2,mid-rise
sector 69,2.65,2400.0,4,5,3+,1 to 5 year old,1,medium,2,mid-rise
manesar,1.35,2966.3799999999997,3,3,3+,5 to 10 year old,1,low,2,mid-rise
sector 89 a,2.4,2150.0,3,4,3+,0 to 1 year old,1,medium,2,mid-rise
sector 59,4.8,2095.0,3,3,2,under construction,0,high,2,high-rise
sector 3,1.25,1444.0,2,2,2,0 to 1 year old,0,medium,1,mid-rise
sector 69,2.7,2400.0,4,5,3+,1 to 5 year old,1,medium,2,mid-rise
sector 102,2.9,2400.0,4,4,3,0 to 1 year old,0,medium,1,high-rise
sector 91,2.55,2320.0,3,4,3+,1 to 5 year old,1,medium,1,mid-rise
sector 79,1.81,1490.0,3,3,3+,1 to 5 year old,0,high,2,high-rise
sector 86,2.25,1929.0,3,3,2,1 to 5 year old,0,high,4,mid-rise
sector 89,1.62,1494.0,3,3,3,0 to 1 year old,0,medium,1,low-rise
sector 112,5.0,2802.0,3,3,3,1 to 5 year old,0,medium,3,high-rise
sector 1 imt manesar,1.55,2600.0,3,3,3,5 to 10 year old,1,medium,1,mid-rise
sector 108,5.1,2343.0,3,4,2,1 to 5 year old,1,medium,2,high-rise
sector 77,2.85,2500.0,3,3,3,1 to 5 year old,1,high,2,high-rise
sector 69,2.35,1704.0,3,3,3+,0 to 1 year old,0,medium,1,high-rise
sector 89 a,2.17,1750.0,3,3,3+,0 to 1 year old,0,medium,2,mid-rise
sector 1 imt manesar,1.9,3976.0,4,4,3+,1 to 5 year old,1,low,1,mid-rise
sector 86,2.37,1929.0,3,3,2,1 to 5 year old,0,high,4,mid-rise
sector 106,4.09,2720.0,4,5,3+,0 to 1 year old,1,medium,2,high-rise
sector 1a imt manesar,1.75,2375.0,4,5,3,5 to 10 year old,1,medium,2,mid-rise
sector 84,1.62,1610.0,2,2,3+,1 to 5 year old,0,medium,1,mid-rise
sector 112,7.28,4848.0,4,4,3,0 to 1 year old,1,high,3,high-rise
sector 65,3.75,2004.0,3,3,3,0 to 1 year old,1,medium,1,high-rise
sector 69,2.39,1704.0,3,3,3+,1 to 5 year old,0,high,1,high-rise
sector 81,4.5,3470.0,4,6,3+,1 to 5 year old,1,high,2,mid-rise
sector 48,3.3,1813.0,3,3,3+,10+ year old,1,medium,2,mid-rise
sector 49,3.7,2061.0,3,4,3,5 to 10 year old,0,high,2,mid-rise
sector 108,2.75,1381.0,2,2,2,under construction,0,medium,1,high-rise
sector 53,8.85,3390.0,4,5,3+,5 to 10 year old,1,medium,2,mid-rise
sector 72,5.75,3300.0,4,5,3,5 to 10 year old,1,high,2,mid-rise
sector 103,2.05,1437.04,3,3,2,under construction,0,medium,2,mid-rise
sector 48,5.0,1700.0,3,3,3+,1 to 5 year old,0,high,2,mid-rise
sector 76,4.0,2766.0,3,3,3,under construction,1,high,1,high-rise
sector 99,2.45,2890.0,4,4,1,1 to 5 year old,1,medium,2,mid-rise
sector 65,7.6,4970.0,3,3,2,10+ year old,1,medium,1,high-rise
sector 112,4.65,3978.84,3,3,3,1 to 5 year old,0,medium,2,high-rise
sector 112,4.52,2802.0,3,3,2,0 to 1 year old,1,high,2,high-rise
sector 81,3.7,2103.0,3,3,3+,1 to 5 year old,1,medium,2,high-rise
sector 3,1.32,2050.48,2,2,2,0 to 1 year old,1,medium,1,mid-rise
sector 89,1.51,1494.0,3,3,2,1 to 5 year old,0,medium,2,low-rise
sector 63,4.5,1800.0,3,3,1,1 to 5 year old,0,medium,1,low-rise
sector 53,9.0,3390.0,4,5,3+,5 to 10 year old,1,high,2,mid-rise
sector 3,1.31,1444.0,2,2,2,0 to 1 year old,1,medium,1,mid-rise
sector 84,3.0,3193.0,3,4,3+,1 to 5 year old,1,medium,2,mid-rise
sector 112,4.46,2802.0,3,3,2,0 to 1 year old,1,high,2,high-rise
sector 66,4.39,2200.0,3,4,3+,1 to 5 year old,1,high,2,mid-rise
sector 66,3.64,1950.0,3,3,2,1 to 5 year old,1,medium,2,mid-rise
sector 49,3.01,1805.0,3,3,3,10+ year old,0,medium,1,mid-rise
sector 82a,2.9,2581.56,3,3,3+,1 to 5 year old,0,high,1,high-rise
sector 84,1.58,1610.0,2,2,3,1 to 5 year old,0,medium,1,mid-rise
sector 65,10.0,4480.0,4,4,2,1 to 5 year old,1,high,2,high-rise
sector 77,2.75,2000.0,3,3,3,1 to 5 year old,1,medium,2,high-rise
sector 102,5.75,4548.0,4,6,3,1 to 5 year old,1,medium,2,high-rise
sector 102,3.62,3198.0,4,5,3,1 to 5 year old,1,medium,0,high-rise
sector 81,1.98,1790.0,3,3,3+,5 to 10 year old,0,medium,1,mid-rise
sector 86,2.85,1895.0,3,3,3+,1 to 5 year old,0,high,1,mid-rise
sector 65,3.4,1828.0,3,3,3+,0 to 1 year old,0,high,2,high-rise
sector 89 a,2.9,2650.0,3,4,3+,0 to 1 year old,1,medium,2,mid-rise
sector 108,3.2,1711.0,3,3,3,1 to 5 year old,0,high,2,mid-rise
sector 65,2.4,1310.0,2,2,2,1 to 5 year old,0,high,2,high-rise
sector 89 a,2.48,2150.0,3,4,3+,0 to 1 year old,1,medium,2,mid-rise
nirvana country,3.2,1983.0,3,4,2,1 to 5 year old,1,medium,2,mid-rise
sector 106,2.8,1741.370424,3,4,3+,0 to 1 year old,1,medium,2,high-rise
sector 65,7.25,2934.0,3,3,2,5 to 10 year old,1,high,2,high-rise
sector 3,1.4,1444.0,2,2,3,0 to 1 year old,1,medium,1,mid-rise
sector 51,4.95,5800.0,5,5,3+,1 to 5 year old,0,low,3,mid-rise
sector 102,2.7,1889.0,3,3,3,1 to 5 year old,1,medium,3,high-rise
sector 65,3.32,1828.0,3,3,3,1 to 5 year old,0,medium,1,high-rise
sector 67a,2.45,1727.0,3,3,2,1 to 5 year old,0,high,1,mid-rise
sector 106,3.1,2002.0,3,3,3+,0 to 1 year old,1,medium,2,high-rise
sector 59,8.75,3395.0,4,4,2,0 to 1 year old,1,medium,1,high-rise
sector 86,2.25,1929.0,3,3,3,1 to 5 year old,0,high,1,mid-rise
sector 84,2.05,1890.0,3,3,3,1 to 5 year old,0,medium,1,mid-rise
sector 90,2.0,1744.0,3,3,2,10+ year old,0,high,0,high-rise
sector 86,1.95,1930.0,3,3,3,10+ year old,0,high,1,mid-rise
sector 67,5.9,4402.0,4,4,3,1 to 5 year old,1,medium,0,high-rise
sector 60,3.8,2045.0,3,3,3+,5 to 10 year old,1,high,2,high-rise
sector 66,5.7,3035.0,3,4,2,under construction,1,high,2,high-rise
sector 61,4.55,2438.0,4,4,3+,5 to 10 year old,1,medium,2,high-rise
sector 104,2.32,1689.0,3,3,3,1 to 5 year old,0,high,2,high-rise
sector 112,4.48,2802.0,3,3,2,0 to 1 year old,1,high,2,high-rise
sohna,2.3,3130.0,3,3,3+,0 to 1 year old,0,medium,1,mid-rise
sector 102,5.7,4548.0,4,6,3+,1 to 5 year old,1,medium,3,high-rise
sector 61,4.3,2690.0,4,5,3+,0 to 1 year old,1,high,2,mid-rise
sector 106,2.5,1625.0,3,3,2,0 to 1 year old,0,medium,0,high-rise
sector 106,2.8,1855.0,3,3,3+,0 to 1 year old,0,medium,1,high-rise
sector 65,4.9,2240.0,2,2,2,1 to 5 year old,0,medium,2,high-rise
nirvana country,2.7,1877.0,3,4,3+,1 to 5 year old,1,high,2,mid-rise
sector 65,3.88,2040.0,3,3,3+,0 to 1 year old,1,high,2,high-rise
sector 49,6.9,2756.826056,4,5,3,under construction,1,medium,2,high-rise
sector 3,1.9,2078.0,3,3,3,0 to 1 year old,0,medium,1,mid-rise
sector 82,1.5,1428.08,2,2,2,5 to 10 year old,0,medium,1,mid-rise
sector 109,2.65,2836.0,4,3,1,5 to 10 year old,0,medium,2,mid-rise
sector 69,2.6,1701.0,3,3,2,0 to 1 year old,0,medium,0,high-rise
sector 103,1.86,1900.0,3,3,3+,1 to 5 year old,0,medium,1,mid-rise
sector 67,5.9,3154.0,4,5,2,0 to 1 year old,1,medium,3,mid-rise
sector 92,2.28,1920.0,3,3,2,0 to 1 year old,0,medium,2,mid-rise
sector 92,2.37,2120.0,3,4,2,0 to 1 year old,1,medium,2,mid-rise
sector 92,2.3,1995.0,3,4,3+,0 to 1 year old,1,medium,2,mid-rise
sohna,1.29,1236.0,3,2,3,under construction,0,medium,3,low-rise
sector 60,2.89,1524.0,2,3,3,5 to 10 year old,1,high,2,mid-rise
sector 60,2.95,1524.0,2,3,2,5 to 10 year old,1,high,1,high-rise
sector 60,3.8,2045.0,3,4,3+,5 to 10 year old,1,high,2,high-rise
sector 65,3.78,2054.0,3,3,3,1 to 5 year old,1,medium,1,high-rise
sector 37d,1.63,1775.0,3,3,3,1 to 5 year old,0,medium,2,mid-rise
sector 89,3.05,2387.02,3,3,3,under construction,0,low,2,high-rise
sector 81,5.1,2872.0,4,4,3+,1 to 5 year old,1,medium,3,high-rise
sector 81,4.9,2831.0,4,4,3+,1 to 5 year old,1,medium,3,high-rise
sector 89 a,2.19,1750.0,3,3,3+,0 to 1 year old,0,medium,2,mid-rise
sector 93,1.65,1805.0,3,4,3,5 to 10 year old,0,high,2,mid-rise
sector 85,2.45,2597.18,3,3,3+,0 to 1 year old,1,high,1,high-rise
sector 85,2.8,3023.18,3,3,3+,0 to 1 year old,1,high,2,high-rise
sector 59,5.0,2095.0,3,3,3,1 to 5 year old,0,high,2,high-rise
sector 65,3.28,1828.0,3,3,3+,0 to 1 year old,0,high,1,high-rise
sector 89,4.3,2272.0,3,4,3+,under construction,1,medium,2,high-rise
sector 70a,2.27,1512.0,2,2,3,5 to 10 year old,0,low,1,mid-rise
sector 106,2.0,1366.0,2,2,3+,0 to 1 year old,0,medium,1,high-rise
sector 3,1.27,1550.0,2,2,2,0 to 1 year old,0,medium,1,mid-rise
sohna,1.37,1500.0,2,2,3,1 to 5 year old,0,high,1,mid-rise
sector 84,2.45,2067.0,3,3,3,1 to 5 year old,1,medium,0,high-rise
sector 1a imt manesar,1.8,2700.0,4,4,3+,5 to 10 year old,1,medium,1,mid-rise
sector 79,2.2,1478.0,2,2,3,under construction,0,high,1,mid-rise
sector 82a,3.6,2086.0,3,4,3+,1 to 5 year old,1,high,3,high-rise
sector 82a,4.0,2273.0,4,4,3+,1 to 5 year old,0,high,3,high-rise
sector 65,10.0,4010.0,3,4,3,1 to 5 year old,1,high,2,mid-rise
sector 99,1.9,1970.0,3,4,2,1 to 5 year old,1,medium,2,mid-rise
sector 81,3.67,2092.0,3,4,3+,1 to 5 year old,1,high,2,high-rise
sector 60,3.75,2045.0,3,4,3+,1 to 5 year old,1,medium,2,high-rise
sector 65,3.35,1828.0,3,3,3,1 to 5 year old,0,medium,1,high-rise
sector 3,1.81,2078.0,3,3,3,0 to 1 year old,1,medium,1,mid-rise
sector 102,2.7,1898.0,3,4,3,1 to 5 year old,1,high,2,mid-rise
sector 53,7.09,2892.0,3,5,3,1 to 5 year old,1,high,2,high-rise
sector 53,9.58,3684.0,4,6,3,1 to 5 year old,1,high,2,high-rise
sector 108,2.3,2003.0,3,4,3+,1 to 5 year old,1,high,2,mid-rise
sector 109,2.52,2150.0,3,4,3+,1 to 5 year old,1,high,2,high-rise
sector 108,4.2,2072.0,3,3,2,1 to 5 year old,0,medium,2,high-rise
sector 111,2.45,2102.0,3,3,3+,1 to 5 year old,1,high,0,mid-rise
sector 111,2.25,1874.0,3,3,3,1 to 5 year old,0,medium,1,mid-rise
sector 111,2.46,2049.0,3,3,3+,1 to 5 year old,0,high,1,mid-rise
sector 108,2.45,1381.0,2,2,2,1 to 5 year old,0,high,2,high-rise
sector 102,2.95,2180.0,4,4,3+,1 to 5 year old,1,high,2,high-rise
sector 111,7.1,4500.0,4,6,3+,1 to 5 year old,1,medium,3,mid-rise
sector 102,3.0,2161.0,4,4,3+,1 to 5 year old,1,medium,2,high-rise
sector 99,3.98,3360.0,4,4,3+,1 to 5 year old,1,high,3,mid-rise
sector 109,2.0,2177.0,3,3,3+,1 to 5 year old,1,medium,2,mid-rise
sector 109,2.1,2177.0,3,4,3+,1 to 5 year old,1,medium,0,mid-rise
sector 99,1.45,1365.0,2,2,3+,0 to 1 year old,0,medium,2,high-rise
sector 99,2.6,2835.0,4,5,3+,0 to 1 year old,1,medium,3,high-rise
sector 99,2.45,2835.0,4,5,3+,0 to 1 year old,1,medium,3,high-rise
sector 99,1.95,1685.0,3,3,3+,0 to 1 year old,0,medium,2,high-rise
sector 99,2.28,2400.0,3,5,3+,0 to 1 year old,1,medium,3,high-rise
sector 102,2.25,1689.0,3,3,3,1 to 5 year old,0,medium,3,mid-rise
sector 99,2.5,2425.0,4,4,3+,0 to 1 year old,1,medium,3,mid-rise
sector 104,2.21,1700.0,2,3,3,1 to 5 year old,1,medium,2,high-rise
sector 102,2.35,1689.0,3,3,3,1 to 5 year old,0,medium,2,high-rise
sector 112,8.15,6471.0,4,6,3+,1 to 5 year old,1,high,3,high-rise
sector 113,2.6,1579.0,3,3,2,1 to 5 year old,0,medium,1,high-rise
sector 113,2.65,1573.0,2,2,3,0 to 1 year old,0,medium,2,mid-rise
sector 113,3.08,2217.0,3,3,3,1 to 5 year old,1,high,2,high-rise
sector 113,1.92,1276.0,2,2,2,1 to 5 year old,0,high,2,high-rise
sector 113,2.5,1579.0,3,2,2,1 to 5 year old,0,high,2,high-rise
sector 113,3.7,2691.0,3,4,3+,1 to 5 year old,0,medium,2,high-rise
sector 112,5.6,3800.0,3,4,3+,1 to 5 year old,1,medium,2,high-rise
sector 108,4.5,2343.44,4,5,3+,0 to 1 year old,1,medium,2,high-rise
sector 112,4.7,2800.0,3,4,3,1 to 5 year old,1,high,2,high-rise
sector 102,1.73,1215.0,2,2,3,1 to 5 year old,0,medium,1,mid-rise
sector 112,4.25,2441.0,2,2,2,1 to 5 year old,1,high,2,high-rise
sector 112,9.51,7400.0,6,7,3+,1 to 5 year old,1,high,3,high-rise
sector 102,1.4,915.0,2,2,3,1 to 5 year old,0,medium,1,high-rise
sector 102,2.6,1889.0,3,4,3,1 to 5 year old,0,medium,1,high-rise
sector 109,2.45,2150.0,3,4,3,1 to 5 year old,1,medium,2,high-rise
sector 102,1.85,1650.0,3,3,3,1 to 5 year old,0,low,2,mid-rise
sector 102,1.9,1650.0,3,3,3,1 to 5 year old,1,medium,2,mid-rise
sector 102,3.4,3200.0,4,5,3+,1 to 5 year old,1,medium,3,mid-rise
sector 113,7.05,6565.0,5,5,3,1 to 5 year old,1,medium,4,high-rise
sector 113,3.9,2900.0,3,4,3,1 to 5 year old,1,high,3,high-rise
sector 108,2.2,2003.0,3,3,3+,1 to 5 year old,1,high,2,mid-rise
sector 107,2.16,2361.0,3,3,3+,1 to 5 year old,1,medium,2,mid-rise
sector 109,1.95,1880.0,3,3,3+,1 to 5 year old,0,medium,2,mid-rise
sector 103,1.55,1991.0,3,4,3+,1 to 5 year old,1,medium,1,mid-rise
sector 108,1.2,1500.0,2,2,3,1 to 5 year old,0,medium,1,mid-rise
sector 102,3.18,2579.0,3,4,3,1 to 5 year old,1,medium,1,high-rise
sector 102,4.5,6326.099999999999,4,4,3+,1 to 5 year old,0,high,3,low-rise
sector 108,2.22,2003.0,3,5,3+,1 to 5 year old,1,medium,2,mid-rise
sector 108,2.45,2338.0,3,3,3+,1 to 5 year old,0,medium,2,mid-rise
sector 108,3.3,2631.0,4,5,3+,1 to 5 year old,1,medium,2,mid-rise
sector 109,3.11,2100.0,3,4,3,0 to 1 year old,1,medium,1,mid-rise
sector 108,2.35,2003.0,3,4,3+,1 to 5 year old,1,medium,2,mid-rise
sector 109,1.75,1871.0,3,3,3,1 to 5 year old,0,high,2,mid-rise
sector 109,2.45,2836.0,4,4,3+,1 to 5 year old,1,medium,2,mid-rise
sector 106,1.8,1760.0,3,4,3+,1 to 5 year old,1,medium,1,high-rise
sector 106,1.7,1665.0,3,3,3,1 to 5 year old,0,medium,1,high-rise
sector 102,2.45,2025.0,3,4,3,1 to 5 year old,1,medium,2,mid-rise
sector 107,1.25,1366.0,2,2,3+,1 to 5 year old,0,medium,1,mid-rise
sector 108,2.2,2825.0,3,4,3,1 to 5 year old,1,medium,3,mid-rise
sector 106,1.8,1900.0,3,4,3,1 to 5 year old,1,medium,2,high-rise
sector 109,1.98,1750.0,3,3,3+,1 to 5 year old,0,medium,3,high-rise
sector 107,1.75,1943.0,3,3,3,1 to 5 year old,0,high,0,mid-rise
sector 109,3.15,2585.0,3,4,3+,1 to 5 year old,1,medium,3,high-rise
sector 108,2.8,2338.0,3,4,3+,1 to 5 year old,1,medium,2,mid-rise
sector 106,1.75,1760.0,3,4,3+,1 to 5 year old,1,medium,1,high-rise
sector 99a,2.0,1997.0,3,5,3+,0 to 1 year old,1,medium,1,mid-rise
sector 108,1.2,1422.0,2,2,2,5 to 10 year old,0,medium,1,mid-rise
sector 103,1.5,1423.0,2,2,3,1 to 5 year old,0,medium,2,mid-rise
sector 109,2.3,1745.0,3,3,3,1 to 5 year old,0,medium,2,high-rise
sector 112,5.75,3800.0,3,5,3+,1 to 5 year old,1,medium,2,high-rise
sector 103,1.95,2639.0,4,5,3+,1 to 5 year old,1,medium,1,mid-rise
sector 109,1.8,1871.0,3,3,3+,1 to 5 year old,0,medium,2,mid-rise
sector 99,1.95,2150.0,3,3,3+,0 to 1 year old,1,medium,1,mid-rise
sector 103,2.87,2875.0,4,6,3+,1 to 5 year old,1,high,2,high-rise
sector 99,2.55,2890.0,4,4,1,0 to 1 year old,1,medium,2,mid-rise
sector 99,1.85,1970.0,3,4,2,0 to 1 year old,1,medium,1,mid-rise
sector 108,1.9,1758.0,3,3,3+,1 to 5 year old,1,medium,2,mid-rise
sector 88a,2.24,2119.072248,3,3,3+,1 to 5 year old,0,medium,3,mid-rise
sector 88a,2.07,1791.0,3,3,3+,1 to 5 year old,0,medium,2,mid-rise
sohna,1.7,1720.0,3,3,3,1 to 5 year old,0,high,2,mid-rise
sector 84,1.55,1610.0,2,2,3+,1 to 5 year old,0,medium,1,mid-rise
sector 65,3.01,1980.9,3,3,3,1 to 5 year old,1,high,1,low-rise
sector 65,3.4,2804.5,4,4,3,1 to 5 year old,1,high,2,mid-rise
sector 65,2.98,2343.0,3,3,3,1 to 5 year old,1,high,0,mid-rise
sector 65,3.5,2054.0,3,3,3,0 to 1 year old,1,high,1,high-rise
sector 53,3.2,1245.0,2,2,2,0 to 1 year old,0,high,2,mid-rise
sector 65,12.45,4944.0,4,4,3+,1 to 5 year old,1,medium,0,mid-rise
sector 59,6.25,2595.0,3,3,3,0 to 1 year old,0,medium,2,high-rise
sector 59,5.15,2095.0,3,3,3,0 to 1 year old,1,high,1,high-rise
sector 59,8.3,3395.0,4,4,3+,0 to 1 year old,1,high,2,high-rise
sector 54,13.5,3065.0,4,4,3+,5 to 10 year old,1,high,2,high-rise
sector 104,2.45,1700.0,2,2,3,1 to 5 year old,1,high,1,high-rise
sector 56,2.25,2627.0,3,3,3,5 to 10 year old,0,medium,3,mid-rise
sector 65,2.7,1350.0,3,3,3+,5 to 10 year old,1,high,1,mid-rise
sector-33 sohna,2.54,1790.0,3,3,3+,0 to 1 year old,0,high,2,mid-rise
sector-33 sohna,2.63,1790.0,3,3,3+,0 to 1 year old,0,high,2,mid-rise
sector-33 sohna,2.52,1789.0,3,3,3,0 to 1 year old,0,high,2,mid-rise
sector 107,0.47,925.0,2,2,2,0 to 1 year old,0,medium,1,mid-rise
sector 83,1.65,1735.0,3,2,1,5 to 10 year old,0,medium,0,mid-rise
sector 102,2.62,1852.0,3,3,3,0 to 1 year old,0,medium,1,high-rise
sector 54,15.5,4645.0,4,4,3+,1 to 5 year old,1,high,3,mid-rise
sector 92,2.3,1920.0,3,3,3,1 to 5 year old,0,high,2,mid-rise
sector 104,3.5,2450.0,3,4,3+,1 to 5 year old,1,high,2,high-rise
sector 109,2.35,1745.0,3,3,3,1 to 5 year old,0,high,1,mid-rise
sector 102,1.84,1650.0,3,3,3,1 to 5 year old,1,high,1,mid-rise
sector 102,2.45,1889.0,3,4,3,1 to 5 year old,1,medium,2,high-rise
sector 102,2.4,1669.0,3,3,3+,1 to 5 year old,0,medium,2,high-rise
sector 68,1.85,1483.0,3,2,3+,0 to 1 year old,0,medium,3,high-rise
sector 69,2.65,2400.0,4,5,3+,1 to 5 year old,1,high,2,mid-rise
sector 69,1.46,1882.92,3,2,3,1 to 5 year old,0,medium,1,mid-rise
sector 69,1.48,1882.92,3,2,3,5 to 10 year old,0,high,1,mid-rise
sector 66,3.12,1872.0,3,3,3,5 to 10 year old,0,high,2,mid-rise
sector 69,2.45,1578.0,3,3,2,5 to 10 year old,0,medium,1,mid-rise
sector 69,2.64,2400.0,4,5,3,5 to 10 year old,1,high,2,mid-rise
sector 70,2.35,1950.0,3,5,3,1 to 5 year old,1,high,1,mid-rise
sector 70,4.4,4600.0,5,7,3+,5 to 10 year old,1,medium,2,mid-rise
sector 70,4.4,4600.0,5,7,3+,1 to 5 year old,0,high,2,mid-rise
sector 67,4.4,2440.0,3,3,3,5 to 10 year old,1,high,2,high-rise
sector 70,1.49,1137.0,3,2,2,5 to 10 year old,0,high,1,mid-rise
sector 69,2.63,2400.0,4,5,3+,1 to 5 year old,1,high,2,mid-rise
sector 65,3.5,2004.0,3,3,3,5 to 10 year old,1,high,2,high-rise
sector 69,2.4,1578.0,3,3,2,5 to 10 year old,0,medium,1,mid-rise
nirvana country,2.55,1550.0,2,2,2,5 to 10 year old,0,medium,2,mid-rise
nirvana country,2.55,1550.0,2,2,2,5 to 10 year old,0,high,2,mid-rise
sector 65,2.2,1261.0,2,2,3,0 to 1 year old,0,medium,1,high-rise
sector 65,4.15,2700.0,4,4,3,1 to 5 year old,1,medium,2,low-rise
sector 69,2.65,2400.0,4,5,3+,1 to 5 year old,1,medium,2,mid-rise
sector 70,4.81,3850.0,5,6,3+,1 to 5 year old,1,high,2,mid-rise
sector 70,2.84,2400.0,4,5,3+,1 to 5 year old,1,high,2,mid-rise
nirvana country,2.65,1815.0,3,3,3,5 to 10 year old,1,high,2,mid-rise
sector 65,3.6,2040.0,3,3,3,0 to 1 year old,1,medium,1,high-rise
sector 65,3.38,1828.0,3,3,2,0 to 1 year old,0,medium,1,high-rise
sector 70,4.59,4600.0,5,7,3+,1 to 5 year old,1,high,2,mid-rise
sector 69,2.82,2400.0,4,5,3+,1 to 5 year old,1,high,2,mid-rise
sector 69,2.44,1704.0,3,3,3+,0 to 1 year old,0,high,1,high-rise
sector 69,2.75,2400.0,4,5,3+,1 to 5 year old,1,medium,2,mid-rise
sector 67,4.3,2685.0,4,5,3+,5 to 10 year old,1,high,2,mid-rise
sector 65,3.4,2054.0,3,4,2,0 to 1 year old,1,medium,1,high-rise
sector 54,6.9,1975.0,3,4,3+,10+ year old,1,high,2,high-rise
sector 102,2.5,2627.0,3,3,3,1 to 5 year old,0,medium,2,high-rise
sector 63a,3.6,2150.0,3,3,2,1 to 5 year old,0,medium,4,low-rise
sector 3,1.5,1444.0,2,2,3+,0 to 1 year old,0,high,1,mid-rise
sector 85,2.3,2560.0,4,5,3+,1 to 5 year old,1,high,2,mid-rise
sector 113,1.85,1330.0,2,2,3+,1 to 5 year old,0,medium,2,high-rise
sector 113,1.85,1330.0,2,2,3+,1 to 5 year old,0,medium,2,high-rise
sector 106,1.9,2355.0,4,6,3+,5 to 10 year old,1,medium,2,high-rise
sector 110 a,1.44,990.0,2,2,2,1 to 5 year old,0,medium,0,mid-rise
sector 92,1.25,1326.0,3,3,3,5 to 10 year old,0,medium,1,mid-rise
sector 56,2.5,1850.0,3,3,3+,10+ year old,1,medium,2,mid-rise
sector 92,1.09,1186.0,2,2,2,0 to 1 year old,0,high,1,low-rise
sector 86,2.01,1930.0,3,3,3,5 to 10 year old,1,high,1,mid-rise
sector 84,1.75,1750.0,3,3,3,1 to 5 year old,0,medium,1,mid-rise
sector 95a,0.8,913.06,3,2,2,1 to 5 year old,0,medium,0,mid-rise
sector 91,2.25,2320.0,3,4,3+,5 to 10 year old,1,high,2,mid-rise
sector 59,6.3,2595.0,3,3,3,1 to 5 year old,1,high,2,high-rise
sector 102,2.25,2025.0,3,4,2,1 to 5 year old,1,high,2,mid-rise
sector 102,2.3,1692.0,3,3,3,1 to 5 year old,0,high,2,mid-rise
sector 102,3.3,3198.0,4,4,3,1 to 5 year old,1,high,0,high-rise
sector 102,1.37,915.0,2,2,2,1 to 5 year old,0,high,1,mid-rise
sector 102,1.32,915.0,2,2,2,1 to 5 year old,0,high,1,mid-rise
sector 103,1.55,1991.0,3,4,3+,1 to 5 year old,1,medium,3,mid-rise
sector 65,8.15,3515.0,3,3,3+,1 to 5 year old,1,high,4,high-rise
sector 54,8.2,3160.0,4,6,2,1 to 5 year old,1,high,4,mid-rise
sector 65,12.5,4992.0,5,5,3+,1 to 5 year old,1,high,4,high-rise
sector 59,6.7,3030.0,3,4,3+,1 to 5 year old,1,high,4,high-rise
sector 65,3.84,2054.0,3,3,3+,1 to 5 year old,1,high,4,high-rise
sector 65,2.6,1416.0,2,2,2,1 to 5 year old,1,high,2,high-rise
sector 71,0.85,768.0637999999999,2,2,1,under construction,0,low,0,mid-rise
sohna,1.3,1350.0,2,2,3,0 to 1 year old,0,medium,1,mid-rise
sector 59,6.2,3684.9,3,3,2,1 to 5 year old,1,medium,4,high-rise
sector 85,0.7,839.4329999999999,2,2,1,0 to 1 year old,0,medium,1,mid-rise
sector 82,2.43,2535.0,4,5,3+,1 to 5 year old,1,high,3,high-rise
sector 67a,2.62,1933.0,3,4,2,0 to 1 year old,1,high,4,mid-rise
sector 67a,2.05,1484.0,2,2,2,0 to 1 year old,0,high,2,mid-rise
sector 67a,1.7,1296.0,2,2,2,0 to 1 year old,0,high,2,mid-rise
sector 102,2.5,1852.0,3,3,3,1 to 5 year old,0,high,2,high-rise
sector 90,2.95,2727.0,4,4,3+,1 to 5 year old,0,high,2,mid-rise
sector 82a,3.6,2086.0,3,4,3+,1 to 5 year old,1,high,3,high-rise
sector 90,2.95,2727.0,4,4,3+,1 to 5 year old,1,high,2,mid-rise
sector 67a,2.27,1727.0,3,3,2,0 to 1 year old,0,high,3,mid-rise
sector 67a,1.65,1296.0,2,2,2,0 to 1 year old,0,high,2,mid-rise
sector 106,1.61,1665.0,3,3,3,1 to 5 year old,0,high,1,high-rise
sector 106,1.88,2355.0,4,6,3+,1 to 5 year old,1,high,2,high-rise
sector 106,1.87,2355.0,4,6,3+,1 to 5 year old,1,high,2,high-rise
sector 106,1.93,2355.0,4,6,3+,1 to 5 year old,1,high,2,high-rise
nirvana country,2.24,1418.0,2,2,3+,5 to 10 year old,0,medium,1,mid-rise
sector 70a,2.91,1830.0,3,3,3+,5 to 10 year old,1,medium,1,mid-rise
nirvana country,2.65,1629.0,3,2,3+,10+ year old,0,medium,1,mid-rise
nirvana country,2.7,1877.0,3,4,3+,10+ year old,1,medium,1,mid-rise
sector 81,1.75,1645.0,3,2,3+,1 to 5 year old,0,high,1,mid-rise
sector 37d,1.07,1380.0,2,2,3,1 to 5 year old,0,medium,1,mid-rise
sector 86,0.67,711.42,2,2,2,1 to 5 year old,0,medium,0,mid-rise
sector 82,2.1,1880.0,3,3,3,1 to 5 year old,0,high,1,mid-rise
sector 82,1.6,1420.0,2,2,2,1 to 5 year old,0,high,1,mid-rise
sector 81,2.2,1810.0,3,3,3+,5 to 10 year old,0,high,1,mid-rise
sector 79,2.0,1620.0,3,3,2,1 to 5 year old,0,high,1,high-rise
sector 86,0.7,711.42,2,2,2,1 to 5 year old,0,medium,0,mid-rise
sector 106,2.8,2634.1,3,3,2,0 to 1 year old,1,high,1,high-rise
sector 106,2.55,1741.370424,3,3,3,0 to 1 year old,1,high,1,high-rise
sector 84,0.9,1200.0,2,2,3,1 to 5 year old,0,medium,1,mid-rise
sector 95,0.56,863.2605999999998,2,2,1,1 to 5 year old,0,medium,0,mid-rise
sector 106,2.5,2262.06,3,3,2,under construction,0,medium,2,low-rise
sector 66,3.0,2062.0,3,3,3,1 to 5 year old,1,high,2,mid-rise
sector 85,3.1,3023.18,3,3,2,under construction,1,medium,1,high-rise
sector 30,7.0,3984.52,3,3,2,5 to 10 year old,0,low,2,mid-rise
sector 84,2.5,2250.0,3,4,3,1 to 5 year old,1,high,3,mid-rise
sector 49,1.66,1296.0,2,2,3,5 to 10 year old,0,medium,0,mid-rise
sector 69,5.79,3819.8,3,4,3,under construction,1,medium,1,high-rise
sector 104,1.65,1560.58,2,2,2,0 to 1 year old,0,medium,1,high-rise
sector 83,1.02,1050.0,2,2,3,1 to 5 year old,0,high,1,mid-rise
sector 112,4.9,2802.0,3,3,3+,1 to 5 year old,1,medium,0,high-rise
sector 79,1.55,1615.9599999999998,2,2,2,under construction,0,low,1,low-rise
sector 92,1.31,1498.0,2,2,2,1 to 5 year old,0,medium,1,mid-rise
sector 67a,0.78,1136.0,2,2,2,1 to 5 year old,0,medium,1,mid-rise
sector 37d,1.4,1990.0,3,3,3+,1 to 5 year old,1,medium,1,mid-rise
sector 108,4.77,2434.0,4,4,2,under construction,0,medium,2,high-rise
sector 77,1.28,1342.0,2,2,2,1 to 5 year old,0,high,1,mid-rise
sector 85,1.17,1312.0,2,2,2,1 to 5 year old,0,medium,1,mid-rise
sector 99,1.7,1865.0,3,3,3,1 to 5 year old,0,high,2,mid-rise
sector 104,1.9,2324.0,4,5,3+,1 to 5 year old,1,high,1,mid-rise
sector 109,3.25,2375.0,3,4,3+,0 to 1 year old,1,medium,1,mid-rise
sector 109,1.9,1590.0,3,3,3,1 to 5 year old,0,high,2,mid-rise
sector 85,1.2,1485.0,3,4,3,1 to 5 year old,1,medium,1,mid-rise
sector 111,4.7,1880.08,3,3,3+,under construction,1,high,2,high-rise
sector 63a,0.95,820.2771999999999,2,2,3,1 to 5 year old,0,medium,0,mid-rise
sector 82,1.58,1430.0,3,3,3+,1 to 5 year old,0,high,1,mid-rise
sector 84,1.55,2095.0,4,4,3+,1 to 5 year old,0,medium,1,mid-rise
sector 58,7.8,2864.0,4,4,3,5 to 10 year old,1,high,2,high-rise
sector 83,1.9,2811.6,3,3,2,5 to 10 year old,1,medium,1,mid-rise
sector 36a,2.7,1479.0,2,2,3+,0 to 1 year old,0,high,2,high-rise
sector 107,0.85,854.8399999999999,2,2,1,1 to 5 year old,0,medium,0,mid-rise
sector 36a,2.66,1479.0,2,2,3+,0 to 1 year old,0,high,2,high-rise
sector 54,10.5,4970.0,4,4,3+,10+ year old,1,medium,2,mid-rise
sector 65,3.5,2002.2,3,3,3,1 to 5 year old,0,medium,0,mid-rise
sector 43,3.95,2650.0,4,4,3+,1 to 5 year old,0,high,2,mid-rise
sector 84,0.9,1200.0,2,2,2,1 to 5 year old,0,medium,0,mid-rise
sector 95,0.63,916.3118,2,2,2,1 to 5 year old,0,medium,0,mid-rise
sector 95,0.56,779.8072,2,2,1,1 to 5 year old,0,medium,0,mid-rise
sector 37d,1.1,810.9904,2,2,3,0 to 1 year old,0,low,1,mid-rise
sector 63a,2.0,1050.0,2,2,2,0 to 1 year old,0,low,1,low-rise
sector 78,1.85,1730.0,3,3,2,1 to 5 year old,0,medium,1,mid-rise
sushant lok phase 3,2.4,2445.5808,3,2,2,1 to 5 year old,1,medium,2,low-rise
sohna,1.1,1210.0,3,2,3+,1 to 5 year old,0,high,2,low-rise
sector 22,2.9,1380.0,2,2,2,0 to 1 year old,0,high,0,mid-rise
sector 67a,0.715,839.2199999999999,2,2,1,1 to 5 year old,0,high,2,mid-rise
sector 67a,0.715,822.18,2,2,1,1 to 5 year old,0,high,2,mid-rise
sector 67a,0.725,839.2199999999999,2,2,1,1 to 5 year old,0,high,2,mid-rise
sector 67a,0.71,849.16,2,2,1,1 to 5 year old,0,high,2,mid-rise
sector 48,4.85,5871.7,5,6,3+,1 to 5 year old,1,medium,2,mid-rise
sector 37c,1.85,2600.0,4,6,3+,0 to 1 year old,0,high,2,high-rise
sector 57,4.56,2558.0,3,4,3+,5 to 10 year old,1,medium,2,mid-rise
sector 70,1.4,1137.0,3,2,2,5 to 10 year old,0,high,1,mid-rise
sector 82,1.55,1430.39,2,2,2,5 to 10 year old,0,high,1,mid-rise
sector 82,2.15,1880.0,3,3,3,5 to 10 year old,0,high,1,mid-rise
sector 72a,6.0,4632.0,4,5,3+,0 to 1 year old,1,medium,0,mid-rise
sector 82,1.39,1300.0,2,2,2,5 to 10 year old,0,high,1,mid-rise
sector 37c,0.6,810.0,2,2,1,1 to 5 year old,0,medium,2,mid-rise
sector 109,2.65,1955.0,3,4,3+,0 to 1 year old,1,high,2,mid-rise
sector 103,1.6,1481.0,2,2,3,5 to 10 year old,0,medium,1,mid-rise
sector 82,1.52,1430.0,3,3,3+,1 to 5 year old,0,high,1,mid-rise
sector 82,1.55,1430.0,3,3,3+,1 to 5 year old,0,high,1,mid-rise
sector 49,5.12,3569.8799999999997,3,4,3,under construction,1,medium,2,high-rise
sector 93,1.45,894.5999999999999,2,2,2,under construction,0,medium,1,low-rise
sector 28,1.78,1210.0,2,2,3+,10+ year old,0,medium,1,mid-rise
sector 90,1.65,1875.0,3,4,3,1 to 5 year old,1,medium,2,mid-rise
sector 109,1.72,1871.0,3,4,3+,1 to 5 year old,0,medium,2,mid-rise
sector 102,2.65,1942.0,3,4,3+,1 to 5 year old,1,medium,2,high-rise
sector 109,2.4,2836.0,4,4,3+,1 to 5 year old,1,high,2,mid-rise
sector 82,1.86,1790.0,3,4,2,5 to 10 year old,1,medium,1,mid-rise
sector 109,1.89,2165.0,3,3,3+,1 to 5 year old,1,high,2,mid-rise
sector 103,1.75,2107.2799999999997,3,2,3,1 to 5 year old,0,medium,1,mid-rise
sector 33,2.6,1875.0,3,3,3+,10+ year old,1,medium,1,mid-rise
sector 106,2.05,1430.0,2,2,2,1 to 5 year old,0,medium,1,high-rise
sector 85,2.65,2560.0,4,5,3+,1 to 5 year old,1,low,2,mid-rise
sector 69,2.25,1578.0,3,3,2,1 to 5 year old,0,high,1,mid-rise
sector 65,6.0,2499.0,3,3,3,1 to 5 year old,1,high,1,high-rise
sector 65,8.6,3510.0,3,4,1,1 to 5 year old,1,high,2,high-rise
sector 82a,2.7,1818.0,3,3,3+,1 to 5 year old,0,high,2,high-rise
sector 95,0.65,916.3118,2,2,2,1 to 5 year old,0,medium,1,mid-rise
sector 102,2.3,2025.0,3,4,3+,1 to 5 year old,1,high,2,mid-rise
sector 108,1.45,1282.0,2,3,3,1 to 5 year old,1,high,2,mid-rise
sector 71,0.55,520.4016,1,1,2,1 to 5 year old,0,medium,1,low-rise
sector 88a,1.9,2037.5,3,2,3+,0 to 1 year old,0,medium,1,mid-rise
sector 61,5.79,2310.979,4,4,3+,under construction,1,low,0,high-rise
sector 89,1.65,2121.48,3,3,3,0 to 1 year old,0,medium,0,low-rise
sector 102,3.2,2162.0,4,4,3+,0 to 1 year old,0,medium,2,high-rise
sector 79,3.3,2350.0,3,3,3,under construction,0,medium,2,low-rise
sector 99a,2.12,1732.4,3,5,3+,0 to 1 year old,1,medium,1,mid-rise
sector 50,1.7,1476.8,2,2,1,10+ year old,0,medium,2,mid-rise
sector 79,1.5,1138.0,2,2,2,under construction,0,low,1,low-rise
sector 65,10.5,4473.0,3,3,3,under construction,0,medium,0,high-rise
sector 92,1.08,1491.0,2,2,2,under construction,0,medium,1,low-rise
sector 43,3.9,2480.0,4,4,3+,10+ year old,0,medium,2,mid-rise
sector 53,5.95,2895.0,3,5,3+,1 to 5 year old,1,medium,2,mid-rise
sector 61,3.25,1679.0,3,3,2,under construction,0,high,1,low-rise
sector 92,1.35,1882.92,3,2,2,0 to 1 year old,0,low,1,mid-rise
sector 51,2.64,2920.0,4,4,3,5 to 10 year old,0,medium,2,mid-rise
sector 86,2.23,1929.0,3,3,3+,1 to 5 year old,0,high,2,mid-rise
sector 59,4.5,2910.0,3,4,3+,1 to 5 year old,1,high,2,mid-rise
sector 43,2.35,2556.0,3,3,3,10+ year old,0,low,2,mid-rise
sector 92,1.3,1935.0,3,4,3,0 to 1 year old,1,high,1,mid-rise
sector 65,9.8,4366.0,4,4,3+,1 to 5 year old,1,high,4,high-rise
sector 79,1.8,1525.0,3,3,2,under construction,0,low,1,low-rise
sector 103,1.9,2639.0,4,5,3+,1 to 5 year old,1,medium,1,mid-rise
sector 81,1.45,1530.0,3,3,3,5 to 10 year old,0,medium,1,mid-rise
nirvana country,3.3,2093.0,3,3,3,5 to 10 year old,0,high,2,mid-rise
sector 79,2.75,2150.0,3,4,3+,0 to 1 year old,1,high,1,mid-rise
sector 93,0.66,628.0,2,2,3,0 to 1 year old,0,medium,1,mid-rise
sector 63a,2.6,1774.0,3,3,2,0 to 1 year old,1,medium,1,low-rise
sector 37d,1.4,1448.4,2,2,3,under construction,0,medium,1,low-rise
sector 78,2.03,1854.0,3,4,2,5 to 10 year old,0,medium,1,mid-rise
sector 76,1.7,1952.0,3,4,3+,1 to 5 year old,1,medium,1,mid-rise
sector 79,1.4,1530.0,2,2,3,1 to 5 year old,0,medium,1,mid-rise
sector 65,2.4,1358.0,2,2,3,1 to 5 year old,0,medium,3,high-rise
sector 58,5.7,2427.0,3,3,2,1 to 5 year old,1,medium,2,high-rise
sohna,1.35,1380.0,2,2,2,under construction,0,medium,1,mid-rise
sector 66,2.0,1442.0,3,3,3+,1 to 5 year old,0,high,1,mid-rise
sector 107,0.5,350.0,1,1,2,1 to 5 year old,0,medium,3,low-rise
sector 66,2.25,1287.0,2,2,2,5 to 10 year old,0,high,2,mid-rise
sector 113,3.05,2217.0,3,3,3+,1 to 5 year old,1,high,2,high-rise
sector 58,5.1,2156.0,3,4,1,10+ year old,1,medium,0,high-rise
sector 86,1.65,1615.0,2,2,3+,5 to 10 year old,1,high,1,mid-rise
sector 109,2.35,1745.0,3,3,3,1 to 5 year old,0,medium,2,high-rise
palam vihar,1.5,1874.4,3,2,1,0 to 1 year old,0,medium,2,low-rise
sector 91,2.6,2320.0,3,3,3+,1 to 5 year old,0,high,2,low-rise
sector 89,1.19,1142.0,2,2,2,0 to 1 year old,0,high,1,low-rise
sector 84,1.38,1270.0,2,2,3,1 to 5 year old,0,medium,1,high-rise
sector 1a imt manesar,1.5,1950.0,3,4,2,5 to 10 year old,1,low,1,mid-rise
sector 70a,3.5,2150.0,3,3,3,1 to 5 year old,0,medium,2,high-rise
sector 104,3.9,2450.0,3,4,3+,1 to 5 year old,1,high,2,high-rise
sector 103,0.45,505.7756,1,1,2,1 to 5 year old,0,low,1,mid-rise
sector 78,2.0,1854.0,3,3,3,5 to 10 year old,1,high,1,mid-rise
sector 77,1.8,1822.0,3,3,3,1 to 5 year old,0,high,1,mid-rise
sector 90,2.5,2727.0,4,4,3+,1 to 5 year old,1,medium,2,high-rise
sector 108,1.8,1758.0,3,3,3+,1 to 5 year old,1,high,2,mid-rise
sector 90,2.38,2364.0,4,4,3+,1 to 5 year old,1,medium,1,mid-rise
sector 59,5.51,2624.0,3,4,3+,under construction,1,medium,4,high-rise
sector 104,1.85,1420.0,3,3,3,under construction,0,medium,0,high-rise
sector 86,1.95,1930.0,3,3,3+,5 to 10 year old,1,medium,2,mid-rise
sector 104,3.1,1982.0,3,3,3+,under construction,1,medium,1,high-rise
sector 106,2.75,2318.75,3,3,3,0 to 1 year old,0,medium,2,high-rise
sector 108,0.95,916.9508,3,2,2,0 to 1 year old,0,medium,1,mid-rise
sector 102,2.5,1942.0,3,4,3+,5 to 10 year old,1,medium,1,high-rise
sector 104,2.0,1550.0,2,2,2,1 to 5 year old,0,medium,2,high-rise
sector 90,1.85,1930.0,3,3,3+,1 to 5 year old,1,medium,1,mid-rise
sector 37d,1.08,1380.0,2,2,3,1 to 5 year old,0,high,2,mid-rise
sector 53,4.25,2109.0,3,5,3,1 to 5 year old,1,medium,1,mid-rise
sector 93,1.85,1966.7,3,3,3,under construction,0,low,0,low-rise
sector 79,1.4,1615.9599999999998,2,2,2,under construction,1,medium,1,low-rise
sector 51,3.5,3124.0,4,4,3+,5 to 10 year old,1,low,3,mid-rise
sector 66,3.25,2388.44,4,3,3+,10+ year old,0,medium,2,mid-rise
sector 95,1.5,1910.0,3,3,3,1 to 5 year old,0,medium,2,mid-rise
sector 103,1.55,1991.0,3,4,3+,1 to 5 year old,1,high,1,mid-rise
sector 111,4.1,2276.0,3,4,3,1 to 5 year old,1,high,2,mid-rise
sector 79,1.31,1138.0,3,2,2,under construction,1,medium,1,low-rise
sector 48,2.95,1776.0,3,3,3+,10+ year old,1,medium,1,mid-rise
sector 83,1.69,2175.0,3,2,3,5 to 10 year old,0,medium,1,mid-rise
sector 89,2.5,1575.0,2,2,2,under construction,0,medium,1,high-rise
sector 103,3.5,1660.0,2,2,2,under construction,0,high,2,high-rise
sector 70a,0.7,849.9125999999999,2,2,2,0 to 1 year old,0,medium,1,mid-rise
sector 69,2.4,2312.5,3,4,2,1 to 5 year old,0,medium,1,mid-rise
sector 49,3.05,1805.0,3,3,3,5 to 10 year old,0,high,2,mid-rise
sector 93,0.9,917.036,3,2,3,1 to 5 year old,0,medium,1,mid-rise
sector 89 a,2.55,2150.0,3,4,3,0 to 1 year old,1,medium,2,mid-rise
sector 83,1.73,1735.0,3,2,1,5 to 10 year old,0,medium,1,mid-rise
sector 110 a,2.0,1887.18,3,2,0,5 to 10 year old,0,low,0,mid-rise
sector 69,3.45,2087.0,4,4,2,5 to 10 year old,0,medium,2,mid-rise
sector 89,1.4,1698.32,2,2,3,under construction,1,medium,1,low-rise
sector 67,4.5,2527.0,3,3,3,1 to 5 year old,1,medium,2,high-rise
sector 79,1.9,2115.7999999999997,3,3,2,1 to 5 year old,0,medium,2,mid-rise
sector 104,0.75,886.0799999999999,2,2,1,1 to 5 year old,0,medium,1,mid-rise
sector 90,0.72,690.0,2,2,1,1 to 5 year old,0,medium,1,mid-rise
sector 90,0.42,418.0,1,1,1,1 to 5 year old,0,medium,0,mid-rise
sector 69,2.37,1704.0,3,3,3+,0 to 1 year old,0,high,1,high-rise
sector 90,0.78,700.0,2,1,1,1 to 5 year old,0,medium,2,mid-rise
sector 90,0.7,626.0,2,2,1,1 to 5 year old,0,medium,0,mid-rise
sector 49,3.45,1955.0,3,4,3+,1 to 5 year old,1,high,2,mid-rise
sector 109,2.6,2836.0,4,3,1,5 to 10 year old,1,high,2,mid-rise
sector 37d,4.0,3724.66,3,3,3,under construction,0,high,2,high-rise
sector 107,0.5,738.4,1,1,2,1 to 5 year old,0,medium,2,mid-rise
sector 84,3.1,3834.0,4,4,2,0 to 1 year old,0,low,0,low-rise
sector 86,1.69,1690.0,3,2,1,1 to 5 year old,0,medium,2,mid-rise
sector 89,1.85,1559.16,2,2,2,under construction,0,high,1,high-rise
sector 54,8.45,3160.0,4,6,3+,1 to 5 year old,1,high,4,mid-rise
sector 58,7.8,2864.0,4,5,3+,5 to 10 year old,1,high,0,high-rise
sector 65,2.42,1350.0,3,3,3,1 to 5 year old,0,high,1,mid-rise
sector 102,3.4,3198.0,4,5,3+,1 to 5 year old,1,high,3,high-rise
sector 102,1.35,915.0,2,2,2,0 to 1 year old,0,medium,2,high-rise
block s sector 49,4.25,2383.0,4,5,3+,10+ year old,1,high,1,mid-rise
sector 71,0.53,461.6562,1,1,2,1 to 5 year old,0,low,1,low-rise
sector 71,0.84,639.0,2,2,1,1 to 5 year old,0,low,1,mid-rise
sector 71,0.83,600.0,2,2,1,1 to 5 year old,0,low,1,mid-rise
sector 79,2.2,2179.7,3,3,2,under construction,0,medium,1,low-rise
sector 66,6.5,3300.0,3,5,2,1 to 5 year old,1,medium,2,mid-rise
sector 67a,2.35,1727.0,3,3,2,1 to 5 year old,0,medium,2,mid-rise
sector 58,5.0,2427.0,3,4,2,1 to 5 year old,1,medium,0,high-rise
sector-33 sohna,1.8,1789.0,3,3,3+,1 to 5 year old,0,high,1,mid-rise
sohna,1.85,1777.0,3,3,3+,5 to 10 year old,0,medium,1,mid-rise
sector 81,1.24,1136.0,2,2,3,0 to 1 year old,0,medium,1,low-rise
sector 83,2.53,1900.0,3,4,3,5 to 10 year old,1,medium,1,mid-rise
sector 84,1.45,1825.0,3,3,3+,1 to 5 year old,0,medium,1,mid-rise
sector 66,2.3,1287.0,2,2,2,5 to 10 year old,0,medium,1,mid-rise
sector 79,1.48,1138.0,3,2,2,under construction,0,medium,1,low-rise
sector 66,3.75,1950.0,3,3,2,5 to 10 year old,1,medium,2,mid-rise
sector 79,1.29,1300.0,2,2,2,under construction,1,medium,1,low-rise
sector 1a imt manesar,1.39,1845.0,3,4,2,1 to 5 year old,1,medium,1,mid-rise
sector 79,1.25,1300.0,2,2,2,under construction,1,high,1,low-rise
sector 62,3.45,1996.0,3,3,2,1 to 5 year old,0,medium,2,high-rise
sector 109,2.7,1955.0,3,3,3,1 to 5 year old,0,medium,1,mid-rise
sector 84,2.1,2595.0,4,4,3+,1 to 5 year old,1,medium,1,mid-rise
sector 83,1.72,1735.0,3,2,2,5 to 10 year old,0,medium,1,mid-rise
sector 63a,2.65,2519.08,3,3,2,0 to 1 year old,0,low,2,low-rise
sector 102,3.85,2554.0,4,5,3+,1 to 5 year old,1,high,2,high-rise
dlf phase 1,2.1,1803.4,2,2,2,1 to 5 year old,1,medium,1,mid-rise
sector 43,2.15,1335.0,3,3,3+,10+ year old,0,medium,1,mid-rise
sector 77,1.65,1450.0,3,4,3,1 to 5 year old,1,high,1,mid-rise
sector 85,1.7,1675.0,3,3,3,5 to 10 year old,0,medium,2,mid-rise
sohna,0.8,742.66,2,2,2,under construction,0,low,1,low-rise
sector 92,1.5,1689.8,3,2,3,under construction,0,medium,1,low-rise
sector 82,3.4,3128.0,3,4,3+,1 to 5 year old,1,medium,2,mid-rise
sector 37d,1.55,1675.0,3,3,3+,1 to 5 year old,0,medium,1,mid-rise
sector 65,17.0,4550.0,4,5,3,under construction,1,medium,3,high-rise
sector 79,2.3,2179.7,3,3,2,under construction,0,low,1,low-rise
nirvana country,3.0,2665.3399999999997,4,4,3,10+ year old,1,medium,0,mid-rise
sector 49,3.2,2957.8599999999997,3,3,3+,5 to 10 year old,1,medium,1,mid-rise
sector 69,2.25,1578.0,3,3,2,1 to 5 year old,0,high,1,mid-rise
gwal pahari,1.65,1713.75,2,2,3,1 to 5 year old,0,medium,2,mid-rise
sector 83,1.05,1050.0,2,2,3,5 to 10 year old,0,high,1,mid-rise
sector 48,4.0,2641.2,3,3,3+,10+ year old,1,medium,1,mid-rise
sector 95a,0.62,768.2199999999999,2,2,2,1 to 5 year old,0,low,0,mid-rise
sector 79,2.05,2210.94,3,3,2,under construction,0,low,1,low-rise
sohna,0.7,914.48,2,2,3,1 to 5 year old,0,medium,0,mid-rise
sector 49,2.4,1773.0,3,3,3+,5 to 10 year old,0,medium,1,mid-rise
sector 102,6.5,7100.0,5,6,0,1 to 5 year old,1,medium,2,mid-rise
sector 59,5.0,2095.0,3,3,3+,0 to 1 year old,1,high,3,high-rise
sector 37d,2.2,1811.0,3,3,3,1 to 5 year old,0,medium,1,mid-rise
sector 102,1.7,1215.0,2,2,2,0 to 1 year old,0,medium,1,high-rise
sector 102,2.9,2160.0,4,4,3+,0 to 1 year old,0,high,1,high-rise
sector 99,1.6,1770.0,3,3,3+,0 to 1 year old,0,medium,2,mid-rise
sector 104,3.72,3150.0,4,4,3+,1 to 5 year old,1,high,3,high-rise
sector 113,3.1,2215.0,3,3,3,1 to 5 year old,0,medium,3,high-rise
sector 109,3.45,2925.0,4,5,2,0 to 1 year old,1,high,3,mid-rise
sector 113,3.0,2225.0,3,3,3,1 to 5 year old,0,high,2,high-rise
sector 109,2.25,1590.0,3,3,3,1 to 5 year old,0,medium,2,mid-rise
sector 109,2.4,2430.0,3,4,3,1 to 5 year old,1,medium,2,mid-rise
sector 109,4.0,2925.0,4,5,3+,0 to 1 year old,1,medium,2,mid-rise
sector 109,2.0,1750.0,3,3,3+,1 to 5 year old,0,high,2,high-rise
sector 106,1.65,1900.0,3,4,3+,1 to 5 year old,1,medium,2,high-rise
sector 106,1.45,1385.0,2,2,3+,0 to 1 year old,0,high,2,mid-rise
sector 108,1.38,1283.0,2,2,2,1 to 5 year old,1,medium,2,mid-rise
sector 112,3.5,2560.0,3,4,3+,1 to 5 year old,1,medium,1,high-rise
sector 67,6.29,3300.0,4,4,3+,1 to 5 year old,1,medium,2,mid-rise
sector 54,12.0,3065.0,4,4,3+,5 to 10 year old,1,high,2,high-rise
sector 65,2.0,1040.0,2,2,2,1 to 5 year old,0,medium,1,mid-rise
sector 84,2.18,2067.0,3,3,3,1 to 5 year old,1,medium,1,high-rise
sector 61,3.0,1795.0,3,3,3,1 to 5 year old,0,high,2,high-rise
sector 67,3.85,2350.0,4,4,3+,5 to 10 year old,1,high,2,mid-rise
sector 102,2.12,1689.0,3,3,3,1 to 5 year old,0,medium,2,high-rise
sector 65,2.6,1516.0,2,2,3,0 to 1 year old,0,medium,1,high-rise
sector 65,2.25,1261.0,2,2,3,0 to 1 year old,0,medium,1,high-rise
sector 37d,1.1,1285.0,3,3,2,1 to 5 year old,0,medium,1,mid-rise
sector 88a,2.3,1910.0,3,3,3+,1 to 5 year old,0,high,1,high-rise
sector 48,2.8,1776.0,3,3,3+,5 to 10 year old,1,medium,1,mid-rise
sector 37c,1.55,1820.0,3,3,3,1 to 5 year old,0,medium,1,mid-rise
sector 109,2.15,1750.0,3,3,3+,1 to 5 year old,0,high,2,high-rise
sector 108,4.0,2072.0,3,3,3,0 to 1 year old,0,high,1,mid-rise
sector 104,2.38,1700.0,2,3,3,1 to 5 year old,1,medium,2,high-rise
sector 102,3.25,2579.0,3,3,3+,1 to 5 year old,1,medium,1,high-rise
sector 37c,1.25,1578.0,2,3,3+,1 to 5 year old,0,medium,2,high-rise
sector 83,1.5,1420.0,2,2,2,1 to 5 year old,0,high,1,mid-rise
sector 68,1.6,1270.0,2,2,3,1 to 5 year old,0,high,1,mid-rise
sector 90,2.35,2364.0,4,4,3+,5 to 10 year old,1,high,2,mid-rise
sector 56,2.35,2272.0,3,3,2,10+ year old,1,medium,2,mid-rise
sector 110 a,1.99,1407.0,3,3,2,1 to 5 year old,0,high,1,mid-rise
sector 70a,0.705,994.0,2,2,1,1 to 5 year old,1,low,1,mid-rise
sector 83,1.41,1245.0,2,2,2,5 to 10 year old,0,medium,1,mid-rise
heritage city,3.71,1860.0,3,3,3,10+ year old,1,high,1,mid-rise
sector 71,1.8,1485.0,3,3,2,5 to 10 year old,0,medium,2,mid-rise
sector 37c,1.56,1875.0,3,3,3,1 to 5 year old,0,medium,2,high-rise
sector 56,2.4,1870.0,3,3,3+,5 to 10 year old,0,high,2,mid-rise
sector 56,2.5,2991.94,3,3,2,5 to 10 year old,1,medium,1,mid-rise
sector 63a,2.6,1800.0,3,3,2,0 to 1 year old,1,low,1,low-rise
sector 79,2.65,2150.0,3,4,3+,0 to 1 year old,1,high,1,mid-rise
sector 37c,1.79,1820.0,2,2,3,0 to 1 year old,0,medium,1,mid-rise
sector 37c,1.55,1820.0,3,3,3,1 to 5 year old,0,medium,2,mid-rise
sector 90,1.9,1930.0,3,3,3+,1 to 5 year old,1,high,1,mid-rise
sector 107,1.85,2361.0,3,4,3+,1 to 5 year old,1,high,1,mid-rise
sector 84,1.45,1825.0,3,3,3,1 to 5 year old,0,medium,1,mid-rise
sohna,1.45,1730.0,3,2,3+,1 to 5 year old,1,high,2,mid-rise
sohna,1.18,1457.0,2,2,3+,1 to 5 year old,0,high,2,mid-rise
sohna,0.6,713.68,3,2,1,1 to 5 year old,0,medium,1,mid-rise
sector 93,1.2,1386.0,2,2,3+,5 to 10 year old,0,medium,1,mid-rise
sector 102,2.6,2742.02,3,3,3,1 to 5 year old,1,medium,1,high-rise
sector 92,1.18,1010.0,2,2,3,under construction,0,high,2,low-rise
sector 92,1.65,2226.0,4,4,3+,1 to 5 year old,1,medium,1,mid-rise
gwal pahari,1.45,1130.0,2,2,2,1 to 5 year old,1,high,1,low-rise
sector 55,2.75,2982.0,3,3,3+,5 to 10 year old,1,medium,2,mid-rise
sector 103,1.8,1790.0,3,3,3+,1 to 5 year old,0,high,2,mid-rise
sector 93,0.65,628.0,2,2,3,0 to 1 year old,0,medium,1,mid-rise
sector 79,1.81,1510.0,3,3,3,1 to 5 year old,0,high,1,high-rise
sector 82,2.8,2425.0,4,4,3+,1 to 5 year old,1,medium,1,mid-rise
sector 70a,0.72,980.0,2,2,1,1 to 5 year old,0,medium,2,mid-rise
sector 66,2.15,1457.0,2,2,2,5 to 10 year old,1,high,2,mid-rise
sector 109,2.4,2150.0,3,4,3+,1 to 5 year old,1,high,2,high-rise
sector 81,0.43,422.0,1,1,0,1 to 5 year old,0,high,1,mid-rise
sohna,0.68,852.7384,2,2,3,1 to 5 year old,0,medium,1,mid-rise
sector 92,1.65,1883.0,4,4,3,5 to 10 year old,0,medium,1,mid-rise
sector 47,7.25,3125.0,4,6,3+,1 to 5 year old,1,medium,2,mid-rise
sector 47,3.04,2027.0,3,4,3+,5 to 10 year old,1,medium,2,mid-rise
sector 90,1.95,1752.0,3,3,3,5 to 10 year old,0,high,1,high-rise
sector 85,1.7,1640.0,2,2,3,1 to 5 year old,0,high,2,high-rise
sector 102,3.5,3198.0,4,4,3+,1 to 5 year old,1,high,3,high-rise
sector 56,2.1,1710.0,3,2,3,10+ year old,0,medium,2,mid-rise
sector 74,3.5,2100.0,3,3,3+,1 to 5 year old,0,medium,2,high-rise
sector 37d,1.61,1800.0,3,3,3+,1 to 5 year old,0,medium,2,mid-rise
sector 37d,1.3,2005.0,3,3,3,1 to 5 year old,0,high,0,mid-rise
sector 92,1.2,1250.0,3,2,2,0 to 1 year old,0,medium,1,mid-rise
sector 89,1.22,1103.0,2,2,2,0 to 1 year old,0,high,1,low-rise
sector 37d,1.25,2277.68,3,3,3+,1 to 5 year old,0,medium,1,mid-rise
sector 76,0.8420000000000001,901.4728,2,2,2,1 to 5 year old,0,medium,2,mid-rise
sector 81,1.2,1780.0,3,4,3,5 to 10 year old,1,medium,1,mid-rise
sector 48,2.2,1665.0,3,3,3,5 to 10 year old,0,low,1,mid-rise
sector 109,1.15,1302.0,3,2,2,1 to 5 year old,0,medium,1,mid-rise
sector 67,0.78,800.0,2,2,1,1 to 5 year old,0,medium,2,mid-rise
sector 108,1.15,1505.0,2,2,2,1 to 5 year old,0,high,1,mid-rise
sector 93,0.66,857.2113999999999,2,2,3,0 to 1 year old,0,medium,2,mid-rise
sector 102,2.85,1898.0,3,3,3,5 to 10 year old,1,medium,2,mid-rise
sector 90,0.7,626.0,2,2,1,1 to 5 year old,0,low,1,mid-rise
sector 77,1.4,1342.0,2,2,2,1 to 5 year old,0,high,1,mid-rise
sector 102,1.35,915.0,2,2,2,0 to 1 year old,0,high,1,high-rise
sector 48,2.45,1945.0,3,3,3,5 to 10 year old,0,medium,1,mid-rise
sector 22,2.7,1380.0,2,2,3,1 to 5 year old,0,high,2,mid-rise
sector 112,4.0,2441.0,2,2,3,1 to 5 year old,1,high,3,high-rise
sector 52,3.0,2470.0,4,4,3,5 to 10 year old,0,high,2,mid-rise
sector 102,2.5,1852.0,3,3,3,0 to 1 year old,0,medium,2,high-rise
sector 107,1.2,1366.0,2,2,3+,1 to 5 year old,0,high,1,mid-rise
sector 106,2.78,1855.0,3,3,3+,0 to 1 year old,0,medium,2,high-rise
sector 76,0.87,826.60472,2,2,1,1 to 5 year old,0,medium,1,mid-rise
sector 76,0.865,889.24944,2,2,2,1 to 5 year old,0,medium,1,mid-rise
sector 90,0.72,690.0,2,1,1,1 to 5 year old,0,low,0,mid-rise
sector 104,1.98,1550.0,2,2,2,1 to 5 year old,0,high,2,high-rise
sector 99a,2.4,1997.0,3,5,3,1 to 5 year old,1,medium,2,mid-rise
sector 67a,0.825,1136.0,2,2,2,1 to 5 year old,0,medium,1,mid-rise
sector 43,3.8,2650.0,4,4,3+,1 to 5 year old,0,high,2,mid-rise
sector 90,2.1,1750.0,3,3,3,5 to 10 year old,0,high,1,high-rise
sector 104,2.5,2290.0,3,4,3+,1 to 5 year old,1,high,2,high-rise
sector 66,2.05,1442.0,3,3,3+,1 to 5 year old,0,high,1,mid-rise
sector 86,0.7,711.42,2,2,2,1 to 5 year old,0,medium,0,mid-rise
sector 102,1.35,903.0,2,2,1,0 to 1 year old,0,high,2,high-rise
dlf phase 1,2.25,1661.4,2,2,2,5 to 10 year old,1,low,1,mid-rise
sector 79,3.6,2675.0,4,5,3,1 to 5 year old,1,high,2,mid-rise
sector 79,2.65,2150.0,3,4,3,1 to 5 year old,1,high,2,mid-rise
dlf phase 5,13.0,3979.0,4,5,3,10+ year old,1,high,3,mid-rise
sector 76,0.9,826.9086,2,2,1,1 to 5 year old,0,medium,1,mid-rise
sector 76,0.92,882.3738,2,2,2,1 to 5 year old,0,medium,1,mid-rise
sector 70a,1.9,1420.0,2,2,3,1 to 5 year old,0,medium,1,mid-rise
sector 91,1.4,1404.0,2,2,3+,5 to 10 year old,0,medium,2,mid-rise
sector 76,0.91,882.3738,2,2,2,1 to 5 year old,0,medium,1,mid-rise
sector 76,0.89,889.24944,2,2,2,1 to 5 year old,0,medium,1,mid-rise
sector 62,6.0,2500.0,3,3,2,1 to 5 year old,1,low,1,high-rise
sector 67a,3.5,2522.0,3,3,2,1 to 5 year old,1,high,3,mid-rise
sector 108,2.99,2779.0,4,5,3+,1 to 5 year old,1,medium,2,mid-rise
sector 65,3.25,1828.0,3,3,3+,0 to 1 year old,0,high,1,high-rise
sector 67,3.15,1935.0,3,4,3+,10+ year old,1,medium,2,mid-rise
sector 109,8.5,4100.0,4,4,3+,1 to 5 year old,1,high,0,low-rise
sector 102,1.85,1988.0,3,3,3,5 to 10 year old,1,medium,1,mid-rise
sector 106,1.35,1385.0,2,2,3+,1 to 5 year old,0,high,1,high-rise
sector 89,1.89,1778.75,3,3,2,under construction,0,medium,1,low-rise
sector 111,0.82,1008.2,2,2,2,1 to 5 year old,0,low,1,mid-rise
sector 91,3.5,3872.34,4,4,3+,5 to 10 year old,1,medium,2,mid-rise
sector 92,0.8,1874.4,2,2,3+,1 to 5 year old,0,low,1,mid-rise
sohna,0.54,623.0,2,2,2,1 to 5 year old,0,medium,1,mid-rise
sector 89,0.64,825.02,2,2,3,0 to 1 year old,0,medium,1,mid-rise
sector 37d,0.75,598.87,2,2,3+,1 to 5 year old,0,low,1,mid-rise
sector 83,1.6,1450.0,3,2,2,under construction,0,medium,2,high-rise
sector 72,6.1,3300.0,4,4,3,1 to 5 year old,1,high,2,high-rise
sector 79,1.48,1351.0,2,2,3+,1 to 5 year old,0,medium,1,mid-rise
dlf phase 4,3.75,1701.0,4,4,2,5 to 10 year old,0,high,2,mid-rise
sector 106,4.1,2352.080048,4,5,3+,0 to 1 year old,1,medium,2,high-rise
sector-33 sohna,1.65,1383.0,2,2,3+,under construction,0,low,1,high-rise
sector 107,0.62,786.467,2,2,2,1 to 5 year old,0,medium,1,mid-rise
sector 79,0.75,905.96,3,2,3+,0 to 1 year old,0,medium,0,high-rise
sector 84,0.42,497.0,1,1,1,1 to 5 year old,0,medium,1,mid-rise
sector 76,4.4,2556.0,3,4,3,under construction,0,medium,1,high-rise
sector 66,3.75,1872.0,3,3,3,5 to 10 year old,0,medium,1,high-rise
iffco chowk,0.3295,1150.0,2,2,3,0 to 1 year old,0,high,1,mid-rise
sector 79,2.8,2090.0,3,3,3,under construction,1,medium,2,high-rise
sohna,1.62,1527.0,3,3,2,0 to 1 year old,0,medium,1,mid-rise
sector 81,1.1,1250.0,2,2,2,5 to 10 year old,0,medium,1,mid-rise
sector 47,3.0,1650.0,3,3,3+,5 to 10 year old,0,medium,1,low-rise
sector 92,0.75,1261.0,3,2,2,under construction,0,low,1,mid-rise
sector 83,1.7,1400.0,3,2,2,under construction,0,low,1,high-rise
sector 77,2.02,1822.0,3,3,3,1 to 5 year old,0,medium,1,mid-rise
sector 85,1.6,1675.0,3,3,3,1 to 5 year old,1,medium,2,mid-rise
sohna,0.75,865.8734,2,2,3+,1 to 5 year old,0,low,1,mid-rise
sector 47,2.89,2650.0,3,5,3+,10+ year old,1,medium,3,mid-rise
sector 69,2.5,2240.76,3,3,2,5 to 10 year old,0,medium,1,mid-rise
sector 54,19.5,3529.0,4,6,3,1 to 5 year old,1,medium,3,high-rise
sector 63a,2.3,2343.0,3,3,2,under construction,1,medium,2,low-rise
sector 56,3.35,3195.0,4,4,3+,10+ year old,1,medium,2,mid-rise
sector 88a,1.99,1791.0,3,3,3,1 to 5 year old,0,medium,2,mid-rise
sector 93,1.75,1750.0,3,3,2,under construction,1,low,0,low-rise
sector-33 sohna,2.35,2300.4,2,2,3,1 to 5 year old,1,medium,1,low-rise
sector 70,2.55,1917.0,3,4,2,10+ year old,1,medium,2,mid-rise
sector 56,2.6,2343.0,4,3,3+,10+ year old,0,medium,1,mid-rise
sector 79,2.75,1902.0,3,3,3+,under construction,0,medium,2,high-rise
sector 65,2.65,1261.0,2,2,3,0 to 1 year old,0,high,1,high-rise
sector 104,2.65,2290.0,3,3,3+,1 to 5 year old,1,medium,2,high-rise
sector 68,1.59,1723.88,2,2,3,1 to 5 year old,0,medium,1,high-rise
sector 102,2.45,1669.0,3,3,3,1 to 5 year old,0,medium,1,high-rise
sector 83,2.1,1980.0,3,4,2,5 to 10 year old,1,medium,1,mid-rise
sector 83,1.9,1735.0,3,3,2,5 to 10 year old,0,medium,1,mid-rise
sector 84,3.4,3434.0,4,4,3+,1 to 5 year old,1,medium,2,mid-rise
sector 37d,1.52,1770.0,3,3,3+,1 to 5 year old,0,medium,1,mid-rise
sector 84,1.4,1270.0,2,2,2,5 to 10 year old,0,medium,1,high-rise
dlf phase 5,12.75,3979.0,4,4,3,10+ year old,0,medium,2,mid-rise
sector 37d,0.67,680.0,2,2,3,0 to 1 year old,0,medium,2,mid-rise
sector 99,3.3,2780.0,3,3,3,1 to 5 year old,0,high,2,mid-rise
sector 88b,1.85,1550.0,3,3,3,1 to 5 year old,0,medium,2,low-rise
sector 53,6.25,2895.0,3,4,3+,5 to 10 year old,1,medium,1,mid-rise
sector 92,1.66,2040.0,4,4,3,1 to 5 year old,1,medium,1,mid-rise
sector 36 sohna,0.975,1081.0,3,2,3+,1 to 5 year old,1,high,2,low-rise
sohna,1.45,1465.0,3,2,3+,1 to 5 year old,1,high,2,mid-rise
sector 81,4.9,2825.0,4,5,3,1 to 5 year old,1,high,2,high-rise
nirvana country,2.12,1600.0,2,2,2,5 to 10 year old,0,low,0,low-rise
sector 103,2.85,2875.0,4,6,3+,5 to 10 year old,1,medium,1,mid-rise
sector 65,2.35,1261.0,2,2,3,1 to 5 year old,0,medium,1,high-rise
sector 99,2.04,2150.0,3,4,1,1 to 5 year old,1,medium,2,mid-rise
sector 99a,1.95,1997.0,3,5,3,1 to 5 year old,1,medium,1,mid-rise
sector 85,1.9,1640.0,2,2,3,1 to 5 year old,0,high,1,high-rise
sector 59,9.95,2852.8509999999997,4,6,3,5 to 10 year old,1,high,2,high-rise
sector 102,1.87,1650.0,3,4,3,1 to 5 year old,1,medium,1,mid-rise
sector 81,3.6,2660.0,3,4,3+,1 to 5 year old,1,medium,2,mid-rise
sector 79,3.45,2675.0,4,5,2,0 to 1 year old,1,medium,2,mid-rise
sector 108,4.2,2072.0,3,3,3,0 to 1 year old,0,high,2,high-rise
sector 65,3.2,1828.0,3,2,3,0 to 1 year old,1,high,0,high-rise
sector 72,5.3,2905.0,4,5,3+,1 to 5 year old,1,medium,3,high-rise
sector 65,12.0,4992.0,4,4,3+,1 to 5 year old,1,high,5,high-rise
sector 65,6.2,3150.0,3,3,3,1 to 5 year old,1,medium,3,high-rise
sector 83,1.99,2520.5,3,3,2,5 to 10 year old,0,medium,2,low-rise
sector 49,3.98,2490.0,3,4,3,1 to 5 year old,1,high,2,mid-rise
sector 65,8.6,3510.0,4,4,3+,1 to 5 year old,1,high,4,high-rise
sector 37d,1.46,1675.0,3,3,3+,0 to 1 year old,0,high,2,mid-rise
sector 109,2.8,2095.0,3,4,3,1 to 5 year old,1,high,2,mid-rise
sector 102,3.15,2579.0,3,4,3,5 to 10 year old,1,medium,2,high-rise
sector 102,2.55,2025.0,3,3,3,1 to 5 year old,0,medium,3,mid-rise
sector 102,2.45,1692.0,3,3,3,1 to 5 year old,0,medium,3,high-rise
sector 63a,4.05,2450.0,3,3,3,0 to 1 year old,0,high,2,low-rise
sector 67,0.74,738.4,2,2,1,1 to 5 year old,0,medium,2,mid-rise
sector 77,1.8,1450.0,3,3,3,1 to 5 year old,1,medium,2,mid-rise
sector 113,1.88,1420.0,2,2,3,1 to 5 year old,0,medium,2,mid-rise
sector 107,1.8,1943.0,3,3,3+,1 to 5 year old,0,high,1,mid-rise
sector 107,1.75,1943.0,3,3,3+,1 to 5 year old,0,high,1,mid-rise
sector 60,2.9,1524.0,2,3,2,5 to 10 year old,1,medium,1,high-rise
sector 67a,2.6,1919.0,3,3,2,5 to 10 year old,0,medium,2,mid-rise
sector 108,3.35,1711.0,3,3,3,1 to 5 year old,0,high,2,high-rise
sector 89 a,1.72,1605.0,2,2,3,0 to 1 year old,1,medium,1,mid-rise
sector 111,4.95,2950.0,4,4,3,1 to 5 year old,1,medium,4,mid-rise
sector 99,2.25,2425.0,4,4,3+,0 to 1 year old,1,medium,2,mid-rise
sector 89,1.56,1423.0,3,3,2,0 to 1 year old,1,high,1,low-rise
sector 83,2.0,1775.0,3,3,2,5 to 10 year old,0,medium,2,mid-rise
sector 107,2.0,2361.0,3,4,3+,1 to 5 year old,1,high,1,mid-rise
sector 53,9.66,2950.0,3,4,3+,1 to 5 year old,0,medium,2,high-rise
sector-33 sohna,2.5,1789.0,3,3,3+,1 to 5 year old,0,medium,1,mid-rise
sector-33 sohna,1.76,2210.94,3,2,3,under construction,0,medium,2,mid-rise
sector 67a,2.6,1933.0,3,3,2,0 to 1 year old,1,high,4,mid-rise
sector 59,4.75,2095.0,3,3,2,0 to 1 year old,1,high,2,high-rise
sector 59,5.1,2295.0,3,3,3,0 to 1 year old,1,high,2,high-rise
sector 59,8.3,3300.0,4,4,3+,0 to 1 year old,1,high,2,high-rise
sector 61,2.85,1795.0,3,4,3,5 to 10 year old,1,high,2,high-rise
sector 107,2.15,2361.0,3,4,3+,1 to 5 year old,1,medium,2,mid-rise
sector 109,2.0,1750.0,3,3,3+,1 to 5 year old,0,medium,1,high-rise
sector 109,2.4,2150.0,3,4,3+,1 to 5 year old,1,medium,1,high-rise
sector 81,1.5,1360.0,2,2,3,1 to 5 year old,0,medium,1,mid-rise
sector 63a,3.25,3093.75,3,3,2,0 to 1 year old,0,medium,2,low-rise
sector 103,2.75,2875.0,4,6,3+,1 to 5 year old,1,high,3,mid-rise
sector 107,1.7,1943.0,3,3,3,1 to 5 year old,0,medium,2,mid-rise
sector 102,2.6,1889.0,3,3,3,1 to 5 year old,1,high,2,mid-rise
sector 102,2.98,2180.0,4,5,3+,1 to 5 year old,0,high,2,high-rise
sector 102,1.89,2343.0,3,3,3,5 to 10 year old,1,medium,1,mid-rise
sector 107,1.36,1366.0,2,2,3+,5 to 10 year old,0,medium,1,mid-rise
sector 70,2.88,2400.0,4,5,3+,5 to 10 year old,1,medium,1,mid-rise
sector 102,6.0,4548.0,4,5,3,1 to 5 year old,1,high,3,mid-rise
sector 102,2.3,1689.0,3,3,3,1 to 5 year old,0,medium,2,mid-rise
sector 70a,0.675,836.0,2,2,2,1 to 5 year old,0,medium,1,mid-rise
sector 109,2.15,1745.0,3,3,3,0 to 1 year old,1,high,2,mid-rise
sector 99,4.01,3375.0,4,4,3,0 to 1 year old,1,high,2,mid-rise
sector 99,5.4,4500.0,4,4,3,0 to 1 year old,1,high,2,mid-rise
sector 99,3.29,2750.0,3,3,3,0 to 1 year old,1,high,2,mid-rise
sector 89 a,1.79,1960.0,3,3,3,0 to 1 year old,1,high,2,mid-rise
sector 89 a,1.59,1605.0,2,3,2,0 to 1 year old,1,medium,2,mid-rise
sector 89 a,1.9,1960.0,3,3,3,0 to 1 year old,0,high,2,mid-rise
sector 89 a,1.7,1605.0,2,3,3,0 to 1 year old,1,high,1,mid-rise
sector 82,1.6,1430.0,2,2,2,1 to 5 year old,0,high,1,mid-rise
sector 82,1.58,1430.0,2,2,2,1 to 5 year old,0,high,1,mid-rise
sector 79,1.76,1490.0,3,3,3,1 to 5 year old,0,high,1,high-rise
sector 79,2.0,1620.0,3,3,2,1 to 5 year old,0,high,2,high-rise
sector 107,1.25,1366.0,2,2,3+,1 to 5 year old,0,medium,1,mid-rise
sector 81,1.77,1660.0,3,2,3+,1 to 5 year old,0,high,1,mid-rise
sector 92,1.25,1600.0,3,3,3,1 to 5 year old,0,medium,1,mid-rise
sector 60,3.91,2045.0,3,4,3,5 to 10 year old,1,high,2,mid-rise
sector 65,3.4,1828.0,3,3,3,0 to 1 year old,0,high,1,high-rise
sector 72,4.92,2550.0,3,3,3+,0 to 1 year old,1,high,2,high-rise
sector 60,5.81,2800.0,4,5,3,5 to 10 year old,1,high,2,high-rise
sector 72,5.8,3300.0,4,5,3,1 to 5 year old,1,medium,2,mid-rise
sector-33 sohna,2.75,1789.0,3,3,3+,1 to 5 year old,0,high,1,mid-rise
sector 63a,4.0,2400.0,3,3,3,0 to 1 year old,1,medium,3,low-rise
sector 102,4.8,4548.0,4,5,3+,0 to 1 year old,1,high,2,high-rise
sector 113,2.25,1580.0,2,2,2,1 to 5 year old,0,medium,3,mid-rise
sector 66,4.05,3805.0,3,4,3,5 to 10 year old,1,medium,2,mid-rise
sector 68,1.6,1270.0,2,2,3+,0 to 1 year old,0,high,2,high-rise
sector 70a,0.71,980.0,2,2,1,1 to 5 year old,0,high,2,mid-rise
sector 92,1.65,2093.0,4,3,3,0 to 1 year old,0,low,1,mid-rise
sector 67a,2.65,1920.0,3,3,3+,1 to 5 year old,1,high,2,mid-rise
sector 67a,1.96,1484.0,2,2,3,1 to 5 year old,0,high,2,mid-rise
sector 67a,2.07,1540.0,2,2,3,1 to 5 year old,0,high,1,mid-rise
sector 67a,2.8,1967.0,3,3,3+,1 to 5 year old,1,high,2,mid-rise
sector 102,1.95,1650.0,3,3,3,1 to 5 year old,1,medium,2,mid-rise
sector 95,0.56,779.8072,2,2,1,1 to 5 year old,0,medium,0,mid-rise
sector 95,0.635,916.3118,2,2,2,1 to 5 year old,0,medium,0,mid-rise
sector 95,0.64,916.3118,2,2,2,1 to 5 year old,0,medium,0,mid-rise
sector 99,3.4,2750.0,3,4,3+,0 to 1 year old,1,high,2,mid-rise
sector 67a,0.8,839.2199999999999,2,2,1,1 to 5 year old,0,low,1,mid-rise
sector 72,7.15,3355.0,4,4,3+,0 to 1 year old,1,high,2,high-rise
sector 54,10.25,2721.0,4,4,3,5 to 10 year old,1,high,2,high-rise
sector 68,1.48,1260.0,2,2,2,1 to 5 year old,0,medium,2,high-rise
sector 60,4.05,2045.0,3,4,3+,5 to 10 year old,1,medium,2,high-rise
sector 66,3.15,1872.0,3,3,3,1 to 5 year old,1,high,2,mid-rise
sector 72,4.8,2550.0,3,3,3,1 to 5 year old,1,high,2,high-rise
sector 72,5.0,2550.0,3,3,3+,0 to 1 year old,1,high,2,high-rise
sector 72,4.95,2550.0,3,3,3+,0 to 1 year old,1,high,2,high-rise
sector 65,3.75,2054.0,3,3,3,0 to 1 year old,1,high,1,high-rise
sector 89 a,2.47,2150.0,3,4,3+,0 to 1 year old,1,medium,0,mid-rise
sector 106,0.98,1000.0,2,2,2,1 to 5 year old,0,high,2,mid-rise
sector 108,3.3,1711.0,3,3,3,0 to 1 year old,0,high,2,high-rise
sector 104,2.65,2290.0,3,3,3,1 to 5 year old,1,high,2,high-rise
sector 99,3.0,3000.0,4,4,3,0 to 1 year old,1,high,2,mid-rise
sector 99,0.8,795.0,1,1,1,0 to 1 year old,0,high,2,mid-rise
sector 99,2.1,2150.0,3,4,1,5 to 10 year old,1,high,2,mid-rise
sector 81,3.8,2100.0,3,4,3+,1 to 5 year old,1,medium,2,high-rise
sector 84,1.66,1534.0,2,2,3,5 to 10 year old,0,medium,1,high-rise
sector 67,6.5,3297.0,4,4,3+,1 to 5 year old,1,medium,2,mid-rise
sector 59,8.7,4243.75,4,5,3+,0 to 1 year old,1,medium,2,high-rise
sector 85,2.5,1829.0,3,3,3+,1 to 5 year old,0,high,1,high-rise
sector 85,2.55,1829.0,3,3,3+,0 to 1 year old,0,high,1,high-rise
sector 85,3.6,2600.0,4,4,3+,0 to 1 year old,1,high,2,high-rise
sector 107,2.0,2361.0,3,4,3+,1 to 5 year old,1,high,3,mid-rise
sector 67,5.3,2550.0,3,3,2,1 to 5 year old,1,medium,2,high-rise
sector 62,3.5,1508.0,2,2,2,0 to 1 year old,0,medium,2,high-rise
sector 89,1.71,1620.0,3,3,3,0 to 1 year old,0,high,1,low-rise
sector 92,1.4,1523.0,3,3,3,5 to 10 year old,0,medium,1,mid-rise
sector 37d,1.75,1775.0,3,3,3,1 to 5 year old,0,medium,0,mid-rise
sector 103,1.55,1423.0,2,2,2,1 to 5 year old,0,medium,1,mid-rise
sector 99a,2.0,1997.0,3,3,3,1 to 5 year old,1,medium,1,mid-rise
sector 108,1.9,1758.0,3,3,3,1 to 5 year old,1,medium,1,mid-rise
sector 102,1.95,1650.0,3,3,3,1 to 5 year old,1,medium,1,mid-rise
sector 89 a,1.65,1605.0,2,3,3,0 to 1 year old,1,high,1,mid-rise
sector 67,4.7,2433.0,3,3,3+,1 to 5 year old,0,high,1,high-rise
palam vihar,2.0,1785.0,3,3,3,5 to 10 year old,0,high,1,mid-rise
sector 28,9.5,4544.0,4,4,3+,10+ year old,1,high,2,mid-rise
sector 106,1.62,1760.0,3,4,3+,1 to 5 year old,1,high,2,high-rise
sector 89,1.59,1494.0,3,3,2,0 to 1 year old,0,medium,1,low-rise
sector 104,3.5,3479.0,3,3,3,1 to 5 year old,1,medium,1,high-rise
sector 81,1.86,1660.0,3,2,3+,5 to 10 year old,0,medium,1,mid-rise
sector 109,1.99,1750.0,3,3,3,1 to 5 year old,0,medium,2,high-rise
sector 62,5.3,2527.0,4,4,3+,1 to 5 year old,1,medium,2,high-rise
sector 107,2.25,2361.0,3,4,3+,1 to 5 year old,1,high,1,mid-rise
sector 66,4.09,1950.0,3,3,2,5 to 10 year old,1,medium,2,mid-rise
sector 37d,1.38,1604.0,3,3,3+,1 to 5 year old,0,medium,1,mid-rise
sector 85,1.77,2088.75,2,3,3+,1 to 5 year old,0,medium,2,high-rise
sector 22,7.5,3976.0,4,6,3+,1 to 5 year old,1,high,2,mid-rise
sector 79,2.75,2150.0,3,4,3,1 to 5 year old,1,high,2,mid-rise
sector 89 a,2.9,2650.0,3,4,3+,1 to 5 year old,1,high,2,mid-rise
sector 89 a,2.55,2150.0,3,4,3+,1 to 5 year old,1,medium,2,mid-rise
sector 99,2.45,2890.0,4,4,3+,1 to 5 year old,1,medium,3,mid-rise
sector 65,3.7,2004.0,3,4,3,0 to 1 year old,1,medium,2,high-rise
sector 99,2.1,2365.0,4,4,3+,1 to 5 year old,1,medium,2,mid-rise
sector 112,5.8,3685.0,3,5,2,0 to 1 year old,1,medium,2,high-rise
sector 65,5.85,2499.0,3,3,3+,1 to 5 year old,1,medium,2,high-rise
sector 112,7.95,6325.0,5,5,3+,0 to 1 year old,1,high,3,high-rise
sector 112,8.25,6325.0,5,5,3+,0 to 1 year old,1,high,3,high-rise
sector 111,3.55,2200.0,3,4,2,1 to 5 year old,1,high,2,mid-rise
sector 65,6.8,3363.0,3,3,3,1 to 5 year old,1,high,2,high-rise
sector 65,6.0,2979.0,3,3,3,1 to 5 year old,1,high,2,high-rise
sector 99,1.77,1970.0,3,3,3+,0 to 1 year old,1,high,2,mid-rise
sector 104,1.92,1550.0,2,2,2,1 to 5 year old,0,medium,3,high-rise
sector 102,3.7,3198.0,4,3,3+,0 to 1 year old,1,high,3,high-rise
sector 113,3.75,2870.0,3,4,3,1 to 5 year old,1,medium,2,high-rise
sector 102,3.15,2149.0,3,4,3+,1 to 5 year old,1,high,2,high-rise
sector 90,1.94,1755.0,3,3,3+,1 to 5 year old,0,medium,1,high-rise
sector 90,1.88,1930.0,3,3,3+,1 to 5 year old,1,medium,2,mid-rise
sector 70a,1.91,1420.0,2,2,3,1 to 5 year old,1,medium,1,mid-rise
sector 70a,2.85,1655.0,3,3,3+,1 to 5 year old,0,medium,2,high-rise
sector 82,1.45,1298.05,2,2,2,5 to 10 year old,0,high,2,mid-rise
sector 66,6.2,3150.0,3,5,2,1 to 5 year old,1,medium,3,mid-rise
sector 66,3.4,2100.0,4,4,3,1 to 5 year old,0,medium,3,mid-rise
sector 108,3.8,2003.0,3,4,3,1 to 5 year old,0,high,1,mid-rise
sector-33 sohna,2.32,1737.0,3,3,3,1 to 5 year old,0,high,2,low-rise
sector-33 sohna,2.12,1620.0,3,2,3,1 to 5 year old,0,high,2,low-rise
sector 86,2.25,1480.0,2,2,3,1 to 5 year old,0,high,1,mid-rise
sector-33 sohna,1.82,1737.0,3,3,3,1 to 5 year old,0,high,2,low-rise
sector 109,4.0,3150.0,4,5,3+,1 to 5 year old,1,medium,2,high-rise
sector 109,3.13,2585.0,3,4,3+,1 to 5 year old,1,high,2,high-rise
sector 109,4.15,3045.0,4,5,3+,5 to 10 year old,1,medium,2,mid-rise
sector 70a,0.685,1000.0,2,2,1,1 to 5 year old,0,medium,2,mid-rise
sector 70a,0.7025,1000.0,2,2,1,1 to 5 year old,0,medium,2,mid-rise
sector 70a,0.6975,1000.0,2,2,1,1 to 5 year old,0,medium,2,mid-rise
sector 70a,0.691,1000.0,2,2,1,1 to 5 year old,0,medium,2,mid-rise
sector 104,3.4,2450.0,3,4,3+,1 to 5 year old,1,medium,0,high-rise
sector 104,3.85,3150.0,4,4,3+,1 to 5 year old,1,high,1,high-rise
sector 102,2.45,2500.0,3,3,3+,1 to 5 year old,0,high,2,mid-rise
sector 102,3.73,3188.0,4,5,3+,5 to 10 year old,1,high,2,high-rise
sector 102,5.8,4548.0,4,5,3+,1 to 5 year old,1,high,3,high-rise
sector 102,3.22,2579.0,3,4,3+,1 to 5 year old,1,high,2,mid-rise
sector 102,3.0,2180.0,4,4,3+,1 to 5 year old,0,medium,2,high-rise
sector 102,2.51,1852.0,3,3,3+,1 to 5 year old,0,high,1,high-rise
sector 106,1.75,1760.0,3,4,3,5 to 10 year old,1,medium,1,high-rise
sector 111,3.75,2215.0,3,4,2,5 to 10 year old,0,high,2,mid-rise
sector 77,1.75,1450.0,3,4,3,1 to 5 year old,1,high,1,mid-rise
sector 95a,0.85,890.3399999999999,3,3,2,1 to 5 year old,0,medium,1,mid-rise
sector 95a,0.59,730.2633999999999,2,2,2,1 to 5 year old,0,medium,1,mid-rise
sector 56,2.7,2100.0,3,3,3+,10+ year old,0,medium,2,mid-rise
sector 77,1.85,1735.0,3,3,3+,1 to 5 year old,0,medium,0,mid-rise
sector 77,1.91,1735.0,3,3,3,1 to 5 year old,0,medium,1,mid-rise
sector 70a,0.69,873.3,2,2,2,1 to 5 year old,0,medium,2,mid-rise
sector 92,1.32,1207.0,3,2,3,1 to 5 year old,0,medium,2,low-rise
sector 66,6.2,3300.0,3,3,3,1 to 5 year old,0,medium,2,mid-rise
sector 37d,1.68,1800.0,3,3,3,0 to 1 year old,0,medium,2,mid-rise
sector 59,6.0,2595.0,3,3,3,1 to 5 year old,1,medium,3,high-rise
sector 77,2.05,1917.0,3,3,3,1 to 5 year old,1,medium,1,mid-rise
sector 67,4.21,2358.0,3,4,3,1 to 5 year old,1,medium,3,mid-rise
sector 67,5.6,3341.0,4,5,3,1 to 5 year old,1,medium,4,mid-rise
dlf phase 4,3.65,2414.0,3,3,2,10+ year old,1,medium,3,mid-rise
sector 82a,3.9,2273.0,4,4,3+,1 to 5 year old,0,medium,3,high-rise
sector 67a,2.0,1484.0,2,2,2,1 to 5 year old,0,medium,2,mid-rise
sector 67a,2.48,1727.0,3,3,2,1 to 5 year old,0,medium,2,mid-rise
sector 67a,2.6,1877.0,3,3,2,1 to 5 year old,0,medium,2,mid-rise
sector 90,2.4,2750.0,4,5,2,1 to 5 year old,1,high,2,mid-rise
sector 65,3.8,2804.5,4,4,3,1 to 5 year old,1,medium,2,low-rise
sector 60,3.99,2045.0,3,4,3+,1 to 5 year old,1,medium,3,high-rise
sector 67,5.8,3297.0,4,4,3,1 to 5 year old,1,medium,2,high-rise
sector 67,4.8,2400.0,3,4,3,1 to 5 year old,1,medium,2,mid-rise
sector 65,3.8,2004.0,3,3,3,1 to 5 year old,1,medium,2,high-rise
sector 65,2.99,2000.0,3,3,3,1 to 5 year old,0,high,1,mid-rise
sector 93,0.62,823.5999999999999,2,2,2,1 to 5 year old,0,medium,1,mid-rise
sector 95a,0.85,915.9,3,2,2,1 to 5 year old,0,low,1,mid-rise
sector 95a,0.6,809.4,2,2,2,1 to 5 year old,0,medium,1,mid-rise
sector 95a,0.61,730.2633999999999,2,2,2,1 to 5 year old,0,low,0,mid-rise
sector 95a,0.65,950.0,2,2,2,1 to 5 year old,0,low,1,mid-rise
sector 70,2.55,1950.0,3,4,3,1 to 5 year old,0,medium,0,mid-rise
uppals southend,3.1,2082.0,3,3,3+,5 to 10 year old,1,high,1,mid-rise
sector 51,2.7,2500.0,3,3,3+,5 to 10 year old,0,medium,2,mid-rise
sector 3,1.4,1444.0,2,2,3,1 to 5 year old,0,medium,1,mid-rise
sector 106,1.9,1500.0,2,2,3,0 to 1 year old,0,medium,1,high-rise
sector 106,3.1,2002.0,3,3,3+,0 to 1 year old,0,medium,1,high-rise
sector 89 a,1.77,1605.0,2,2,2,0 to 1 year old,1,medium,1,mid-rise
sector 86,2.4,1929.0,3,3,1,1 to 5 year old,0,high,2,mid-rise
sector 86,2.25,1929.0,3,3,1,1 to 5 year old,0,high,2,mid-rise
sector 93,0.65,819.4961999999999,2,2,3,1 to 5 year old,0,medium,1,mid-rise
sector 95,1.27,2070.0,3,4,3+,1 to 5 year old,1,high,1,mid-rise
sector 90,2.49,2364.0,4,4,3+,1 to 5 year old,1,high,2,mid-rise
sector 49,4.55,2400.0,4,4,3+,5 to 10 year old,1,high,1,mid-rise
sector 93,1.73,1805.0,3,4,3+,1 to 5 year old,0,high,1,mid-rise
sector 49,5.65,2999.18,4,5,3,5 to 10 year old,1,high,2,mid-rise
sector 49,3.85,2252.84,3,4,3+,5 to 10 year old,1,high,1,low-rise
sector 49,4.25,2412.0,3,4,3+,5 to 10 year old,1,high,2,mid-rise
sector 49,3.3,1881.15,3,3,3,5 to 10 year old,0,high,2,mid-rise
sector 86,2.4,1929.0,3,3,1,1 to 5 year old,0,high,2,mid-rise
sector 86,2.41,1929.0,3,3,1,1 to 5 year old,0,medium,2,mid-rise
sohna,1.35,1425.0,2,2,3,1 to 5 year old,0,high,1,mid-rise
sohna,1.0,950.0,1,1,1,0 to 1 year old,0,medium,1,mid-rise
sohna,1.8,1845.0,3,3,3,0 to 1 year old,1,high,2,mid-rise
sohna,1.25,1275.0,2,2,2,1 to 5 year old,0,medium,1,mid-rise
sohna,2.25,1960.0,3,3,2,1 to 5 year old,1,medium,2,mid-rise
sohna,2.0,1776.0,3,3,2,0 to 1 year old,0,medium,2,mid-rise
sector 68,2.0,1483.0,3,2,3,1 to 5 year old,0,medium,2,high-rise
sector 86,2.03,1930.0,3,4,3,1 to 5 year old,1,medium,1,mid-rise
sector 86,2.0,1930.0,3,4,3,0 to 1 year old,1,high,1,mid-rise
sector 83,2.3,1720.0,3,3,3,1 to 5 year old,1,high,1,mid-rise
sector 83,2.6,1900.0,3,4,3,1 to 5 year old,1,high,1,mid-rise
sector 68,1.62,1245.0,2,2,3,1 to 5 year old,0,medium,2,mid-rise
sector 99,2.25,1865.0,3,3,3,1 to 5 year old,1,medium,2,mid-rise
sector 72,1.85,1755.0,2,3,3+,5 to 10 year old,1,high,1,mid-rise
sector 48,7.49,2719.0,3,3,3,1 to 5 year old,1,high,3,mid-rise
sector 48,7.75,2464.0,3,3,3,5 to 10 year old,1,medium,3,mid-rise
tikri,4.99,1700.0,3,3,2,1 to 5 year old,0,high,2,mid-rise
sector 69,2.4,1704.0,3,3,3,0 to 1 year old,0,high,1,high-rise
tikri,4.95,1869.0,3,3,3,5 to 10 year old,0,high,2,mid-rise
sector 92,1.05,1000.0,2,2,2,1 to 5 year old,0,medium,1,low-rise
sector 28,9.75,3843.0,4,5,3,10+ year old,1,high,2,mid-rise
sector 92,0.65,839.2199999999999,2,2,1,5 to 10 year old,0,medium,1,mid-rise
sector 92,0.95,1420.0,2,2,2,5 to 10 year old,0,medium,2,low-rise
sector 48,15.0,3931.0,4,4,3+,5 to 10 year old,1,high,2,mid-rise
sector 56,2.15,1810.0,3,2,3,10+ year old,0,medium,2,mid-rise
sector 91,1.9,1862.0,3,3,3+,1 to 5 year old,0,high,1,mid-rise
sector 91,1.42,1404.0,2,2,3+,1 to 5 year old,0,high,1,mid-rise
sector 86,2.32,1929.0,3,3,3+,1 to 5 year old,0,high,2,mid-rise
sector 81,1.8,1645.0,3,2,2,1 to 5 year old,0,medium,2,mid-rise
sector 57,3.6,2587.0,3,4,3+,10+ year old,1,high,1,mid-rise
sector 65,3.3,1828.0,3,3,3,0 to 1 year old,0,high,1,high-rise
sector 66,3.85,1950.0,3,3,2,1 to 5 year old,1,high,2,mid-rise
sector 82,2.28,2160.0,3,3,3,5 to 10 year old,1,high,1,mid-rise
sector 70a,0.728,887.5,2,2,2,1 to 5 year old,0,medium,1,mid-rise
sector 99,1.72,1865.0,3,3,2,1 to 5 year old,0,high,3,mid-rise
sector 99,1.81,1970.0,3,4,2,1 to 5 year old,1,high,2,mid-rise
sector 99,1.8,1970.0,3,4,2,1 to 5 year old,1,high,2,mid-rise
sector 99,2.46,2890.0,4,4,1,1 to 5 year old,1,high,2,mid-rise
sector-33 sohna,2.16,2134.0,3,3,3+,1 to 5 year old,0,high,2,mid-rise
sector-33 sohna,2.22,1590.0,3,3,3+,1 to 5 year old,0,high,2,mid-rise
sector 81,5.5,4200.0,4,6,3+,1 to 5 year old,1,medium,0,high-rise
sector 1 imt manesar,1.45,2050.0,3,3,2,5 to 10 year old,0,medium,1,mid-rise
sector 47,1.23,900.0,2,2,2,10+ year old,0,medium,0,mid-rise
sector 106,2.79,1855.0,3,3,3+,0 to 1 year old,0,medium,2,high-rise
sector 91,2.4,2320.0,3,3,2,1 to 5 year old,1,medium,2,mid-rise
sector 70a,0.675,836.0,2,2,1,1 to 5 year old,0,medium,0,mid-rise
sector 37d,1.94,1760.0,3,3,3+,1 to 5 year old,0,high,1,mid-rise
sector 108,1.85,1758.0,3,3,3+,1 to 5 year old,0,high,2,mid-rise
sector 108,1.2,1422.0,2,2,2,1 to 5 year old,0,high,2,mid-rise
sector 109,2.1,1750.0,3,3,3+,1 to 5 year old,0,high,2,high-rise
sector 112,5.0,3763.0,3,5,2,1 to 5 year old,1,medium,4,high-rise
sector 109,1.75,1871.0,3,3,3+,1 to 5 year old,0,medium,2,mid-rise
sector 69,2.65,2400.0,4,5,3+,1 to 5 year old,1,medium,2,mid-rise
sector 69,3.0,2010.0,4,4,2,1 to 5 year old,0,medium,2,mid-rise
sector 103,1.24,1450.0,2,3,3+,5 to 10 year old,1,medium,1,mid-rise
dlf phase 5,3.25,1343.0,3,3,2,5 to 10 year old,0,medium,1,mid-rise
sector 102,3.6,3198.0,4,4,3+,1 to 5 year old,1,medium,2,high-rise
sector 108,1.83,1758.0,3,3,3+,1 to 5 year old,0,medium,2,mid-rise
sector 106,1.42,1385.0,2,2,3+,1 to 5 year old,0,medium,2,high-rise
sector 37d,2.49,2312.0,3,4,3+,1 to 5 year old,1,high,1,mid-rise
sector 104,2.65,2290.0,3,4,3+,1 to 5 year old,1,medium,2,high-rise
sector 106,2.6,1614.54,3,3,3,0 to 1 year old,0,high,2,high-rise
sector 90,2.59,2727.0,4,4,3+,5 to 10 year old,1,high,2,high-rise
sector 91,1.85,1862.0,3,3,3+,1 to 5 year old,0,medium,1,mid-rise
sector 90,2.05,1860.0,3,3,3+,1 to 5 year old,0,medium,1,mid-rise
sector 90,2.38,2364.0,4,4,3+,5 to 10 year old,1,high,2,mid-rise
sector 91,1.9,1862.0,3,3,3+,1 to 5 year old,0,medium,1,mid-rise
sector 90,1.9,2740.6,3,3,3+,5 to 10 year old,1,medium,1,mid-rise
sector 90,2.0,1778.0,3,3,3+,5 to 10 year old,0,medium,1,high-rise
sector 90,1.95,1726.0,3,3,2,1 to 5 year old,0,high,1,high-rise
sector 91,2.0,1930.0,3,3,3+,1 to 5 year old,1,medium,1,mid-rise
sector 90,2.65,2727.0,4,4,3+,1 to 5 year old,1,medium,2,mid-rise
sector 86,2.2,1931.0,3,3,3+,1 to 5 year old,0,high,2,mid-rise
sector 86,2.15,1930.0,3,3,3+,1 to 5 year old,0,high,2,mid-rise
sector 90,1.9,1930.0,3,3,3+,1 to 5 year old,1,medium,1,mid-rise
sector 90,1.88,1930.0,3,3,3+,1 to 5 year old,1,medium,1,mid-rise
sector 86,2.35,2356.0,4,4,3+,1 to 5 year old,1,medium,1,mid-rise
sector 86,2.55,2356.0,4,4,3+,1 to 5 year old,1,medium,2,mid-rise
sector 67a,2.3,2410.0,3,3,3,5 to 10 year old,1,medium,2,mid-rise
sector 70a,0.675,836.0,2,2,1,1 to 5 year old,0,medium,0,mid-rise
sector 99,2.07,1970.0,3,4,2,1 to 5 year old,1,medium,2,mid-rise
sector 37d,1.4,1604.0,3,3,3+,0 to 1 year old,0,high,2,mid-rise
sector 70a,0.71,994.0,2,2,1,1 to 5 year old,1,low,1,mid-rise
sector 70a,0.68,839.4329999999999,2,2,1,1 to 5 year old,0,low,1,mid-rise
sector 70a,0.685,849.9125999999999,2,2,0,1 to 5 year old,0,medium,1,mid-rise
sector 70a,0.69,849.9125999999999,2,2,1,1 to 5 year old,0,low,1,mid-rise
sector 81,1.38,1560.0,3,3,3,5 to 10 year old,0,medium,1,mid-rise
sector 81,1.0,1250.0,2,2,2,5 to 10 year old,0,medium,1,mid-rise
sector 84,3.0,3193.0,3,5,3+,1 to 5 year old,1,medium,0,mid-rise
sector 84,2.95,3193.0,3,5,3+,1 to 5 year old,1,medium,1,mid-rise
sector 84,2.18,2275.0,3,4,3+,1 to 5 year old,1,medium,1,mid-rise
sector 84,2.99,3193.0,3,5,3+,1 to 5 year old,1,medium,2,mid-rise
chakkarpur,4.29,3200.0,4,4,3,10+ year old,1,medium,1,mid-rise
sector 83,1.95,1735.0,3,3,2,5 to 10 year old,0,high,2,mid-rise
sector 83,2.15,1980.0,3,3,3,5 to 10 year old,1,high,2,mid-rise
sector 83,1.7,1755.0,3,3,2,1 to 5 year old,0,high,1,mid-rise
sector 79,3.0,2150.0,3,4,3,0 to 1 year old,1,medium,1,mid-rise
sector 83,1.35,1355.0,2,2,2,5 to 10 year old,0,high,1,mid-rise
sector 91,1.3,1404.0,2,2,3,1 to 5 year old,0,high,2,mid-rise
sector 81,0.64,617.0,2,2,1,1 to 5 year old,0,medium,1,mid-rise
sector 82a,3.72,2306.0,4,4,3,1 to 5 year old,0,high,2,mid-rise
sector 113,1.96,1330.0,2,2,3,1 to 5 year old,0,medium,2,high-rise
sector 95a,0.78,1000.0,3,2,2,1 to 5 year old,0,medium,1,mid-rise
sector 84,1.5,1825.0,3,3,3,1 to 5 year old,0,medium,1,mid-rise
sector 65,6.99,2955.0,4,5,3+,1 to 5 year old,1,medium,2,high-rise
sector 69,2.35,1700.0,3,3,3+,0 to 1 year old,0,high,1,high-rise
sector 66,4.19,2410.0,4,4,3,1 to 5 year old,1,medium,2,mid-rise
sector 65,8.6,3510.0,4,4,3+,1 to 5 year old,1,high,3,high-rise
sector 65,13.0,5092.0,4,4,3+,1 to 5 year old,1,high,4,high-rise
sector 83,1.85,1735.0,3,3,2,1 to 5 year old,0,medium,1,mid-rise
sector 109,2.45,2150.0,3,4,3+,1 to 5 year old,1,medium,2,high-rise
sector 3,2.43,2800.0,4,4,3+,0 to 1 year old,1,medium,2,mid-rise
sector 67,4.5,2382.0,3,3,2,5 to 10 year old,1,high,2,high-rise
sector 3,2.35,2800.0,4,4,3,0 to 1 year old,1,medium,2,mid-rise
sector 3,1.82,2950.76,3,3,3+,0 to 1 year old,0,medium,1,mid-rise
sector 65,3.28,1828.0,3,3,3,0 to 1 year old,0,medium,1,high-rise
sector 54,13.5,3123.0,4,6,3,1 to 5 year old,1,medium,2,high-rise
sector 60,4.25,2575.0,3,4,3,5 to 10 year old,1,high,1,mid-rise
sector 90,0.76,690.0,2,2,1,1 to 5 year old,0,high,1,mid-rise
sector 3,1.82,2080.0,3,3,3,0 to 1 year old,0,medium,1,mid-rise
sector 89,1.6,1778.75,3,3,2,0 to 1 year old,0,medium,1,low-rise
sector 79,2.0,1620.0,3,3,3,1 to 5 year old,0,high,1,high-rise
sector 79,2.37,1815.0,3,4,3,1 to 5 year old,1,high,1,high-rise
sector 65,8.1,3909.0,3,3,1,1 to 5 year old,0,high,1,high-rise
sector 111,3.5,2215.0,3,4,2,1 to 5 year old,1,high,2,mid-rise
sector-33 sohna,1.3,1860.2,2,2,3,0 to 1 year old,0,high,1,high-rise
sector 82,1.57,1430.0,3,3,3,1 to 5 year old,0,high,1,high-rise
sector 37d,1.57,1775.0,3,3,3,1 to 5 year old,0,medium,0,mid-rise
sector 79,2.45,1815.0,3,4,3,1 to 5 year old,1,high,2,high-rise
sector 102,2.25,1689.0,3,3,2,1 to 5 year old,0,medium,1,high-rise
sector 70,3.0,3408.0,4,4,3+,1 to 5 year old,0,medium,2,mid-rise
sector-33 sohna,3.55,2600.0,4,4,2,0 to 1 year old,1,high,1,mid-rise
sector 70a,3.0,2150.0,3,4,3+,5 to 10 year old,1,medium,1,mid-rise
sector 110,5.7,3880.0,5,5,3,1 to 5 year old,1,high,2,mid-rise
sector-33 sohna,3.83,2600.0,4,4,3+,1 to 5 year old,1,high,2,mid-rise
sector 108,4.15,2072.0,3,3,2,1 to 5 year old,0,high,2,high-rise
sector 102,2.3,1689.0,3,3,3,1 to 5 year old,0,high,1,high-rise
sector-33 sohna,3.83,2600.0,4,4,3+,1 to 5 year old,1,high,2,mid-rise
sector 83,1.33,1340.0,3,3,3,5 to 10 year old,0,high,1,mid-rise
sector 109,3.1,2585.0,3,4,3+,1 to 5 year old,1,high,2,high-rise
sector 86,2.4,1929.0,3,3,3,1 to 5 year old,0,high,2,mid-rise
sector 82a,3.0,1818.0,3,3,3+,1 to 5 year old,0,high,2,high-rise
sector 59,8.74,3976.0,4,5,2,1 to 5 year old,1,medium,2,high-rise
sector 81,4.8,3050.0,4,4,3+,1 to 5 year old,1,medium,3,high-rise
sector 84,1.1,1350.0,2,2,2,1 to 5 year old,0,medium,1,mid-rise
sector 63a,4.9,2062.0,4,4,3+,under construction,1,high,2,low-rise
sector 77,1.77,1450.0,3,3,3,1 to 5 year old,1,medium,1,mid-rise
sector 99,2.15,2150.0,3,3,3,0 to 1 year old,1,medium,1,mid-rise
sector 92,1.66,2040.0,4,4,3,1 to 5 year old,1,medium,1,mid-rise
sector 93,0.8,910.717,3,2,2,1 to 5 year old,0,medium,1,mid-rise
sector 111,2.45,2102.0,3,3,2,0 to 1 year old,0,medium,2,mid-rise
nirvana country,4.7,3309.0,4,4,3,5 to 10 year old,1,high,3,mid-rise
sector 61,2.66,2314.6,3,3,2,0 to 1 year old,0,high,2,low-rise
sector 36a,2.6,1479.0,2,2,2,0 to 1 year old,0,medium,1,high-rise
sector 36a,4.6,2538.0,3,3,3,0 to 1 year old,0,medium,2,high-rise
sector 36a,2.58,1479.0,2,2,3,0 to 1 year old,0,medium,1,high-rise
sector 36a,4.63,2538.0,3,3,3,0 to 1 year old,1,medium,2,high-rise
sector 36a,3.55,2437.5,3,3,3,0 to 1 year old,0,medium,2,high-rise
sector 36a,3.6,2458.75,3,3,3,0 to 1 year old,0,medium,2,high-rise
sector 106,4.16,3400.0,4,4,3,0 to 1 year old,0,medium,2,high-rise
sector 106,3.09,2503.75,3,3,3,0 to 1 year old,1,medium,2,high-rise
sector 108,4.0,2072.0,3,3,2,1 to 5 year old,0,high,2,high-rise
sector 36a,3.8,2130.0,3,3,3,0 to 1 year old,0,medium,3,high-rise
sector 99a,2.0,1997.0,3,5,3,1 to 5 year old,1,high,2,mid-rise
sector 66,3.49,2052.0,4,4,3,5 to 10 year old,1,high,2,mid-rise
sector 3,1.85,2080.0,3,3,3,0 to 1 year old,0,medium,2,mid-rise
sector 104,3.3,2450.0,3,4,3+,1 to 5 year old,1,medium,1,high-rise
sector 84,1.42,1270.0,2,2,3+,1 to 5 year old,0,medium,1,high-rise
sector 65,3.8,2054.0,3,3,3,1 to 5 year old,1,high,2,high-rise
sector 104,2.65,2290.0,3,4,3+,1 to 5 year old,1,medium,2,high-rise
sector 102,5.8,4548.0,4,5,3+,1 to 5 year old,1,medium,2,high-rise
sector 108,2.38,1381.0,2,2,2,1 to 5 year old,0,high,1,high-rise
sector 49,1.74,1296.0,2,2,3,5 to 10 year old,0,medium,1,mid-rise
nirvana country,4.7,3309.0,4,4,3,5 to 10 year old,1,high,2,mid-rise
sector 102,1.74,1215.0,2,2,3,0 to 1 year old,0,medium,2,high-rise
sector 106,1.76,1900.0,3,4,3,1 to 5 year old,1,high,1,high-rise
nawada fatehpur,2.5,2364.0,4,3,3,1 to 5 year old,0,medium,2,mid-rise
sector 63a,5.5,3842.0,4,4,3,0 to 1 year old,1,medium,3,low-rise
sector 37d,1.28,1675.0,3,3,3+,1 to 5 year old,0,medium,0,mid-rise
sector 81,3.99,3185.0,4,5,3,1 to 5 year old,1,medium,2,mid-rise
sector 113,2.35,1580.0,2,2,2,1 to 5 year old,0,medium,2,mid-rise
sector 113,2.57,1580.0,2,2,2,1 to 5 year old,0,medium,2,mid-rise
sector 91,2.75,2724.0,4,4,3,1 to 5 year old,1,high,5,mid-rise
sector 84,1.9,2025.0,3,3,2,1 to 5 year old,1,medium,1,mid-rise
sector 70a,0.85,711.42,2,2,2,1 to 5 year old,0,medium,0,mid-rise
sector 65,3.6,1932.0,3,2,3,0 to 1 year old,1,high,1,high-rise
sector 99a,1.9,1997.0,3,5,3,1 to 5 year old,1,high,2,mid-rise
dlf phase 4,2.16,1150.0,2,2,2,10+ year old,0,high,1,high-rise
sector 59,7.2,2985.0,3,4,3,1 to 5 year old,1,high,2,high-rise
sector 58,5.3,2164.0,3,4,3,1 to 5 year old,1,high,3,high-rise
sector 109,2.05,1750.0,3,3,3+,1 to 5 year old,0,medium,2,high-rise
sector 86,2.29,1929.0,3,3,1,1 to 5 year old,0,medium,2,mid-rise
sector 88a,2.25,1910.0,3,3,3+,1 to 5 year old,0,high,2,high-rise
sector 106,1.6,1760.0,3,4,3+,1 to 5 year old,1,medium,2,high-rise
sector 106,1.89,2355.0,4,5,3,5 to 10 year old,1,medium,2,high-rise
sector 37d,1.25,2005.0,3,3,3,1 to 5 year old,0,high,0,mid-rise
sector 83,2.7,1900.0,3,4,3,1 to 5 year old,1,medium,2,mid-rise
sector 83,2.5,1900.0,3,3,3+,1 to 5 year old,1,medium,2,mid-rise
sector 81,3.49,2660.0,3,5,3+,1 to 5 year old,1,high,2,mid-rise
sector 86,2.3,1929.0,3,3,1,1 to 5 year old,0,medium,2,mid-rise
sector 59,5.5,2295.0,3,4,3+,0 to 1 year old,1,medium,0,high-rise
sector 104,3.6,3150.0,4,4,3,1 to 5 year old,1,high,2,high-rise
sector 60,5.5,2800.0,4,4,3,1 to 5 year old,1,high,2,high-rise
sector 83,1.9,1735.0,3,3,2,5 to 10 year old,0,medium,1,mid-rise
sector 82a,2.73,1818.0,3,3,3+,5 to 10 year old,0,medium,1,high-rise
sector 99,1.95,1685.0,3,3,3+,1 to 5 year old,0,high,1,high-rise
sector 68,1.6,1260.0,2,2,2,1 to 5 year old,0,high,2,mid-rise
sector 67,2.8,1935.0,3,4,3,0 to 1 year old,1,medium,4,mid-rise
sector 65,5.24,2499.0,3,3,3,1 to 5 year old,1,medium,2,high-rise
sector 60,5.4,2800.0,4,5,3,5 to 10 year old,1,medium,2,high-rise
sector 65,3.79,2804.5,4,4,3+,1 to 5 year old,1,medium,2,low-rise
sector 69,2.42,1704.0,3,3,3,0 to 1 year old,0,medium,2,high-rise
nirvana country,4.3,2480.0,3,4,3+,5 to 10 year old,1,high,2,mid-rise
sector 67,4.25,2650.0,4,4,3+,5 to 10 year old,1,medium,2,mid-rise
sector 91,2.99,2727.0,4,4,3+,5 to 10 year old,1,high,2,mid-rise
sector 82a,2.8,1818.0,3,3,3+,1 to 5 year old,0,medium,2,high-rise
sector 82a,4.25,2606.0,4,4,3+,1 to 5 year old,1,high,2,mid-rise
sector 82a,3.85,2308.0,4,4,3+,1 to 5 year old,0,high,2,high-rise
sector 102,2.92,2400.0,4,4,3+,0 to 1 year old,0,medium,2,high-rise
sector 28,13.0,8000.0,5,5,3+,1 to 5 year old,1,high,5,mid-rise
sector 48,3.77,1418.0,2,2,3,1 to 5 year old,0,high,2,mid-rise
tikri,4.9,1869.0,3,3,3,5 to 10 year old,0,medium,0,mid-rise
tikri,8.0,2719.0,3,3,3,5 to 10 year old,1,medium,2,mid-rise
sector 81,3.7,2103.0,3,3,3+,1 to 5 year old,1,medium,2,high-rise
sector 82a,2.9,1799.0,3,3,3+,1 to 5 year old,0,medium,0,high-rise
sector-33 sohna,2.05,2695.16,3,3,3+,0 to 1 year old,0,medium,0,mid-rise
sector 102,2.6,1889.0,3,3,3,1 to 5 year old,1,high,1,high-rise
sector 69,2.75,2400.0,4,5,3+,1 to 5 year old,1,medium,2,mid-rise
sector 67,3.3,1935.0,3,4,3+,5 to 10 year old,1,high,2,mid-rise
sector 102,2.65,1852.0,3,3,3,0 to 1 year old,0,high,2,high-rise
sector 109,2.68,2095.0,3,4,3,1 to 5 year old,1,medium,2,mid-rise
sector 81,3.4,2660.0,3,4,3+,1 to 5 year old,1,high,2,mid-rise
sector 52,2.55,2120.0,3,4,3+,10+ year old,1,medium,2,mid-rise
sector 83,1.95,1733.0,3,3,3,5 to 10 year old,0,medium,0,mid-rise
sector 54,7.0,1983.0,3,3,3+,5 to 10 year old,1,medium,2,high-rise
sector 66,6.4,3300.0,3,3,3+,1 to 5 year old,1,medium,2,mid-rise
sector 83,1.7,1740.0,3,3,3,1 to 5 year old,0,medium,2,mid-rise
sector 84,1.18,1687.5,2,2,3+,5 to 10 year old,0,medium,1,mid-rise
sector 91,1.35,1404.0,2,2,3,1 to 5 year old,0,medium,1,mid-rise
sector 85,1.76,1640.0,2,2,3,1 to 5 year old,0,medium,1,high-rise
sector 86,2.25,1480.0,2,2,3,5 to 10 year old,0,medium,1,mid-rise
sector 86,3.55,2285.0,3,4,3+,1 to 5 year old,1,medium,1,mid-rise
sector 83,2.65,2375.0,3,4,3+,1 to 5 year old,1,medium,1,mid-rise
sector 84,1.24,1415.0,2,2,2,5 to 10 year old,0,medium,2,mid-rise
sector 108,3.85,2003.0,3,4,2,0 to 1 year old,0,high,2,high-rise
sector 111,3.6,2200.0,3,4,2,5 to 10 year old,1,high,2,mid-rise
sector 37d,1.4,1604.0,3,3,3+,1 to 5 year old,0,medium,1,mid-rise
sector 84,2.75,2244.0,3,3,3+,5 to 10 year old,1,medium,0,high-rise
sector 37d,1.5,1800.0,3,3,3+,1 to 5 year old,0,medium,1,mid-rise
sector 84,1.8,1750.0,3,3,3,1 to 5 year old,1,high,2,mid-rise
sector 66,3.21,1872.0,3,3,3,1 to 5 year old,1,medium,3,high-rise
sector 104,2.0,1550.0,2,2,2,1 to 5 year old,0,high,2,high-rise
sector 66,3.5,2004.0,4,3,3,1 to 5 year old,1,medium,2,mid-rise
sector 107,1.29,1366.0,2,2,3+,1 to 5 year old,0,high,2,mid-rise
sector 37d,1.41,1675.0,3,3,3+,1 to 5 year old,0,high,1,mid-rise
sector 37d,1.1,1380.0,2,2,3,1 to 5 year old,0,high,2,mid-rise
sector 67,4.3,2685.0,4,4,3+,5 to 10 year old,1,high,1,mid-rise
sector 81,4.4,3470.0,4,6,3+,1 to 5 year old,1,medium,2,mid-rise
sector 81,3.45,2660.0,3,4,3+,1 to 5 year old,1,medium,2,mid-rise
sector 84,2.5,2250.0,3,3,3,1 to 5 year old,1,medium,0,mid-rise
sector 67,2.75,1470.0,2,2,3,1 to 5 year old,0,high,2,high-rise
dlf phase 2,4.58,2245.0,4,4,3,10+ year old,1,medium,1,mid-rise
sector 108,2.7,1381.0,2,2,2,1 to 5 year old,0,medium,1,high-rise
sector 66,3.9,2764.0,4,4,3,1 to 5 year old,1,low,0,mid-rise
sector 102,2.55,1889.0,3,3,3,1 to 5 year old,1,high,2,high-rise
sector 104,1.95,1550.0,2,2,2,1 to 5 year old,0,medium,1,high-rise
sector 59,10.0,3625.0,4,4,1,5 to 10 year old,1,high,3,high-rise
sector 107,1.75,1943.0,3,3,3,1 to 5 year old,0,low,1,mid-rise
sector 59,4.6,2095.0,3,3,3,1 to 5 year old,1,high,2,high-rise
sector 99,4.25,3360.0,4,4,3,0 to 1 year old,1,high,0,mid-rise
dlf phase 5,9.0,2610.0,4,4,3,5 to 10 year old,1,high,2,mid-rise
sector 85,2.7,2408.0,3,4,3,1 to 5 year old,1,medium,2,high-rise
sector 66,3.9,1950.0,3,3,2,5 to 10 year old,0,medium,2,mid-rise
sector 91,1.35,1310.0,2,2,2,1 to 5 year old,0,high,1,mid-rise
sector 84,2.27,2250.0,3,4,3,5 to 10 year old,1,high,2,mid-rise
sector 65,11.85,5219.0,4,5,3+,1 to 5 year old,1,medium,5,high-rise
sector 65,3.67,2040.0,3,3,3+,0 to 1 year old,1,high,1,high-rise
sector 99,2.27,2425.0,4,4,3+,1 to 5 year old,1,high,2,mid-rise
sector 99,1.9,1865.0,3,3,2,1 to 5 year old,0,high,1,mid-rise
sector 99,1.93,1970.0,3,4,2,1 to 5 year old,1,high,1,mid-rise
sohna,0.88,1313.5,4,4,2,5 to 10 year old,0,medium,2,mid-rise
sector 99,3.75,3500.0,4,4,3+,1 to 5 year old,1,high,2,mid-rise
sector 92,1.45,1628.0,3,4,3+,1 to 5 year old,1,medium,1,mid-rise
sector 65,3.85,2916.68,3,3,2,0 to 1 year old,0,medium,0,high-rise
sector 70a,3.5,2150.0,3,3,3,1 to 5 year old,0,high,3,high-rise
